algorithm_config_hash,assigned_count,completed,completed_by_agent,completed_seconds,completed_step,completion_quality,condition,deadline_seconds,deadline_step,demand_kg,failed,failed_reason,failed_step,family,final_status,first_assigned_step,first_service_step,formal_lb_id,fulfilled_mass_kg,last_assigned_step,lifeline_final,lifeline_init,method,nearest_truck_distance_start,nearest_uav_or_truck_distance_start,on_time,public_environment_hash,remaining_demand_kg,remaining_lifeline_at_service,scenario,seed,service_start_count,task_class,task_id,task_kind,truck_reachable,uav_eventual_serviceable,urgency_score
90171fbe6c43d824744bf74c21cfb67be192844fb30442991e2a129a5952d714,0,1,truck_2,2300.0,115,1.0,suffix_local,19200.0,960,800.0,0,,-1,E4,delivered,-1,115,LB-v1-20260822,800.0,-1,87.25443852135479,100.0,ER-HLNS-parallel-rescue,4712.939965300228,4712.939965300228,1,16843334a0974404f1c02bc2ae8ae627f60ccc0e5280a3eceff2741982ce7a9f,0.0,87.25443852135479,LB,100,1,routine_bulk,task_routine_bulk_0,normal,1,0,0.5914487685478238
90171fbe6c43d824744bf74c21cfb67be192844fb30442991e2a129a5952d714,0,1,truck_3,840.0,42,1.0,suffix_local,20400.0,1020,800.0,0,,-1,E4,delivered,-1,42,LB-v1-20260822,800.0,-1,96.22981873500012,100.0,ER-HLNS-parallel-rescue,2651.3638511663926,2651.3638511663926,1,16843334a0974404f1c02bc2ae8ae627f60ccc0e5280a3eceff2741982ce7a9f,0.0,96.22981873500012,LB,100,1,routine_bulk,task_routine_bulk_1,normal,1,0,0.328770105116882
90171fbe6c43d824744bf74c21cfb67be192844fb30442991e2a129a5952d714,0,0,None,-1.0,-1,0.0,suffix_local,21600.0,1080,800.0,1,lifeline_zero,935,E4,failed,-1,-1,LB-v1-20260822,0.0,-1,0.0,100.0,ER-HLNS-parallel-rescue,9455.797786582447,9455.797786582447,0,16843334a0974404f1c02bc2ae8ae627f60ccc0e5280a3eceff2741982ce7a9f,800.0,0.0,LB,100,0,routine_bulk,task_routine_bulk_2,normal,1,0,0.5197299581475797
90171fbe6c43d824744bf74c21cfb67be192844fb30442991e2a129a5952d714,17,1,truck_0,5000.0,250,1.0,suffix_local,22800.0,1140,800.0,0,,-1,E4,delivered,217,250,LB-v1-20260822,800.0,249,75.5651930696312,100.0,ER-HLNS-parallel-rescue,7467.100925813267,7467.100925813267,1,16843334a0974404f1c02bc2ae8ae627f60ccc0e5280a3eceff2741982ce7a9f,0.0,75.5651930696312,LB,100,1,routine_bulk,task_routine_bulk_3,normal,1,0,0.363407140663305
90171fbe6c43d824744bf74c21cfb67be192844fb30442991e2a129a5952d714,72,1,truck_1,4340.0,217,1.0,suffix_local,24000.0,1200,800.0,0,,-1,E4,delivered,108,217,LB-v1-20260822,800.0,216,82.28684922005918,100.0,ER-HLNS-parallel-rescue,4256.447388010565,4256.447388010565,1,16843334a0974404f1c02bc2ae8ae627f60ccc0e5280a3eceff2741982ce7a9f,0.0,82.28684922005918,LB,100,1,routine_bulk,task_routine_bulk_4,normal,1,0,0.2526593582373026
90171fbe6c43d824744bf74c21cfb67be192844fb30442991e2a129a5952d714,0,1,truck_2,2100.0,105,1.0,suffix_local,25200.0,1260,800.0,0,,-1,E4,delivered,-1,105,LB-v1-20260822,800.0,-1,91.80147945709251,100.0,ER-HLNS-parallel-rescue,4838.850094689374,4838.850094689374,1,16843334a0974404f1c02bc2ae8ae627f60ccc0e5280a3eceff2741982ce7a9f,0.0,91.80147945709251,LB,100,1,routine_bulk,task_routine_bulk_5,normal,1,0,0.23296054817545986
90171fbe6c43d824744bf74c21cfb67be192844fb30442991e2a129a5952d714,0,0,None,-1.0,-1,0.0,suffix_local,26400.0,1320,800.0,1,lifeline_zero,1009,E4,failed,-1,-1,LB-v1-20260822,0.0,-1,0.0,100.0,ER-HLNS-parallel-rescue,11793.267377757751,11793.267377757751,0,16843334a0974404f1c02bc2ae8ae627f60ccc0e5280a3eceff2741982ce7a9f,800.0,0.0,LB,100,0,routine_bulk,task_routine_bulk_6,normal,1,0,0.46244681084905065
90171fbe6c43d824744bf74c21cfb67be192844fb30442991e2a129a5952d714,145,1,truck_1,5700.0,285,1.0,suffix_local,27600.0,1380,800.0,0,,-1,E4,delivered,140,285,LB-v1-20260822,800.0,284,69.39930823656172,100.0,ER-HLNS-parallel-rescue,4587.683945260957,4587.683945260957,1,16843334a0974404f1c02bc2ae8ae627f60ccc0e5280a3eceff2741982ce7a9f,0.0,69.39930823656172,LB,100,1,routine_bulk,task_routine_bulk_7,normal,1,0,0.5338128687931456
90171fbe6c43d824744bf74c21cfb67be192844fb30442991e2a129a5952d714,23,1,uav_2,1320.0,66,1.0,suffix_local,12000.0,600,50.0,0,,-1,E4,delivered,43,66,LB-v1-20260822,50.0,65,75.43151971439907,100.0,ER-HLNS-parallel-rescue,4043.5148887186647,4043.5148887186647,1,16843334a0974404f1c02bc2ae8ae627f60ccc0e5280a3eceff2741982ce7a9f,0.0,75.43151971439907,LB,100,1,time_critical_lightweight,task_time_critical_lightweight_0,emergency,0,1,0.8572362469902544
90171fbe6c43d824744bf74c21cfb67be192844fb30442991e2a129a5952d714,45,1,uav_0,900.0,45,1.0,suffix_local,12600.0,630,50.0,0,,-1,E4,delivered,0,45,LB-v1-20260822,50.0,44,82.50372560433898,100.0,ER-HLNS-parallel-rescue,3938.2462884286088,3938.2462884286088,1,16843334a0974404f1c02bc2ae8ae627f60ccc0e5280a3eceff2741982ce7a9f,0.0,82.50372560433898,LB,100,1,time_critical_lightweight,task_time_critical_lightweight_1,emergency,0,1,0.7681740887900437
90171fbe6c43d824744bf74c21cfb67be192844fb30442991e2a129a5952d714,24,1,uav_1,480.0,24,1.0,suffix_local,13200.0,660,50.0,0,,-1,E4,delivered,0,24,LB-v1-20260822,50.0,23,91.52682208418615,100.0,ER-HLNS-parallel-rescue,1841.754606923464,1841.754606923464,1,16843334a0974404f1c02bc2ae8ae627f60ccc0e5280a3eceff2741982ce7a9f,0.0,91.52682208418615,LB,100,1,time_critical_lightweight,task_time_critical_lightweight_2,emergency,0,1,0.8022891552475101
90171fbe6c43d824744bf74c21cfb67be192844fb30442991e2a129a5952d714,187,1,uav_5,4120.0,206,1.0,suffix_local,14760.0,738,50.0,0,,-1,E4,delivered,24,206,LB-v1-20260822,50.0,215,10.609844645038793,100.0,ER-HLNS-parallel-rescue,5652.839795309424,5652.839795309424,1,16843334a0974404f1c02bc2ae8ae627f60ccc0e5280a3eceff2741982ce7a9f,0.0,10.609844645038793,LB,100,1,time_critical_lightweight,task_time_critical_lightweight_3,emergency,0,1,0.960215083465178
90171fbe6c43d824744bf74c21cfb67be192844fb30442991e2a129a5952d714,59,1,uav_2,2740.0,137,1.0,suffix_local,14400.0,720,50.0,0,,-1,E4,delivered,81,137,LB-v1-20260822,50.0,139,52.10132040320779,100.0,ER-HLNS-parallel-rescue,5313.398671961474,5313.398671961474,1,16843334a0974404f1c02bc2ae8ae627f60ccc0e5280a3eceff2741982ce7a9f,0.0,52.10132040320779,LB,100,1,time_critical_lightweight,task_time_critical_lightweight_4,emergency,0,1,0.8154167223421255
90171fbe6c43d824744bf74c21cfb67be192844fb30442991e2a129a5952d714,36,0,None,-1.0,-1,0.0,suffix_local,15960.0,798,50.0,1,lifeline_zero,237,E4,failed,196,-1,LB-v1-20260822,0.0,236,0.0,100.0,ER-HLNS-parallel-rescue,12029.47975909369,12029.47975909369,0,16843334a0974404f1c02bc2ae8ae627f60ccc0e5280a3eceff2741982ce7a9f,50.0,0.0,LB,100,0,time_critical_lightweight,task_time_critical_lightweight_5,emergency,0,1,0.9867416871112791
90171fbe6c43d824744bf74c21cfb67be192844fb30442991e2a129a5952d714,43,1,uav_2,740.0,37,1.0,suffix_local,15600.0,780,50.0,0,,-1,E4,delivered,0,37,LB-v1-20260822,50.0,42,86.19627187727103,100.0,ER-HLNS-parallel-rescue,2945.1941967981666,2945.1941967981666,1,16843334a0974404f1c02bc2ae8ae627f60ccc0e5280a3eceff2741982ce7a9f,0.0,86.19627187727103,LB,100,1,time_critical_lightweight,task_time_critical_lightweight_6,emergency,0,1,0.8746488677361269
90171fbe6c43d824744bf74c21cfb67be192844fb30442991e2a129a5952d714,147,1,uav_1,4880.0,244,1.0,suffix_local,17160.0,858,50.0,0,,-1,E4,delivered,77,244,LB-v1-20260822,50.0,243,6.93820733951883,100.0,ER-HLNS-parallel-rescue,8166.972222335975,8166.972222335975,1,16843334a0974404f1c02bc2ae8ae627f60ccc0e5280a3eceff2741982ce7a9f,0.0,6.93820733951883,LB,100,1,time_critical_lightweight,task_time_critical_lightweight_7,emergency,0,1,0.7446621799769354
90171fbe6c43d824744bf74c21cfb67be192844fb30442991e2a129a5952d714,46,1,uav_3,920.0,46,1.0,suffix_local,16800.0,840,50.0,0,,-1,E4,delivered,0,46,LB-v1-20260822,50.0,45,82.21125874575361,100.0,ER-HLNS-parallel-rescue,2311.2789292757247,2311.2789292757247,1,16843334a0974404f1c02bc2ae8ae627f60ccc0e5280a3eceff2741982ce7a9f,0.0,82.21125874575361,LB,100,1,time_critical_lightweight,task_time_critical_lightweight_8,emergency,0,1,0.8689502560984448
90171fbe6c43d824744bf74c21cfb67be192844fb30442991e2a129a5952d714,62,1,uav_3,2160.0,108,1.0,suffix_local,17400.0,870,50.0,0,,-1,E4,delivered,46,108,LB-v1-20260822,50.0,107,64.4196426843347,100.0,ER-HLNS-parallel-rescue,6760.559725492877,6760.559725492877,1,16843334a0974404f1c02bc2ae8ae627f60ccc0e5280a3eceff2741982ce7a9f,0.0,64.4196426843347,LB,100,1,time_critical_lightweight,task_time_critical_lightweight_9,emergency,0,1,0.7554846985257647
90171fbe6c43d824744bf74c21cfb67be192844fb30442991e2a129a5952d714,15,1,uav_2,1580.0,79,1.0,suffix_local,18000.0,900,50.0,0,,-1,E4,delivered,66,79,LB-v1-20260822,50.0,80,72.96114959695682,100.0,ER-HLNS-parallel-rescue,3952.8289116955493,3952.8289116955493,1,16843334a0974404f1c02bc2ae8ae627f60ccc0e5280a3eceff2741982ce7a9f,0.0,72.96114959695682,LB,100,1,time_critical_lightweight,task_time_critical_lightweight_10,emergency,0,1,0.7210061967003056
90171fbe6c43d824744bf74c21cfb67be192844fb30442991e2a129a5952d714,32,1,uav_4,1540.0,77,1.0,suffix_local,18600.0,930,50.0,0,,-1,E4,delivered,45,77,LB-v1-20260822,50.0,76,68.2859448108389,100.0,ER-HLNS-parallel-rescue,6188.028410283936,6188.028410283936,1,16843334a0974404f1c02bc2ae8ae627f60ccc0e5280a3eceff2741982ce7a9f,0.0,68.2859448108389,LB,100,1,time_critical_lightweight,task_time_critical_lightweight_11,emergency,0,1,0.732056640977218
90171fbe6c43d824744bf74c21cfb67be192844fb30442991e2a129a5952d714,0,0,None,-1.0,-1,0.0,suffix_local,19200.0,960,800.0,1,deadline_exceeded,961,E4,failed,-1,-1,LB-v1-20260822,0.0,-1,11.11850352989833,100.0,ER-HLNS-parallel-rescue,6119.550842362341,6119.550842362341,0,128d0fb172989ac20569c26a149739c8cdd604ff6c956cf6b294d712563d036c,800.0,0.0,LB,102,0,routine_bulk,task_routine_bulk_0,normal,1,0,0.4291837918236352
90171fbe6c43d824744bf74c21cfb67be192844fb30442991e2a129a5952d714,53,1,truck_2,3800.0,190,1.0,suffix_local,20400.0,1020,800.0,0,,-1,E4,delivered,137,190,LB-v1-20260822,800.0,189,84.16729151248148,100.0,ER-HLNS-parallel-rescue,7442.506245460831,7442.506245460831,1,128d0fb172989ac20569c26a149739c8cdd604ff6c956cf6b294d712563d036c,0.0,84.16729151248148,LB,102,1,routine_bulk,task_routine_bulk_1,normal,1,0,0.24547112032784654
90171fbe6c43d824744bf74c21cfb67be192844fb30442991e2a129a5952d714,0,0,None,-1.0,-1,0.0,suffix_local,21600.0,1080,800.0,1,deadline_exceeded,1081,E4,failed,-1,-1,LB-v1-20260822,0.0,-1,2.8465075966141518,100.0,ER-HLNS-parallel-rescue,5688.3871828179535,5688.3871828179535,0,128d0fb172989ac20569c26a149739c8cdd604ff6c956cf6b294d712563d036c,800.0,0.0,LB,102,0,routine_bulk,task_routine_bulk_2,normal,1,0,0.3976042905163367
90171fbe6c43d824744bf74c21cfb67be192844fb30442991e2a129a5952d714,0,0,None,-1.0,-1,0.0,suffix_local,22800.0,1140,800.0,1,lifeline_zero,936,E4,failed,-1,-1,LB-v1-20260822,0.0,-1,0.0,100.0,ER-HLNS-parallel-rescue,5530.50432997441,5530.50432997441,0,128d0fb172989ac20569c26a149739c8cdd604ff6c956cf6b294d712563d036c,800.0,0.0,LB,102,0,routine_bulk,task_routine_bulk_3,normal,1,0,0.5908338171405074
90171fbe6c43d824744bf74c21cfb67be192844fb30442991e2a129a5952d714,0,0,None,-1.0,-1,0.0,suffix_local,24000.0,1200,800.0,1,lifeline_zero,1198,E4,failed,-1,-1,LB-v1-20260822,0.0,-1,0.0,100.0,ER-HLNS-parallel-rescue,14165.534902512349,14165.534902512349,0,128d0fb172989ac20569c26a149739c8cdd604ff6c956cf6b294d712563d036c,800.0,0.0,LB,102,0,routine_bulk,task_routine_bulk_4,normal,1,0,0.31826058549111486
90171fbe6c43d824744bf74c21cfb67be192844fb30442991e2a129a5952d714,39,1,truck_2,3120.0,156,1.0,suffix_local,25200.0,1260,800.0,0,,-1,E4,delivered,117,156,LB-v1-20260822,800.0,155,85.7662685427467,100.0,ER-HLNS-parallel-rescue,8329.032619537471,8329.032619537471,1,128d0fb172989ac20569c26a149739c8cdd604ff6c956cf6b294d712563d036c,0.0,85.7662685427467,LB,102,1,routine_bulk,task_routine_bulk_5,normal,1,0,0.316760490021223
90171fbe6c43d824744bf74c21cfb67be192844fb30442991e2a129a5952d714,248,1,truck_1,6420.0,321,1.0,suffix_local,26400.0,1320,800.0,0,,-1,E4,delivered,73,321,LB-v1-20260822,800.0,320,72.71983436381512,100.0,ER-HLNS-parallel-rescue,2207.167531132571,2207.167531132571,1,128d0fb172989ac20569c26a149739c8cdd604ff6c956cf6b294d712563d036c,0.0,72.71983436381512,LB,102,1,routine_bulk,task_routine_bulk_6,normal,1,0,0.3055363954601743
90171fbe6c43d824744bf74c21cfb67be192844fb30442991e2a129a5952d714,0,0,None,-1.0,-1,0.0,suffix_local,27600.0,1380,800.0,1,lifeline_zero,1066,E4,failed,-1,-1,LB-v1-20260822,0.0,-1,0.0,100.0,ER-HLNS-parallel-rescue,8538.945436848508,8538.945436848508,0,128d0fb172989ac20569c26a149739c8cdd604ff6c956cf6b294d712563d036c,800.0,0.0,LB,102,0,routine_bulk,task_routine_bulk_7,normal,1,0,0.44156154877026366
90171fbe6c43d824744bf74c21cfb67be192844fb30442991e2a129a5952d714,12,1,uav_2,900.0,45,1.0,suffix_local,12000.0,600,50.0,0,,-1,E4,delivered,36,45,LB-v1-20260822,50.0,47,83.41817029169172,100.0,ER-HLNS-parallel-rescue,2988.5323177974346,2988.5323177974346,1,128d0fb172989ac20569c26a149739c8cdd604ff6c956cf6b294d712563d036c,0.0,83.41817029169172,LB,102,1,time_critical_lightweight,task_time_critical_lightweight_0,emergency,0,1,0.7521593742751356
90171fbe6c43d824744bf74c21cfb67be192844fb30442991e2a129a5952d714,10,0,None,-1.0,-1,0.0,suffix_local,13560.0,678,50.0,1,lifeline_zero,306,E4,failed,63,-1,LB-v1-20260822,0.0,72,0.0,100.0,ER-HLNS-parallel-rescue,11294.290080097262,11294.290080097262,0,128d0fb172989ac20569c26a149739c8cdd604ff6c956cf6b294d712563d036c,50.0,0.0,LB,102,0,time_critical_lightweight,task_time_critical_lightweight_1,emergency,0,1,0.7491376000307091
90171fbe6c43d824744bf74c21cfb67be192844fb30442991e2a129a5952d714,36,1,uav_2,720.0,36,1.0,suffix_local,13200.0,660,50.0,0,,-1,E4,delivered,0,36,LB-v1-20260822,50.0,35,86.20227657230927,100.0,ER-HLNS-parallel-rescue,2792.418565959796,2792.418565959796,1,128d0fb172989ac20569c26a149739c8cdd604ff6c956cf6b294d712563d036c,0.0,86.20227657230927,LB,102,1,time_critical_lightweight,task_time_critical_lightweight_2,emergency,0,1,0.8083948419266088
90171fbe6c43d824744bf74c21cfb67be192844fb30442991e2a129a5952d714,39,1,uav_1,780.0,39,1.0,suffix_local,13800.0,690,50.0,0,,-1,E4,delivered,0,39,LB-v1-20260822,50.0,38,83.5550254971721,100.0,ER-HLNS-parallel-rescue,3010.973647764428,3010.973647764428,1,128d0fb172989ac20569c26a149739c8cdd604ff6c956cf6b294d712563d036c,0.0,83.5550254971721,LB,102,1,time_critical_lightweight,task_time_critical_lightweight_3,emergency,0,1,0.9739813351739603
90171fbe6c43d824744bf74c21cfb67be192844fb30442991e2a129a5952d714,47,1,uav_2,2340.0,117,1.0,suffix_local,14400.0,720,50.0,0,,-1,E4,delivered,70,117,LB-v1-20260822,50.0,116,53.283252548853376,100.0,ER-HLNS-parallel-rescue,7595.6360268286,7595.6360268286,1,128d0fb172989ac20569c26a149739c8cdd604ff6c956cf6b294d712563d036c,0.0,53.283252548853376,LB,102,1,time_critical_lightweight,task_time_critical_lightweight_4,emergency,0,1,0.8902529497747588
90171fbe6c43d824744bf74c21cfb67be192844fb30442991e2a129a5952d714,24,1,uav_5,1200.0,60,1.0,suffix_local,15000.0,750,50.0,0,,-1,E4,delivered,39,60,LB-v1-20260822,50.0,62,77.95956202727791,100.0,ER-HLNS-parallel-rescue,4623.366276010681,4623.366276010681,1,128d0fb172989ac20569c26a149739c8cdd604ff6c956cf6b294d712563d036c,0.0,77.95956202727791,LB,102,1,time_critical_lightweight,task_time_critical_lightweight_5,emergency,0,1,0.7848123351493127
90171fbe6c43d824744bf74c21cfb67be192844fb30442991e2a129a5952d714,1,1,uav_4,4380.0,219,1.0,suffix_local,16560.0,828,50.0,0,,-1,E4,delivered,187,219,LB-v1-20260822,50.0,187,14.665020298484311,100.0,ER-HLNS-parallel-rescue,16324.170659246023,16324.170659246023,1,128d0fb172989ac20569c26a149739c8cdd604ff6c956cf6b294d712563d036c,0.0,14.665020298484311,LB,102,1,time_critical_lightweight,task_time_critical_lightweight_6,emergency,0,1,0.9948248799678303
90171fbe6c43d824744bf74c21cfb67be192844fb30442991e2a129a5952d714,12,1,uav_0,4880.0,244,1.0,suffix_local,17160.0,858,50.0,0,,-1,E4,delivered,214,244,LB-v1-20260822,50.0,225,15.037114737910395,100.0,ER-HLNS-parallel-rescue,15873.692094774171,15873.692094774171,1,128d0fb172989ac20569c26a149739c8cdd604ff6c956cf6b294d712563d036c,0.0,15.037114737910395,LB,102,1,time_critical_lightweight,task_time_critical_lightweight_7,emergency,0,1,0.8273965865006737
90171fbe6c43d824744bf74c21cfb67be192844fb30442991e2a129a5952d714,22,1,uav_2,1400.0,70,1.0,suffix_local,16800.0,840,50.0,0,,-1,E4,delivered,48,70,LB-v1-20260822,50.0,69,73.76149132729763,100.0,ER-HLNS-parallel-rescue,4562.626701547581,4562.626701547581,1,128d0fb172989ac20569c26a149739c8cdd604ff6c956cf6b294d712563d036c,0.0,73.76149132729763,LB,102,1,time_critical_lightweight,task_time_critical_lightweight_8,emergency,0,1,0.800241625655852
90171fbe6c43d824744bf74c21cfb67be192844fb30442991e2a129a5952d714,137,1,uav_0,2740.0,137,1.0,suffix_local,17400.0,870,50.0,0,,-1,E4,delivered,0,137,LB-v1-20260822,50.0,136,51.52335790575139,100.0,ER-HLNS-parallel-rescue,9178.535368617246,9178.535368617246,1,128d0fb172989ac20569c26a149739c8cdd604ff6c956cf6b294d712563d036c,0.0,51.52335790575139,LB,102,1,time_critical_lightweight,task_time_critical_lightweight_9,emergency,0,1,0.8133445160620112
90171fbe6c43d824744bf74c21cfb67be192844fb30442991e2a129a5952d714,144,1,uav_3,3080.0,154,1.0,suffix_local,18000.0,900,50.0,0,,-1,E4,delivered,0,154,LB-v1-20260822,50.0,153,47.168136523225975,100.0,ER-HLNS-parallel-rescue,5471.014458554654,5471.014458554654,1,128d0fb172989ac20569c26a149739c8cdd604ff6c956cf6b294d712563d036c,0.0,47.168136523225975,LB,102,1,time_critical_lightweight,task_time_critical_lightweight_10,emergency,0,1,0.7234608659077144
90171fbe6c43d824744bf74c21cfb67be192844fb30442991e2a129a5952d714,45,1,uav_0,3800.0,190,1.0,suffix_local,18600.0,930,50.0,0,,-1,E4,delivered,73,190,LB-v1-20260822,50.0,189,28.95368066852758,100.0,ER-HLNS-parallel-rescue,10498.587816679308,10498.587816679308,1,128d0fb172989ac20569c26a149739c8cdd604ff6c956cf6b294d712563d036c,0.0,28.95368066852758,LB,102,1,time_critical_lightweight,task_time_critical_lightweight_11,emergency,0,1,0.8885468420710438
90171fbe6c43d824744bf74c21cfb67be192844fb30442991e2a129a5952d714,157,1,truck_1,8940.0,447,1.0,suffix_local,19200.0,960,800.0,0,,-1,E4,delivered,290,447,LB-v1-20260822,800.0,446,57.87088548313126,100.0,ER-HLNS-parallel-rescue,14039.592726000365,14039.592726000365,1,2a5a6bb7823ec182f44e3844532db419e6239e6f2791ab4e2c85a1e62616bdef,0.0,57.87088548313126,LB,101,1,routine_bulk,task_routine_bulk_0,normal,1,0,0.34837428108412444
90171fbe6c43d824744bf74c21cfb67be192844fb30442991e2a129a5952d714,54,1,truck_1,3340.0,167,1.0,suffix_local,20400.0,1020,800.0,0,,-1,E4,delivered,85,167,LB-v1-20260822,800.0,162,83.55020224255678,100.0,ER-HLNS-parallel-rescue,7511.760618564474,7511.760618564474,1,2a5a6bb7823ec182f44e3844532db419e6239e6f2791ab4e2c85a1e62616bdef,0.0,83.55020224255678,LB,101,1,routine_bulk,task_routine_bulk_1,normal,1,0,0.30016368013188016
90171fbe6c43d824744bf74c21cfb67be192844fb30442991e2a129a5952d714,149,1,truck_1,8120.0,406,1.0,suffix_local,21600.0,1080,800.0,0,,-1,E4,delivered,257,406,LB-v1-20260822,800.0,405,53.91180211998463,100.0,ER-HLNS-parallel-rescue,15315.096891728663,15315.096891728663,1,2a5a6bb7823ec182f44e3844532db419e6239e6f2791ab4e2c85a1e62616bdef,0.0,53.91180211998463,LB,101,1,routine_bulk,task_routine_bulk_2,normal,1,0,0.527261765850137
90171fbe6c43d824744bf74c21cfb67be192844fb30442991e2a129a5952d714,302,0,None,-1.0,-1,0.0,suffix_local,22800.0,1140,800.0,1,lifeline_zero,1023,E4,failed,126,-1,LB-v1-20260822,0.0,546,0.0,100.0,ER-HLNS-parallel-rescue,14102.848363601865,14102.848363601865,0,2a5a6bb7823ec182f44e3844532db419e6239e6f2791ab4e2c85a1e62616bdef,800.0,0.0,LB,101,0,routine_bulk,task_routine_bulk_3,normal,1,0,0.3882350364392335
90171fbe6c43d824744bf74c21cfb67be192844fb30442991e2a129a5952d714,15,1,truck_1,2240.0,112,1.0,suffix_local,24000.0,1200,800.0,0,,-1,E4,delivered,97,112,LB-v1-20260822,800.0,111,87.82909638498104,100.0,ER-HLNS-parallel-rescue,7302.1073017293165,7302.1073017293165,1,2a5a6bb7823ec182f44e3844532db419e6239e6f2791ab4e2c85a1e62616bdef,0.0,87.82909638498104,LB,101,1,routine_bulk,task_routine_bulk_4,normal,1,0,0.5361043015918403
90171fbe6c43d824744bf74c21cfb67be192844fb30442991e2a129a5952d714,203,0,None,-1.0,-1,0.0,suffix_local,25200.0,1260,800.0,1,lifeline_zero,1037,E4,failed,406,-1,LB-v1-20260822,0.0,648,0.0,100.0,ER-HLNS-parallel-rescue,3909.3896971690133,3909.3896971690133,0,2a5a6bb7823ec182f44e3844532db419e6239e6f2791ab4e2c85a1e62616bdef,800.0,0.0,LB,101,0,routine_bulk,task_routine_bulk_5,normal,1,0,0.42701883575488137
90171fbe6c43d824744bf74c21cfb67be192844fb30442991e2a129a5952d714,0,1,truck_1,4260.0,213,1.0,suffix_local,26400.0,1320,800.0,0,,-1,E4,delivered,-1,213,LB-v1-20260822,800.0,-1,76.15736739961277,100.0,ER-HLNS-parallel-rescue,9533.630318869733,9533.630318869733,1,2a5a6bb7823ec182f44e3844532db419e6239e6f2791ab4e2c85a1e62616bdef,0.0,76.15736739961277,LB,101,1,routine_bulk,task_routine_bulk_6,normal,1,0,0.5142470258374676
90171fbe6c43d824744bf74c21cfb67be192844fb30442991e2a129a5952d714,0,1,truck_0,6320.0,316,1.0,suffix_local,27600.0,1380,800.0,0,,-1,E4,delivered,-1,316,LB-v1-20260822,800.0,-1,71.28375936788808,100.0,ER-HLNS-parallel-rescue,10348.908405801398,10348.908405801398,1,2a5a6bb7823ec182f44e3844532db419e6239e6f2791ab4e2c85a1e62616bdef,0.0,71.28375936788808,LB,101,1,routine_bulk,task_routine_bulk_7,normal,1,0,0.3879694663765369
90171fbe6c43d824744bf74c21cfb67be192844fb30442991e2a129a5952d714,16,0,None,-1.0,-1,0.0,suffix_local,12000.0,600,50.0,1,lifeline_zero,224,E4,failed,187,-1,LB-v1-20260822,0.0,223,0.0,100.0,ER-HLNS-parallel-rescue,14151.4620521434,14151.4620521434,0,2a5a6bb7823ec182f44e3844532db419e6239e6f2791ab4e2c85a1e62616bdef,50.0,0.0,LB,101,0,time_critical_lightweight,task_time_critical_lightweight_0,emergency,0,1,0.9705680205086198
90171fbe6c43d824744bf74c21cfb67be192844fb30442991e2a129a5952d714,115,1,uav_0,3980.0,199,1.0,suffix_local,13560.0,678,50.0,0,,-1,E4,delivered,70,199,LB-v1-20260822,50.0,184,28.697371238881157,100.0,ER-HLNS-parallel-rescue,9099.797527415509,9099.797527415509,1,2a5a6bb7823ec182f44e3844532db419e6239e6f2791ab4e2c85a1e62616bdef,0.0,28.697371238881157,LB,101,1,time_critical_lightweight,task_time_critical_lightweight_1,emergency,0,1,0.8194413770540239
90171fbe6c43d824744bf74c21cfb67be192844fb30442991e2a129a5952d714,188,0,None,-1.0,-1,0.0,suffix_local,13200.0,660,50.0,1,lifeline_zero,290,E4,failed,0,-1,LB-v1-20260822,0.0,289,0.0,100.0,ER-HLNS-parallel-rescue,8636.287551441419,8636.287551441419,0,2a5a6bb7823ec182f44e3844532db419e6239e6f2791ab4e2c85a1e62616bdef,50.0,0.0,LB,101,0,time_critical_lightweight,task_time_critical_lightweight_2,emergency,0,1,0.7276929418213184
90171fbe6c43d824744bf74c21cfb67be192844fb30442991e2a129a5952d714,14,1,uav_4,3820.0,191,1.0,suffix_local,14760.0,738,50.0,0,,-1,E4,delivered,185,191,LB-v1-20260822,50.0,198,32.87643043688204,100.0,ER-HLNS-parallel-rescue,10171.88886835233,10171.88886835233,1,2a5a6bb7823ec182f44e3844532db419e6239e6f2791ab4e2c85a1e62616bdef,0.0,32.87643043688204,LB,101,1,time_critical_lightweight,task_time_critical_lightweight_3,emergency,0,1,0.7687067091449796
90171fbe6c43d824744bf74c21cfb67be192844fb30442991e2a129a5952d714,29,1,uav_1,5040.0,252,1.0,suffix_local,14400.0,720,50.0,0,,-1,E4,delivered,172,252,LB-v1-20260822,50.0,251,8.25530586530648,100.0,ER-HLNS-parallel-rescue,8972.910969096309,8972.910969096309,1,2a5a6bb7823ec182f44e3844532db419e6239e6f2791ab4e2c85a1e62616bdef,0.0,8.25530586530648,LB,101,1,time_critical_lightweight,task_time_critical_lightweight_4,emergency,0,1,0.7273830460494194
90171fbe6c43d824744bf74c21cfb67be192844fb30442991e2a129a5952d714,65,0,None,-1.0,-1,0.0,suffix_local,15960.0,798,50.0,1,lifeline_zero,236,E4,failed,32,-1,LB-v1-20260822,0.0,235,0.0,100.0,ER-HLNS-parallel-rescue,14148.754445771634,14148.754445771634,0,2a5a6bb7823ec182f44e3844532db419e6239e6f2791ab4e2c85a1e62616bdef,50.0,0.0,LB,101,0,time_critical_lightweight,task_time_critical_lightweight_5,emergency,0,1,0.909737917292143
90171fbe6c43d824744bf74c21cfb67be192844fb30442991e2a129a5952d714,4,1,uav_3,640.0,32,1.0,suffix_local,15600.0,780,50.0,0,,-1,E4,delivered,28,32,LB-v1-20260822,50.0,31,86.70801990302564,100.0,ER-HLNS-parallel-rescue,2913.7706040409153,2913.7706040409153,1,2a5a6bb7823ec182f44e3844532db419e6239e6f2791ab4e2c85a1e62616bdef,0.0,86.70801990302564,LB,101,1,time_critical_lightweight,task_time_critical_lightweight_6,emergency,0,1,0.8705161474912566
90171fbe6c43d824744bf74c21cfb67be192844fb30442991e2a129a5952d714,99,1,uav_0,2220.0,111,1.0,suffix_local,16200.0,810,50.0,0,,-1,E4,delivered,0,111,LB-v1-20260822,50.0,110,50.997779927455696,100.0,ER-HLNS-parallel-rescue,8419.216536800033,8419.216536800033,1,2a5a6bb7823ec182f44e3844532db419e6239e6f2791ab4e2c85a1e62616bdef,0.0,50.997779927455696,LB,101,1,time_critical_lightweight,task_time_critical_lightweight_7,emergency,0,1,0.989879628037199
90171fbe6c43d824744bf74c21cfb67be192844fb30442991e2a129a5952d714,148,0,None,-1.0,-1,0.0,suffix_local,16800.0,840,50.0,1,lifeline_zero,257,E4,failed,97,-1,LB-v1-20260822,0.0,256,0.0,100.0,ER-HLNS-parallel-rescue,9649.370387536506,9649.370387536506,0,2a5a6bb7823ec182f44e3844532db419e6239e6f2791ab4e2c85a1e62616bdef,50.0,0.0,LB,101,0,time_critical_lightweight,task_time_critical_lightweight_8,emergency,0,1,0.9323581933558626
90171fbe6c43d824744bf74c21cfb67be192844fb30442991e2a129a5952d714,28,1,uav_3,560.0,28,1.0,suffix_local,17400.0,870,50.0,0,,-1,E4,delivered,0,28,LB-v1-20260822,50.0,27,87.98550481797261,100.0,ER-HLNS-parallel-rescue,2591.7846470285945,2591.7846470285945,1,2a5a6bb7823ec182f44e3844532db419e6239e6f2791ab4e2c85a1e62616bdef,0.0,87.98550481797261,LB,101,1,time_critical_lightweight,task_time_critical_lightweight_9,emergency,0,1,0.8933819856045042
90171fbe6c43d824744bf74c21cfb67be192844fb30442991e2a129a5952d714,68,1,uav_5,1660.0,83,1.0,suffix_local,18000.0,900,50.0,0,,-1,E4,delivered,17,83,LB-v1-20260822,50.0,84,71.18023828926552,100.0,ER-HLNS-parallel-rescue,5472.170625762758,5472.170625762758,1,2a5a6bb7823ec182f44e3844532db419e6239e6f2791ab4e2c85a1e62616bdef,0.0,71.18023828926552,LB,101,1,time_critical_lightweight,task_time_critical_lightweight_10,emergency,0,1,0.7142148384795817
90171fbe6c43d824744bf74c21cfb67be192844fb30442991e2a129a5952d714,17,1,uav_1,340.0,17,1.0,suffix_local,18600.0,930,50.0,0,,-1,E4,delivered,0,17,LB-v1-20260822,50.0,16,93.88442664805953,100.0,ER-HLNS-parallel-rescue,1506.2906048252266,1506.2906048252266,1,2a5a6bb7823ec182f44e3844532db419e6239e6f2791ab4e2c85a1e62616bdef,0.0,93.88442664805953,LB,101,1,time_critical_lightweight,task_time_critical_lightweight_11,emergency,0,1,0.7467335094406772
90171fbe6c43d824744bf74c21cfb67be192844fb30442991e2a129a5952d714,41,1,truck_1,5740.0,287,1.0,suffix_local,19200.0,960,800.0,0,,-1,E4,delivered,242,287,LB-v1-20260822,800.0,286,74.09211678160045,100.0,ER-HLNS-parallel-rescue,10728.26032891467,10728.26032891467,1,63e92bcf060179d244f3cac024c7b4b990d7c22dc73c78adcec9a12cb48849ec,0.0,74.09211678160045,LB,103,1,routine_bulk,task_routine_bulk_0,normal,1,0,0.34842619173408906
90171fbe6c43d824744bf74c21cfb67be192844fb30442991e2a129a5952d714,0,1,truck_1,840.0,42,1.0,suffix_local,20400.0,1020,800.0,0,,-1,E4,delivered,-1,42,LB-v1-20260822,800.0,-1,96.14321702926607,100.0,ER-HLNS-parallel-rescue,2909.773055537859,2909.773055537859,1,63e92bcf060179d244f3cac024c7b4b990d7c22dc73c78adcec9a12cb48849ec,0.0,96.14321702926607,LB,103,1,routine_bulk,task_routine_bulk_1,normal,1,0,0.36263112143461484
90171fbe6c43d824744bf74c21cfb67be192844fb30442991e2a129a5952d714,258,1,truck_1,11120.0,556,1.0,suffix_local,21600.0,1080,800.0,0,,-1,E4,delivered,298,556,LB-v1-20260822,800.0,555,56.44977763944955,100.0,ER-HLNS-parallel-rescue,5891.031930588738,5891.031930588738,1,63e92bcf060179d244f3cac024c7b4b990d7c22dc73c78adcec9a12cb48849ec,0.0,56.44977763944955,LB,103,1,routine_bulk,task_routine_bulk_2,normal,1,0,0.22860762501670875
90171fbe6c43d824744bf74c21cfb67be192844fb30442991e2a129a5952d714,104,1,truck_3,7320.0,366,1.0,suffix_local,22800.0,1140,800.0,0,,-1,E4,delivered,262,366,LB-v1-20260822,800.0,365,71.995221651893,100.0,ER-HLNS-parallel-rescue,3679.4188095004256,3679.4188095004256,1,63e92bcf060179d244f3cac024c7b4b990d7c22dc73c78adcec9a12cb48849ec,0.0,71.995221651893,LB,103,1,routine_bulk,task_routine_bulk_3,normal,1,0,0.20341849503107082
90171fbe6c43d824744bf74c21cfb67be192844fb30442991e2a129a5952d714,0,1,truck_0,3280.0,164,1.0,suffix_local,24000.0,1200,800.0,0,,-1,E4,delivered,-1,164,LB-v1-20260822,800.0,-1,85.55674308678051,100.0,ER-HLNS-parallel-rescue,1222.77839559386,1222.77839559386,1,63e92bcf060179d244f3cac024c7b4b990d7c22dc73c78adcec9a12cb48849ec,0.0,85.55674308678051,LB,103,1,routine_bulk,task_routine_bulk_4,normal,1,0,0.3319591618543233
90171fbe6c43d824744bf74c21cfb67be192844fb30442991e2a129a5952d714,60,1,truck_1,7100.0,355,1.0,suffix_local,25200.0,1260,800.0,0,,-1,E4,delivered,223,355,LB-v1-20260822,800.0,327,65.37935145217034,100.0,ER-HLNS-parallel-rescue,12369.193535155884,12369.193535155884,1,63e92bcf060179d244f3cac024c7b4b990d7c22dc73c78adcec9a12cb48849ec,0.0,65.37935145217034,LB,103,1,routine_bulk,task_routine_bulk_5,normal,1,0,0.3837354804247379
90171fbe6c43d824744bf74c21cfb67be192844fb30442991e2a129a5952d714,79,1,truck_3,3220.0,161,1.0,suffix_local,26400.0,1320,800.0,0,,-1,E4,delivered,65,161,LB-v1-20260822,800.0,143,86.43164698915037,100.0,ER-HLNS-parallel-rescue,2190.503861145282,2190.503861145282,1,63e92bcf060179d244f3cac024c7b4b990d7c22dc73c78adcec9a12cb48849ec,0.0,86.43164698915037,LB,103,1,routine_bulk,task_routine_bulk_6,normal,1,0,0.29667557872401773
90171fbe6c43d824744bf74c21cfb67be192844fb30442991e2a129a5952d714,0,1,truck_3,1080.0,54,1.0,suffix_local,27600.0,1380,800.0,0,,-1,E4,delivered,-1,54,LB-v1-20260822,800.0,-1,94.49972051824626,100.0,ER-HLNS-parallel-rescue,3849.1587366044114,3849.1587366044114,1,63e92bcf060179d244f3cac024c7b4b990d7c22dc73c78adcec9a12cb48849ec,0.0,94.49972051824626,LB,103,1,routine_bulk,task_routine_bulk_7,normal,1,0,0.46822780016891247
90171fbe6c43d824744bf74c21cfb67be192844fb30442991e2a129a5952d714,46,1,uav_0,920.0,46,1.0,suffix_local,12000.0,600,50.0,0,,-1,E4,delivered,0,46,LB-v1-20260822,50.0,45,77.27334890142888,100.0,ER-HLNS-parallel-rescue,3549.9180582011645,3549.9180582011645,1,63e92bcf060179d244f3cac024c7b4b990d7c22dc73c78adcec9a12cb48849ec,0.0,77.27334890142888,LB,103,1,time_critical_lightweight,task_time_critical_lightweight_0,emergency,0,1,0.9539752519885072
90171fbe6c43d824744bf74c21cfb67be192844fb30442991e2a129a5952d714,65,1,uav_3,1200.0,60,1.0,suffix_local,12600.0,630,50.0,0,,-1,E4,delivered,0,60,LB-v1-20260822,50.0,64,74.83636610877979,100.0,ER-HLNS-parallel-rescue,3853.766998414422,3853.766998414422,1,63e92bcf060179d244f3cac024c7b4b990d7c22dc73c78adcec9a12cb48849ec,0.0,74.83636610877979,LB,103,1,time_critical_lightweight,task_time_critical_lightweight_1,emergency,0,1,0.9948079019505545
90171fbe6c43d824744bf74c21cfb67be192844fb30442991e2a129a5952d714,105,0,None,-1.0,-1,0.0,suffix_local,13200.0,660,50.0,1,lifeline_zero,298,E4,failed,193,-1,LB-v1-20260822,0.0,297,0.0,100.0,ER-HLNS-parallel-rescue,4718.076354042247,4718.076354042247,0,63e92bcf060179d244f3cac024c7b4b990d7c22dc73c78adcec9a12cb48849ec,50.0,0.0,LB,103,0,time_critical_lightweight,task_time_critical_lightweight_2,emergency,0,1,0.7377905179466021
90171fbe6c43d824744bf74c21cfb67be192844fb30442991e2a129a5952d714,101,1,uav_1,3080.0,154,1.0,suffix_local,13800.0,690,50.0,0,,-1,E4,delivered,53,154,LB-v1-20260822,50.0,153,35.801184471469746,100.0,ER-HLNS-parallel-rescue,4622.917826000115,4622.917826000115,1,63e92bcf060179d244f3cac024c7b4b990d7c22dc73c78adcec9a12cb48849ec,0.0,35.801184471469746,LB,103,1,time_critical_lightweight,task_time_critical_lightweight_3,emergency,0,1,0.993001467773675
90171fbe6c43d824744bf74c21cfb67be192844fb30442991e2a129a5952d714,181,1,uav_2,3620.0,181,1.0,suffix_local,14400.0,720,50.0,0,,-1,E4,delivered,0,181,LB-v1-20260822,50.0,180,21.161104215800528,100.0,ER-HLNS-parallel-rescue,7874.47009238337,7874.47009238337,1,63e92bcf060179d244f3cac024c7b4b990d7c22dc73c78adcec9a12cb48849ec,0.0,21.161104215800528,LB,103,1,time_critical_lightweight,task_time_critical_lightweight_4,emergency,0,1,0.8793174987113003
90171fbe6c43d824744bf74c21cfb67be192844fb30442991e2a129a5952d714,103,0,None,-1.0,-1,0.0,suffix_local,15960.0,798,50.0,1,lifeline_zero,266,E4,failed,144,-1,LB-v1-20260822,0.0,268,0.0,100.0,ER-HLNS-parallel-rescue,15631.763761674247,15631.763761674247,0,63e92bcf060179d244f3cac024c7b4b990d7c22dc73c78adcec9a12cb48849ec,50.0,0.0,LB,103,0,time_critical_lightweight,task_time_critical_lightweight_5,emergency,0,1,0.7453071219044164
90171fbe6c43d824744bf74c21cfb67be192844fb30442991e2a129a5952d714,110,0,None,-1.0,-1,0.0,suffix_local,16560.0,828,50.0,1,lifeline_zero,262,E4,failed,76,-1,LB-v1-20260822,0.0,261,0.0,100.0,ER-HLNS-parallel-rescue,8424.160448484647,8424.160448484647,0,63e92bcf060179d244f3cac024c7b4b990d7c22dc73c78adcec9a12cb48849ec,50.0,0.0,LB,103,0,time_critical_lightweight,task_time_critical_lightweight_6,emergency,0,1,0.9405001457932693
90171fbe6c43d824744bf74c21cfb67be192844fb30442991e2a129a5952d714,58,1,uav_4,4380.0,219,1.0,suffix_local,17160.0,858,50.0,0,,-1,E4,delivered,144,219,LB-v1-20260822,50.0,219,9.513508507234677,100.0,ER-HLNS-parallel-rescue,8257.460786599386,8257.460786599386,1,63e92bcf060179d244f3cac024c7b4b990d7c22dc73c78adcec9a12cb48849ec,0.0,9.513508507234677,LB,103,1,time_critical_lightweight,task_time_critical_lightweight_7,emergency,0,1,0.9967292359223714
90171fbe6c43d824744bf74c21cfb67be192844fb30442991e2a129a5952d714,32,1,uav_1,640.0,32,1.0,suffix_local,16800.0,840,50.0,0,,-1,E4,delivered,0,32,LB-v1-20260822,50.0,31,86.7717069807001,100.0,ER-HLNS-parallel-rescue,2438.790356782932,2438.790356782932,1,63e92bcf060179d244f3cac024c7b4b990d7c22dc73c78adcec9a12cb48849ec,0.0,86.7717069807001,LB,103,1,time_critical_lightweight,task_time_critical_lightweight_8,emergency,0,1,0.956249863078559
90171fbe6c43d824744bf74c21cfb67be192844fb30442991e2a129a5952d714,30,1,uav_4,1400.0,70,1.0,suffix_local,17400.0,870,50.0,0,,-1,E4,delivered,46,70,LB-v1-20260822,50.0,75,65.96660001322499,100.0,ER-HLNS-parallel-rescue,5229.962687587301,5229.962687587301,1,63e92bcf060179d244f3cac024c7b4b990d7c22dc73c78adcec9a12cb48849ec,0.0,65.96660001322499,LB,103,1,time_critical_lightweight,task_time_critical_lightweight_9,emergency,0,1,0.99615912292639
90171fbe6c43d824744bf74c21cfb67be192844fb30442991e2a129a5952d714,21,1,uav_5,1060.0,53,1.0,suffix_local,18000.0,900,50.0,0,,-1,E4,delivered,32,53,LB-v1-20260822,50.0,52,81.44192479395005,100.0,ER-HLNS-parallel-rescue,4101.291462269308,4101.291462269308,1,63e92bcf060179d244f3cac024c7b4b990d7c22dc73c78adcec9a12cb48849ec,0.0,81.44192479395005,LB,103,1,time_critical_lightweight,task_time_critical_lightweight_10,emergency,0,1,0.7679542876123209
90171fbe6c43d824744bf74c21cfb67be192844fb30442991e2a129a5952d714,76,0,None,-1.0,-1,0.0,suffix_local,18600.0,930,50.0,1,lifeline_zero,250,E4,failed,158,-1,LB-v1-20260822,0.0,241,0.0,100.0,ER-HLNS-parallel-rescue,9892.748184234893,9892.748184234893,0,63e92bcf060179d244f3cac024c7b4b990d7c22dc73c78adcec9a12cb48849ec,50.0,0.0,LB,103,0,time_critical_lightweight,task_time_critical_lightweight_11,emergency,0,1,0.8558745641192899
90171fbe6c43d824744bf74c21cfb67be192844fb30442991e2a129a5952d714,179,0,None,-1.0,-1,0.0,suffix_local,19200.0,960,800.0,1,deadline_exceeded,961,E4,failed,290,-1,LB-v1-20260822,0.0,476,0.8156339285624098,100.0,ER-HLNS-parallel-rescue,5272.8843626741755,5272.8843626741755,0,c72e7a8af14c09cdfead5a9164ca20bc565402829242dad3ead668243caf2fce,800.0,0.0,LB,104,0,routine_bulk,task_routine_bulk_0,normal,1,0,0.47918201810372657
90171fbe6c43d824744bf74c21cfb67be192844fb30442991e2a129a5952d714,12,1,truck_3,1980.0,99,1.0,suffix_local,20400.0,1020,800.0,0,,-1,E4,delivered,87,99,LB-v1-20260822,800.0,98,88.96289620099411,100.0,ER-HLNS-parallel-rescue,7568.357709164488,7568.357709164488,1,c72e7a8af14c09cdfead5a9164ca20bc565402829242dad3ead668243caf2fce,0.0,88.96289620099411,LB,104,1,routine_bulk,task_routine_bulk_1,normal,1,0,0.5886518651509982
90171fbe6c43d824744bf74c21cfb67be192844fb30442991e2a129a5952d714,65,0,None,-1.0,-1,0.0,suffix_local,21600.0,1080,800.0,1,deadline_exceeded,1081,E4,failed,290,-1,LB-v1-20260822,0.0,354,10.030242788472851,100.0,ER-HLNS-parallel-rescue,6249.3846204323945,6249.3846204323945,0,c72e7a8af14c09cdfead5a9164ca20bc565402829242dad3ead668243caf2fce,800.0,0.0,LB,104,0,routine_bulk,task_routine_bulk_2,normal,1,0,0.276105417555162
90171fbe6c43d824744bf74c21cfb67be192844fb30442991e2a129a5952d714,0,0,None,-1.0,-1,0.0,suffix_local,22800.0,1140,800.0,1,lifeline_zero,997,E4,failed,-1,-1,LB-v1-20260822,0.0,-1,0.0,100.0,ER-HLNS-parallel-rescue,6698.28848762556,6698.28848762556,0,c72e7a8af14c09cdfead5a9164ca20bc565402829242dad3ead668243caf2fce,800.0,0.0,LB,104,0,routine_bulk,task_routine_bulk_3,normal,1,0,0.48560807268183753
90171fbe6c43d824744bf74c21cfb67be192844fb30442991e2a129a5952d714,0,1,truck_2,2880.0,144,1.0,suffix_local,24000.0,1200,800.0,0,,-1,E4,delivered,-1,144,LB-v1-20260822,800.0,-1,84.59697550463424,100.0,ER-HLNS-parallel-rescue,7570.960812820636,7570.960812820636,1,c72e7a8af14c09cdfead5a9164ca20bc565402829242dad3ead668243caf2fce,0.0,84.59697550463424,LB,104,1,routine_bulk,task_routine_bulk_4,normal,1,0,0.5478035996107795
90171fbe6c43d824744bf74c21cfb67be192844fb30442991e2a129a5952d714,119,1,truck_2,6200.0,310,1.0,suffix_local,25200.0,1260,800.0,0,,-1,E4,delivered,127,310,LB-v1-20260822,800.0,289,72.64918877091785,100.0,ER-HLNS-parallel-rescue,7123.574472651179,7123.574472651179,1,c72e7a8af14c09cdfead5a9164ca20bc565402829242dad3ead668243caf2fce,0.0,72.64918877091785,LB,104,1,routine_bulk,task_routine_bulk_5,normal,1,0,0.35137426266199645
90171fbe6c43d824744bf74c21cfb67be192844fb30442991e2a129a5952d714,92,1,truck_3,6520.0,326,1.0,suffix_local,26400.0,1320,800.0,0,,-1,E4,delivered,206,326,LB-v1-20260822,800.0,321,67.51647234401018,100.0,ER-HLNS-parallel-rescue,6156.526159856502,6156.526159856502,1,c72e7a8af14c09cdfead5a9164ca20bc565402829242dad3ead668243caf2fce,0.0,67.51647234401018,LB,104,1,routine_bulk,task_routine_bulk_6,normal,1,0,0.4791203724344151
90171fbe6c43d824744bf74c21cfb67be192844fb30442991e2a129a5952d714,50,1,truck_3,3400.0,170,1.0,suffix_local,27600.0,1380,800.0,0,,-1,E4,delivered,111,170,LB-v1-20260822,800.0,160,84.07172329170967,100.0,ER-HLNS-parallel-rescue,7985.041925894773,7985.041925894773,1,c72e7a8af14c09cdfead5a9164ca20bc565402829242dad3ead668243caf2fce,0.0,84.07172329170967,LB,104,1,routine_bulk,task_routine_bulk_7,normal,1,0,0.41526441828837324
90171fbe6c43d824744bf74c21cfb67be192844fb30442991e2a129a5952d714,19,0,None,-1.0,-1,0.0,suffix_local,12000.0,600,50.0,1,lifeline_zero,278,E4,failed,50,-1,LB-v1-20260822,0.0,254,0.0,100.0,ER-HLNS-parallel-rescue,7023.7895527980045,7023.7895527980045,0,c72e7a8af14c09cdfead5a9164ca20bc565402829242dad3ead668243caf2fce,50.0,0.0,LB,104,0,time_critical_lightweight,task_time_critical_lightweight_0,emergency,0,1,0.7334050411538343
90171fbe6c43d824744bf74c21cfb67be192844fb30442991e2a129a5952d714,26,1,uav_2,4880.0,244,1.0,suffix_local,12600.0,630,50.0,0,,-1,E4,delivered,218,244,LB-v1-20260822,50.0,243,15.393590995254081,100.0,ER-HLNS-parallel-rescue,7820.4684819216145,7820.4684819216145,1,c72e7a8af14c09cdfead5a9164ca20bc565402829242dad3ead668243caf2fce,0.0,15.393590995254081,LB,104,1,time_critical_lightweight,task_time_critical_lightweight_1,emergency,0,1,0.7756329563794074
90171fbe6c43d824744bf74c21cfb67be192844fb30442991e2a129a5952d714,0,0,None,-1.0,-1,0.0,suffix_local,14160.0,708,50.0,1,lifeline_zero,280,E4,failed,-1,-1,LB-v1-20260822,0.0,-1,0.0,100.0,ER-HLNS-parallel-rescue,10205.303898503826,10205.303898503826,0,c72e7a8af14c09cdfead5a9164ca20bc565402829242dad3ead668243caf2fce,50.0,0.0,LB,104,0,time_critical_lightweight,task_time_critical_lightweight_2,emergency,0,1,0.7888680287525364
90171fbe6c43d824744bf74c21cfb67be192844fb30442991e2a129a5952d714,40,1,uav_3,2360.0,118,1.0,suffix_local,13800.0,690,50.0,0,,-1,E4,delivered,87,118,LB-v1-20260822,50.0,126,56.72785690181488,100.0,ER-HLNS-parallel-rescue,16046.827472122433,16046.827472122433,1,c72e7a8af14c09cdfead5a9164ca20bc565402829242dad3ead668243caf2fce,0.0,56.72785690181488,LB,104,1,time_critical_lightweight,task_time_critical_lightweight_3,emergency,0,1,0.8367675481815295
90171fbe6c43d824744bf74c21cfb67be192844fb30442991e2a129a5952d714,14,1,uav_2,4120.0,206,1.0,suffix_local,15360.0,768,50.0,0,,-1,E4,delivered,192,206,LB-v1-20260822,50.0,205,27.121303047742632,100.0,ER-HLNS-parallel-rescue,9174.482219933043,9174.482219933043,1,c72e7a8af14c09cdfead5a9164ca20bc565402829242dad3ead668243caf2fce,0.0,27.121303047742632,LB,104,1,time_critical_lightweight,task_time_critical_lightweight_4,emergency,0,1,0.8127661232413205
90171fbe6c43d824744bf74c21cfb67be192844fb30442991e2a129a5952d714,64,0,None,-1.0,-1,0.0,suffix_local,15960.0,798,50.0,1,lifeline_zero,281,E4,failed,116,-1,LB-v1-20260822,0.0,179,0.0,100.0,ER-HLNS-parallel-rescue,19651.540378591842,19651.540378591842,0,c72e7a8af14c09cdfead5a9164ca20bc565402829242dad3ead668243caf2fce,50.0,0.0,LB,104,0,time_critical_lightweight,task_time_critical_lightweight_5,emergency,0,1,0.8423225708886023
90171fbe6c43d824744bf74c21cfb67be192844fb30442991e2a129a5952d714,87,1,uav_3,1740.0,87,1.0,suffix_local,15600.0,780,50.0,0,,-1,E4,delivered,0,87,LB-v1-20260822,50.0,86,67.29267205498947,100.0,ER-HLNS-parallel-rescue,7018.248876048752,7018.248876048752,1,c72e7a8af14c09cdfead5a9164ca20bc565402829242dad3ead668243caf2fce,0.0,67.29267205498947,LB,104,1,time_critical_lightweight,task_time_critical_lightweight_6,emergency,0,1,0.8491294207660127
90171fbe6c43d824744bf74c21cfb67be192844fb30442991e2a129a5952d714,21,0,None,-1.0,-1,0.0,suffix_local,16200.0,810,50.0,1,lifeline_zero,248,E4,failed,144,-1,LB-v1-20260822,0.0,164,0.0,100.0,ER-HLNS-parallel-rescue,8377.6446781383,8377.6446781383,0,c72e7a8af14c09cdfead5a9164ca20bc565402829242dad3ead668243caf2fce,50.0,0.0,LB,104,0,time_critical_lightweight,task_time_critical_lightweight_7,emergency,0,1,0.9286770435131199
90171fbe6c43d824744bf74c21cfb67be192844fb30442991e2a129a5952d714,111,1,uav_1,2220.0,111,1.0,suffix_local,16800.0,840,50.0,0,,-1,E4,delivered,0,111,LB-v1-20260822,50.0,110,60.04662216435867,100.0,ER-HLNS-parallel-rescue,9300.70569730297,9300.70569730297,1,c72e7a8af14c09cdfead5a9164ca20bc565402829242dad3ead668243caf2fce,0.0,60.04662216435867,LB,104,1,time_critical_lightweight,task_time_critical_lightweight_8,emergency,0,1,0.8211665605115068
90171fbe6c43d824744bf74c21cfb67be192844fb30442991e2a129a5952d714,103,1,uav_2,3620.0,181,1.0,suffix_local,17400.0,870,50.0,0,,-1,E4,delivered,0,181,LB-v1-20260822,50.0,164,31.27559983578921,100.0,ER-HLNS-parallel-rescue,7532.933777727172,7532.933777727172,1,c72e7a8af14c09cdfead5a9164ca20bc565402829242dad3ead668243caf2fce,0.0,31.27559983578921,LB,104,1,time_critical_lightweight,task_time_critical_lightweight_9,emergency,0,1,0.8946614200318721
90171fbe6c43d824744bf74c21cfb67be192844fb30442991e2a129a5952d714,5,1,uav_5,2300.0,115,1.0,suffix_local,18000.0,900,50.0,0,,-1,E4,delivered,111,115,LB-v1-20260822,50.0,115,56.072536392839446,100.0,ER-HLNS-parallel-rescue,12110.343999723837,12110.343999723837,1,c72e7a8af14c09cdfead5a9164ca20bc565402829242dad3ead668243caf2fce,0.0,56.072536392839446,LB,104,1,time_critical_lightweight,task_time_critical_lightweight_10,emergency,0,1,0.9073734486686894
90171fbe6c43d824744bf74c21cfb67be192844fb30442991e2a129a5952d714,226,0,None,-1.0,-1,0.0,suffix_local,18600.0,930,50.0,1,lifeline_zero,255,E4,failed,0,-1,LB-v1-20260822,0.0,254,0.0,100.0,ER-HLNS-parallel-rescue,5010.518718001438,5010.518718001438,0,c72e7a8af14c09cdfead5a9164ca20bc565402829242dad3ead668243caf2fce,50.0,0.0,LB,104,0,time_critical_lightweight,task_time_critical_lightweight_11,emergency,0,1,0.7839172668337464
90171fbe6c43d824744bf74c21cfb67be192844fb30442991e2a129a5952d714,0,1,truck_2,740.0,37,1.0,suffix_local,19200.0,960,800.0,0,,-1,E4,delivered,-1,37,LB-v1-20260822,800.0,-1,96.54777720445192,100.0,ER-HLNS-parallel-rescue,3049.050045046094,3049.050045046094,1,c8b0c582304d8a9c77f6d75116866afa5228cd3bcf103200933ed5202fe5a2d0,0.0,96.54777720445192,LB,106,1,routine_bulk,task_routine_bulk_0,normal,1,0,0.3041748807187687
90171fbe6c43d824744bf74c21cfb67be192844fb30442991e2a129a5952d714,72,1,truck_2,6220.0,311,1.0,suffix_local,20400.0,1020,800.0,0,,-1,E4,delivered,239,311,LB-v1-20260822,800.0,310,75.78640224732345,100.0,ER-HLNS-parallel-rescue,11755.03202291802,11755.03202291802,1,c8b0c582304d8a9c77f6d75116866afa5228cd3bcf103200933ed5202fe5a2d0,0.0,75.78640224732345,LB,106,1,routine_bulk,task_routine_bulk_1,normal,1,0,0.23717705835687986
90171fbe6c43d824744bf74c21cfb67be192844fb30442991e2a129a5952d714,52,0,None,-1.0,-1,0.0,suffix_local,21600.0,1080,800.0,1,deadline_exceeded,1081,E4,failed,197,-1,LB-v1-20260822,0.0,256,20.801206276397178,100.0,ER-HLNS-parallel-rescue,7762.225913505712,7762.225913505712,0,c8b0c582304d8a9c77f6d75116866afa5228cd3bcf103200933ed5202fe5a2d0,800.0,0.0,LB,106,0,routine_bulk,task_routine_bulk_2,normal,1,0,0.20180158138940132
90171fbe6c43d824744bf74c21cfb67be192844fb30442991e2a129a5952d714,77,0,None,-1.0,-1,0.0,suffix_local,22800.0,1140,800.0,1,lifeline_zero,1126,E4,failed,180,-1,LB-v1-20260822,0.0,256,0.0,100.0,ER-HLNS-parallel-rescue,7568.718729445891,7568.718729445891,0,c8b0c582304d8a9c77f6d75116866afa5228cd3bcf103200933ed5202fe5a2d0,800.0,0.0,LB,106,0,routine_bulk,task_routine_bulk_3,normal,1,0,0.3703078937759816
90171fbe6c43d824744bf74c21cfb67be192844fb30442991e2a129a5952d714,0,1,truck_3,2120.0,106,1.0,suffix_local,24000.0,1200,800.0,0,,-1,E4,delivered,-1,106,LB-v1-20260822,800.0,-1,91.41083586159287,100.0,ER-HLNS-parallel-rescue,7346.585050938757,7346.585050938757,1,c8b0c582304d8a9c77f6d75116866afa5228cd3bcf103200933ed5202fe5a2d0,0.0,91.41083586159287,LB,106,1,routine_bulk,task_routine_bulk_4,normal,1,0,0.25635863431386674
90171fbe6c43d824744bf74c21cfb67be192844fb30442991e2a129a5952d714,9,1,truck_0,180.0,9,1.0,suffix_local,25200.0,1260,800.0,0,,-1,E4,delivered,0,9,LB-v1-20260822,800.0,8,98.94528326534876,100.0,ER-HLNS-parallel-rescue,321.7564136050573,321.7564136050573,1,c8b0c582304d8a9c77f6d75116866afa5228cd3bcf103200933ed5202fe5a2d0,0.0,98.94528326534876,LB,106,1,routine_bulk,task_routine_bulk_5,normal,1,0,0.5920820278261801
90171fbe6c43d824744bf74c21cfb67be192844fb30442991e2a129a5952d714,14,1,truck_3,280.0,14,1.0,suffix_local,26400.0,1320,800.0,0,,-1,E4,delivered,0,14,LB-v1-20260822,800.0,13,98.72376561355583,100.0,ER-HLNS-parallel-rescue,741.1163378438463,741.1163378438463,1,c8b0c582304d8a9c77f6d75116866afa5228cd3bcf103200933ed5202fe5a2d0,0.0,98.72376561355583,LB,106,1,routine_bulk,task_routine_bulk_6,normal,1,0,0.3294775831790963
90171fbe6c43d824744bf74c21cfb67be192844fb30442991e2a129a5952d714,12,0,None,-1.0,-1,0.0,suffix_local,27600.0,1380,800.0,1,lifeline_zero,947,E4,failed,138,-1,LB-v1-20260822,0.0,149,0.0,100.0,ER-HLNS-parallel-rescue,4309.209615779867,4309.209615779867,0,c8b0c582304d8a9c77f6d75116866afa5228cd3bcf103200933ed5202fe5a2d0,800.0,0.0,LB,106,0,routine_bulk,task_routine_bulk_7,normal,1,0,0.5555376124004635
90171fbe6c43d824744bf74c21cfb67be192844fb30442991e2a129a5952d714,9,1,uav_2,3600.0,180,1.0,suffix_local,12000.0,600,50.0,0,,-1,E4,delivered,171,180,LB-v1-20260822,50.0,179,38.44353948308642,100.0,ER-HLNS-parallel-rescue,11354.674767540788,11354.674767540788,1,c8b0c582304d8a9c77f6d75116866afa5228cd3bcf103200933ed5202fe5a2d0,0.0,38.44353948308642,LB,106,1,time_critical_lightweight,task_time_critical_lightweight_0,emergency,0,1,0.774646165207239
90171fbe6c43d824744bf74c21cfb67be192844fb30442991e2a129a5952d714,85,1,uav_2,1700.0,85,1.0,suffix_local,12600.0,630,50.0,0,,-1,E4,delivered,0,85,LB-v1-20260822,50.0,84,68.13075025467236,100.0,ER-HLNS-parallel-rescue,7230.961196434538,7230.961196434538,1,c8b0c582304d8a9c77f6d75116866afa5228cd3bcf103200933ed5202fe5a2d0,0.0,68.13075025467236,LB,106,1,time_critical_lightweight,task_time_critical_lightweight_1,emergency,0,1,0.7809525578988008
90171fbe6c43d824744bf74c21cfb67be192844fb30442991e2a129a5952d714,99,1,uav_3,3720.0,186,1.0,suffix_local,13200.0,660,50.0,0,,-1,E4,delivered,27,186,LB-v1-20260822,50.0,185,28.680286162493967,100.0,ER-HLNS-parallel-rescue,9555.659530191586,9555.659530191586,1,c8b0c582304d8a9c77f6d75116866afa5228cd3bcf103200933ed5202fe5a2d0,0.0,28.680286162493967,LB,106,1,time_critical_lightweight,task_time_critical_lightweight_2,emergency,0,1,0.9049880278821211
90171fbe6c43d824744bf74c21cfb67be192844fb30442991e2a129a5952d714,27,1,uav_1,540.0,27,1.0,suffix_local,13800.0,690,50.0,0,,-1,E4,delivered,0,27,LB-v1-20260822,50.0,26,90.38111971911025,100.0,ER-HLNS-parallel-rescue,2616.5347358552845,2616.5347358552845,1,c8b0c582304d8a9c77f6d75116866afa5228cd3bcf103200933ed5202fe5a2d0,0.0,90.38111971911025,LB,106,1,time_critical_lightweight,task_time_critical_lightweight_3,emergency,0,1,0.7465918500496874
90171fbe6c43d824744bf74c21cfb67be192844fb30442991e2a129a5952d714,84,1,uav_0,1860.0,93,1.0,suffix_local,14400.0,720,50.0,0,,-1,E4,delivered,9,93,LB-v1-20260822,50.0,92,63.66083852970235,100.0,ER-HLNS-parallel-rescue,4481.754838637108,4481.754838637108,1,c8b0c582304d8a9c77f6d75116866afa5228cd3bcf103200933ed5202fe5a2d0,0.0,63.66083852970235,LB,106,1,time_critical_lightweight,task_time_critical_lightweight_4,emergency,0,1,0.7312565824232282
90171fbe6c43d824744bf74c21cfb67be192844fb30442991e2a129a5952d714,73,1,uav_2,3340.0,167,1.0,suffix_local,15000.0,750,50.0,0,,-1,E4,delivered,94,167,LB-v1-20260822,50.0,166,34.912060192808966,100.0,ER-HLNS-parallel-rescue,9318.293364685915,9318.293364685915,1,c8b0c582304d8a9c77f6d75116866afa5228cd3bcf103200933ed5202fe5a2d0,0.0,34.912060192808966,LB,106,1,time_critical_lightweight,task_time_critical_lightweight_5,emergency,0,1,0.9426048541447214
90171fbe6c43d824744bf74c21cfb67be192844fb30442991e2a129a5952d714,9,1,uav_2,1880.0,94,1.0,suffix_local,15600.0,780,50.0,0,,-1,E4,delivered,85,94,LB-v1-20260822,50.0,93,64.45872274407185,100.0,ER-HLNS-parallel-rescue,8013.192717317415,8013.192717317415,1,c8b0c582304d8a9c77f6d75116866afa5228cd3bcf103200933ed5202fe5a2d0,0.0,64.45872274407185,LB,106,1,time_critical_lightweight,task_time_critical_lightweight_6,emergency,0,1,0.8110072138332803
90171fbe6c43d824744bf74c21cfb67be192844fb30442991e2a129a5952d714,34,0,None,-1.0,-1,0.0,suffix_local,17160.0,858,50.0,1,lifeline_zero,232,E4,failed,150,-1,LB-v1-20260822,0.0,208,0.0,100.0,ER-HLNS-parallel-rescue,13599.829777370682,13599.829777370682,0,c8b0c582304d8a9c77f6d75116866afa5228cd3bcf103200933ed5202fe5a2d0,50.0,0.0,LB,106,0,time_critical_lightweight,task_time_critical_lightweight_7,emergency,0,1,0.8975879731334194
90171fbe6c43d824744bf74c21cfb67be192844fb30442991e2a129a5952d714,60,1,uav_3,3780.0,189,1.0,suffix_local,16800.0,840,50.0,0,,-1,E4,delivered,94,189,LB-v1-20260822,50.0,188,25.00461498199457,100.0,ER-HLNS-parallel-rescue,9583.174302716527,9583.174302716527,1,c8b0c582304d8a9c77f6d75116866afa5228cd3bcf103200933ed5202fe5a2d0,0.0,25.00461498199457,LB,106,1,time_critical_lightweight,task_time_critical_lightweight_8,emergency,0,1,0.9606920144075497
90171fbe6c43d824744bf74c21cfb67be192844fb30442991e2a129a5952d714,38,1,uav_0,4940.0,247,1.0,suffix_local,18360.0,918,50.0,0,,-1,E4,delivered,209,247,LB-v1-20260822,50.0,246,12.365145714731428,100.0,ER-HLNS-parallel-rescue,11419.695818305287,11419.695818305287,1,c8b0c582304d8a9c77f6d75116866afa5228cd3bcf103200933ed5202fe5a2d0,0.0,12.365145714731428,LB,106,1,time_critical_lightweight,task_time_critical_lightweight_9,emergency,0,1,0.7350690289126702
90171fbe6c43d824744bf74c21cfb67be192844fb30442991e2a129a5952d714,144,1,uav_3,3940.0,197,1.0,suffix_local,18960.0,948,50.0,0,,-1,E4,delivered,14,197,LB-v1-20260822,50.0,196,29.71850484005934,100.0,ER-HLNS-parallel-rescue,9944.256660494088,9944.256660494088,1,c8b0c582304d8a9c77f6d75116866afa5228cd3bcf103200933ed5202fe5a2d0,0.0,29.71850484005934,LB,106,1,time_critical_lightweight,task_time_critical_lightweight_10,emergency,0,1,0.8116832852154032
90171fbe6c43d824744bf74c21cfb67be192844fb30442991e2a129a5952d714,167,1,uav_5,5380.0,269,1.0,suffix_local,18600.0,930,50.0,0,,-1,E4,delivered,90,269,LB-v1-20260822,50.0,268,2.761653015353807,100.0,ER-HLNS-parallel-rescue,9249.538160907647,9249.538160907647,1,c8b0c582304d8a9c77f6d75116866afa5228cd3bcf103200933ed5202fe5a2d0,0.0,2.761653015353807,LB,106,1,time_critical_lightweight,task_time_critical_lightweight_11,emergency,0,1,0.8206547515719875
90171fbe6c43d824744bf74c21cfb67be192844fb30442991e2a129a5952d714,0,1,truck_3,2500.0,125,1.0,suffix_local,19200.0,960,800.0,0,,-1,E4,delivered,-1,125,LB-v1-20260822,800.0,-1,86.53595358227145,100.0,ER-HLNS-parallel-rescue,4676.861376701063,4676.861376701063,1,312c0b294c114f0cc8f9b2f251eeb589f2f7e07bdbabc2ca2ec473197ffa18d8,0.0,86.53595358227145,LB,107,1,routine_bulk,task_routine_bulk_0,normal,1,0,0.5706680857831006
90171fbe6c43d824744bf74c21cfb67be192844fb30442991e2a129a5952d714,62,1,truck_0,2480.0,124,1.0,suffix_local,20400.0,1020,800.0,0,,-1,E4,delivered,62,124,LB-v1-20260822,800.0,123,89.97671937454982,100.0,ER-HLNS-parallel-rescue,4365.266097324558,4365.266097324558,1,312c0b294c114f0cc8f9b2f251eeb589f2f7e07bdbabc2ca2ec473197ffa18d8,0.0,89.97671937454982,LB,107,1,routine_bulk,task_routine_bulk_1,normal,1,0,0.2966517718910157
90171fbe6c43d824744bf74c21cfb67be192844fb30442991e2a129a5952d714,0,1,truck_0,760.0,38,1.0,suffix_local,21600.0,1080,800.0,0,,-1,E4,delivered,-1,38,LB-v1-20260822,800.0,-1,95.95163454467597,100.0,ER-HLNS-parallel-rescue,3168.672550952722,3168.672550952722,1,312c0b294c114f0cc8f9b2f251eeb589f2f7e07bdbabc2ca2ec473197ffa18d8,0.0,95.95163454467597,LB,107,1,routine_bulk,task_routine_bulk_2,normal,1,0,0.5547067970949975
90171fbe6c43d824744bf74c21cfb67be192844fb30442991e2a129a5952d714,0,1,truck_0,2780.0,139,1.0,suffix_local,22800.0,1140,800.0,0,,-1,E4,delivered,-1,139,LB-v1-20260822,800.0,-1,89.38189482261204,100.0,ER-HLNS-parallel-rescue,3245.16352904983,3245.16352904983,1,312c0b294c114f0cc8f9b2f251eeb589f2f7e07bdbabc2ca2ec473197ffa18d8,0.0,89.38189482261204,LB,107,1,routine_bulk,task_routine_bulk_3,normal,1,0,0.2436562031867523
90171fbe6c43d824744bf74c21cfb67be192844fb30442991e2a129a5952d714,68,1,truck_3,3540.0,177,1.0,suffix_local,24000.0,1200,800.0,0,,-1,E4,delivered,109,177,LB-v1-20260822,800.0,176,83.45777799140325,100.0,ER-HLNS-parallel-rescue,5980.171646239756,5980.171646239756,1,312c0b294c114f0cc8f9b2f251eeb589f2f7e07bdbabc2ca2ec473197ffa18d8,0.0,83.45777799140325,LB,107,1,routine_bulk,task_routine_bulk_4,normal,1,0,0.4304808019757515
90171fbe6c43d824744bf74c21cfb67be192844fb30442991e2a129a5952d714,83,1,truck_1,4480.0,224,1.0,suffix_local,25200.0,1260,800.0,0,,-1,E4,delivered,91,224,LB-v1-20260822,800.0,223,79.54870102316546,100.0,ER-HLNS-parallel-rescue,4790.794991940095,4790.794991940095,1,312c0b294c114f0cc8f9b2f251eeb589f2f7e07bdbabc2ca2ec473197ffa18d8,0.0,79.54870102316546,LB,107,1,routine_bulk,task_routine_bulk_5,normal,1,0,0.3804450519899658
90171fbe6c43d824744bf74c21cfb67be192844fb30442991e2a129a5952d714,210,0,None,-1.0,-1,0.0,suffix_local,26400.0,1320,800.0,1,lifeline_zero,1299,E4,failed,157,-1,LB-v1-20260822,0.0,395,0.0,100.0,ER-HLNS-parallel-rescue,9323.57765247018,9323.57765247018,0,312c0b294c114f0cc8f9b2f251eeb589f2f7e07bdbabc2ca2ec473197ffa18d8,800.0,0.0,LB,107,0,routine_bulk,task_routine_bulk_6,normal,1,0,0.2221731791610967
90171fbe6c43d824744bf74c21cfb67be192844fb30442991e2a129a5952d714,101,1,truck_0,4900.0,245,1.0,suffix_local,27600.0,1380,800.0,0,,-1,E4,delivered,124,245,LB-v1-20260822,800.0,244,76.47517362452754,100.0,ER-HLNS-parallel-rescue,2675.351273261336,2675.351273261336,1,312c0b294c114f0cc8f9b2f251eeb589f2f7e07bdbabc2ca2ec473197ffa18d8,0.0,76.47517362452754,LB,107,1,routine_bulk,task_routine_bulk_7,normal,1,0,0.4377062722154169
90171fbe6c43d824744bf74c21cfb67be192844fb30442991e2a129a5952d714,142,1,uav_0,3640.0,182,1.0,suffix_local,12000.0,600,50.0,0,,-1,E4,delivered,22,182,LB-v1-20260822,50.0,181,33.43847379546197,100.0,ER-HLNS-parallel-rescue,5394.62580921223,5394.62580921223,1,312c0b294c114f0cc8f9b2f251eeb589f2f7e07bdbabc2ca2ec473197ffa18d8,0.0,33.43847379546197,LB,107,1,time_critical_lightweight,task_time_critical_lightweight_0,emergency,0,1,0.8302499593770897
90171fbe6c43d824744bf74c21cfb67be192844fb30442991e2a129a5952d714,15,1,uav_3,300.0,15,1.0,suffix_local,12600.0,630,50.0,0,,-1,E4,delivered,0,15,LB-v1-20260822,50.0,14,94.4948036701811,100.0,ER-HLNS-parallel-rescue,1255.9076213524656,1255.9076213524656,1,312c0b294c114f0cc8f9b2f251eeb589f2f7e07bdbabc2ca2ec473197ffa18d8,0.0,94.4948036701811,LB,107,1,time_critical_lightweight,task_time_critical_lightweight_1,emergency,0,1,0.7411016998019768
90171fbe6c43d824744bf74c21cfb67be192844fb30442991e2a129a5952d714,20,1,uav_1,1640.0,82,1.0,suffix_local,14160.0,708,50.0,0,,-1,E4,delivered,62,82,LB-v1-20260822,50.0,81,72.73296331036224,100.0,ER-HLNS-parallel-rescue,8978.493170966221,8978.493170966221,1,312c0b294c114f0cc8f9b2f251eeb589f2f7e07bdbabc2ca2ec473197ffa18d8,0.0,72.73296331036224,LB,107,1,time_critical_lightweight,task_time_critical_lightweight_2,emergency,0,1,0.7545769185202815
90171fbe6c43d824744bf74c21cfb67be192844fb30442991e2a129a5952d714,9,1,uav_5,2140.0,107,1.0,suffix_local,14760.0,738,50.0,0,,-1,E4,delivered,82,107,LB-v1-20260822,50.0,90,62.3666422794286,100.0,ER-HLNS-parallel-rescue,9241.05280832803,9241.05280832803,1,312c0b294c114f0cc8f9b2f251eeb589f2f7e07bdbabc2ca2ec473197ffa18d8,0.0,62.3666422794286,LB,107,1,time_critical_lightweight,task_time_critical_lightweight_3,emergency,0,1,0.8390694278116883
90171fbe6c43d824744bf74c21cfb67be192844fb30442991e2a129a5952d714,28,1,uav_0,560.0,28,1.0,suffix_local,14400.0,720,50.0,0,,-1,E4,delivered,0,28,LB-v1-20260822,50.0,27,90.0398870849192,100.0,ER-HLNS-parallel-rescue,2739.1399798010775,2739.1399798010775,1,312c0b294c114f0cc8f9b2f251eeb589f2f7e07bdbabc2ca2ec473197ffa18d8,0.0,90.0398870849192,LB,107,1,time_critical_lightweight,task_time_critical_lightweight_4,emergency,0,1,0.8046278717993235
90171fbe6c43d824744bf74c21cfb67be192844fb30442991e2a129a5952d714,94,1,uav_3,2180.0,109,1.0,suffix_local,15000.0,750,50.0,0,,-1,E4,delivered,15,109,LB-v1-20260822,50.0,108,58.35716232108504,100.0,ER-HLNS-parallel-rescue,3797.4401881228073,3797.4401881228073,1,312c0b294c114f0cc8f9b2f251eeb589f2f7e07bdbabc2ca2ec473197ffa18d8,0.0,58.35716232108504,LB,107,1,time_critical_lightweight,task_time_critical_lightweight_5,emergency,0,1,0.90085693700648
90171fbe6c43d824744bf74c21cfb67be192844fb30442991e2a129a5952d714,9,1,uav_2,3320.0,166,1.0,suffix_local,15600.0,780,50.0,0,,-1,E4,delivered,157,166,LB-v1-20260822,50.0,165,40.7521531133956,100.0,ER-HLNS-parallel-rescue,5747.812352952764,5747.812352952764,1,312c0b294c114f0cc8f9b2f251eeb589f2f7e07bdbabc2ca2ec473197ffa18d8,0.0,40.7521531133956,LB,107,1,time_critical_lightweight,task_time_critical_lightweight_6,emergency,0,1,0.7731538051901221
90171fbe6c43d824744bf74c21cfb67be192844fb30442991e2a129a5952d714,34,1,uav_2,4140.0,207,1.0,suffix_local,17160.0,858,50.0,0,,-1,E4,delivered,173,207,LB-v1-20260822,50.0,206,25.499996577381776,100.0,ER-HLNS-parallel-rescue,9338.434762348648,9338.434762348648,1,312c0b294c114f0cc8f9b2f251eeb589f2f7e07bdbabc2ca2ec473197ffa18d8,0.0,25.499996577381776,LB,107,1,time_critical_lightweight,task_time_critical_lightweight_7,emergency,0,1,0.8164838175840352
90171fbe6c43d824744bf74c21cfb67be192844fb30442991e2a129a5952d714,34,1,uav_4,1060.0,53,1.0,suffix_local,16800.0,840,50.0,0,,-1,E4,delivered,28,53,LB-v1-20260822,50.0,61,78.66123262675389,100.0,ER-HLNS-parallel-rescue,4433.27498858184,4433.27498858184,1,312c0b294c114f0cc8f9b2f251eeb589f2f7e07bdbabc2ca2ec473197ffa18d8,0.0,78.66123262675389,LB,107,1,time_critical_lightweight,task_time_critical_lightweight_8,emergency,0,1,0.969115762600605
90171fbe6c43d824744bf74c21cfb67be192844fb30442991e2a129a5952d714,22,1,uav_2,440.0,22,1.0,suffix_local,17400.0,870,50.0,0,,-1,E4,delivered,0,22,LB-v1-20260822,50.0,21,90.489922577558,100.0,ER-HLNS-parallel-rescue,1706.9408225484358,1706.9408225484358,1,312c0b294c114f0cc8f9b2f251eeb589f2f7e07bdbabc2ca2ec473197ffa18d8,0.0,90.489922577558,LB,107,1,time_critical_lightweight,task_time_critical_lightweight_9,emergency,0,1,0.9597035886893125
90171fbe6c43d824744bf74c21cfb67be192844fb30442991e2a129a5952d714,50,1,uav_1,1000.0,50,1.0,suffix_local,18000.0,900,50.0,0,,-1,E4,delivered,0,50,LB-v1-20260822,50.0,49,81.67295222089228,100.0,ER-HLNS-parallel-rescue,3763.818128189182,3763.818128189182,1,312c0b294c114f0cc8f9b2f251eeb589f2f7e07bdbabc2ca2ec473197ffa18d8,0.0,81.67295222089228,LB,107,1,time_critical_lightweight,task_time_critical_lightweight_10,emergency,0,1,0.8653418966582734
90171fbe6c43d824744bf74c21cfb67be192844fb30442991e2a129a5952d714,12,1,uav_5,1160.0,58,1.0,suffix_local,18600.0,930,50.0,0,,-1,E4,delivered,50,58,LB-v1-20260822,50.0,61,77.26099896941551,100.0,ER-HLNS-parallel-rescue,5710.389558214626,5710.389558214626,1,312c0b294c114f0cc8f9b2f251eeb589f2f7e07bdbabc2ca2ec473197ffa18d8,0.0,77.26099896941551,LB,107,1,time_critical_lightweight,task_time_critical_lightweight_11,emergency,0,1,0.961564265025886
90171fbe6c43d824744bf74c21cfb67be192844fb30442991e2a129a5952d714,0,0,None,-1.0,-1,0.0,suffix_local,19200.0,960,800.0,1,deadline_exceeded,961,E4,failed,-1,-1,LB-v1-20260822,0.0,-1,10.085083014575781,100.0,ER-HLNS-parallel-rescue,12577.323912323805,12577.323912323805,0,14716e77b84ef7e77fe9c50243a038de0fa9a0d80a3b2e2df790697faaf07941,800.0,0.0,LB,105,0,routine_bulk,task_routine_bulk_0,normal,1,0,0.4422958379032641
90171fbe6c43d824744bf74c21cfb67be192844fb30442991e2a129a5952d714,11,1,truck_2,2020.0,101,1.0,suffix_local,20400.0,1020,800.0,0,,-1,E4,delivered,90,101,LB-v1-20260822,800.0,100,90.670341956208,100.0,ER-HLNS-parallel-rescue,8114.793341322871,8114.793341322871,1,14716e77b84ef7e77fe9c50243a038de0fa9a0d80a3b2e2df790697faaf07941,0.0,90.670341956208,LB,105,1,routine_bulk,task_routine_bulk_1,normal,1,0,0.35204079810666833
90171fbe6c43d824744bf74c21cfb67be192844fb30442991e2a129a5952d714,121,1,truck_2,6740.0,337,1.0,suffix_local,21600.0,1080,800.0,0,,-1,E4,delivered,216,337,LB-v1-20260822,800.0,336,71.3690520486397,100.0,ER-HLNS-parallel-rescue,8729.62675428584,8729.62675428584,1,14716e77b84ef7e77fe9c50243a038de0fa9a0d80a3b2e2df790697faaf07941,0.0,71.3690520486397,LB,105,1,routine_bulk,task_routine_bulk_2,normal,1,0,0.287785035971319
90171fbe6c43d824744bf74c21cfb67be192844fb30442991e2a129a5952d714,93,0,None,-1.0,-1,0.0,suffix_local,22800.0,1140,800.0,1,lifeline_zero,1139,E4,failed,169,-1,LB-v1-20260822,0.0,261,0.0,100.0,ER-HLNS-parallel-rescue,5910.696567912473,5910.696567912473,0,14716e77b84ef7e77fe9c50243a038de0fa9a0d80a3b2e2df790697faaf07941,800.0,0.0,LB,105,0,routine_bulk,task_routine_bulk_3,normal,1,0,0.350797741406931
90171fbe6c43d824744bf74c21cfb67be192844fb30442991e2a129a5952d714,295,1,truck_3,9140.0,457,1.0,suffix_local,24000.0,1200,800.0,0,,-1,E4,delivered,162,457,LB-v1-20260822,800.0,456,54.84953435259528,100.0,ER-HLNS-parallel-rescue,10694.004250403128,10694.004250403128,1,14716e77b84ef7e77fe9c50243a038de0fa9a0d80a3b2e2df790697faaf07941,0.0,54.84953435259528,LB,105,1,routine_bulk,task_routine_bulk_4,normal,1,0,0.4555758510257406
90171fbe6c43d824744bf74c21cfb67be192844fb30442991e2a129a5952d714,54,0,None,-1.0,-1,0.0,suffix_local,25200.0,1260,800.0,1,lifeline_zero,1039,E4,failed,108,-1,LB-v1-20260822,0.0,161,0.0,100.0,ER-HLNS-parallel-rescue,11688.368471261618,11688.368471261618,0,14716e77b84ef7e77fe9c50243a038de0fa9a0d80a3b2e2df790697faaf07941,800.0,0.0,LB,105,0,routine_bulk,task_routine_bulk_5,normal,1,0,0.4710880429495432
90171fbe6c43d824744bf74c21cfb67be192844fb30442991e2a129a5952d714,57,1,truck_0,4560.0,228,1.0,suffix_local,26400.0,1320,800.0,0,,-1,E4,delivered,171,228,LB-v1-20260822,800.0,227,78.41560180544136,100.0,ER-HLNS-parallel-rescue,6465.741892118609,6465.741892118609,1,14716e77b84ef7e77fe9c50243a038de0fa9a0d80a3b2e2df790697faaf07941,0.0,78.41560180544136,LB,105,1,routine_bulk,task_routine_bulk_6,normal,1,0,0.4027653483499122
90171fbe6c43d824744bf74c21cfb67be192844fb30442991e2a129a5952d714,11,1,truck_0,2160.0,108,1.0,suffix_local,27600.0,1380,800.0,0,,-1,E4,delivered,97,108,LB-v1-20260822,800.0,107,88.80362520509155,100.0,ER-HLNS-parallel-rescue,5513.218277176952,5513.218277176952,1,14716e77b84ef7e77fe9c50243a038de0fa9a0d80a3b2e2df790697faaf07941,0.0,88.80362520509155,LB,105,1,routine_bulk,task_routine_bulk_7,normal,1,0,0.4532664729099701
90171fbe6c43d824744bf74c21cfb67be192844fb30442991e2a129a5952d714,42,1,uav_3,840.0,42,1.0,suffix_local,12000.0,600,50.0,0,,-1,E4,delivered,0,42,LB-v1-20260822,50.0,41,83.222807959715,100.0,ER-HLNS-parallel-rescue,3632.0997667878946,3632.0997667878946,1,14716e77b84ef7e77fe9c50243a038de0fa9a0d80a3b2e2df790697faaf07941,0.0,83.222807959715,LB,105,1,time_critical_lightweight,task_time_critical_lightweight_0,emergency,0,1,0.8976075549457397
90171fbe6c43d824744bf74c21cfb67be192844fb30442991e2a129a5952d714,52,1,uav_1,1040.0,52,1.0,suffix_local,12600.0,630,50.0,0,,-1,E4,delivered,0,52,LB-v1-20260822,50.0,51,79.61986218595472,100.0,ER-HLNS-parallel-rescue,4785.672150326649,4785.672150326649,1,14716e77b84ef7e77fe9c50243a038de0fa9a0d80a3b2e2df790697faaf07941,0.0,79.61986218595472,LB,105,1,time_critical_lightweight,task_time_critical_lightweight_1,emergency,0,1,0.778127135572565
90171fbe6c43d824744bf74c21cfb67be192844fb30442991e2a129a5952d714,54,1,uav_0,1080.0,54,1.0,suffix_local,13200.0,660,50.0,0,,-1,E4,delivered,0,54,LB-v1-20260822,50.0,53,78.70344847069126,100.0,ER-HLNS-parallel-rescue,4398.113455086746,4398.113455086746,1,14716e77b84ef7e77fe9c50243a038de0fa9a0d80a3b2e2df790697faaf07941,0.0,78.70344847069126,LB,105,1,time_critical_lightweight,task_time_critical_lightweight_2,emergency,0,1,0.7499811226475924
90171fbe6c43d824744bf74c21cfb67be192844fb30442991e2a129a5952d714,14,1,uav_5,1200.0,60,1.0,suffix_local,13800.0,690,50.0,0,,-1,E4,delivered,52,60,LB-v1-20260822,50.0,65,73.68735783084756,100.0,ER-HLNS-parallel-rescue,5420.674333996477,5420.674333996477,1,14716e77b84ef7e77fe9c50243a038de0fa9a0d80a3b2e2df790697faaf07941,0.0,73.68735783084756,LB,105,1,time_critical_lightweight,task_time_critical_lightweight_3,emergency,0,1,0.9578263112503582
90171fbe6c43d824744bf74c21cfb67be192844fb30442991e2a129a5952d714,92,1,uav_2,3100.0,155,1.0,suffix_local,15360.0,768,50.0,0,,-1,E4,delivered,52,155,LB-v1-20260822,50.0,154,42.78179519031489,100.0,ER-HLNS-parallel-rescue,7181.023200554933,7181.023200554933,1,14716e77b84ef7e77fe9c50243a038de0fa9a0d80a3b2e2df790697faaf07941,0.0,42.78179519031489,LB,105,1,time_critical_lightweight,task_time_critical_lightweight_4,emergency,0,1,0.795836380139859
90171fbe6c43d824744bf74c21cfb67be192844fb30442991e2a129a5952d714,21,1,uav_2,3780.0,189,1.0,suffix_local,15000.0,750,50.0,0,,-1,E4,delivered,162,189,LB-v1-20260822,50.0,182,29.429836283455035,100.0,ER-HLNS-parallel-rescue,6377.527483238084,6377.527483238084,1,14716e77b84ef7e77fe9c50243a038de0fa9a0d80a3b2e2df790697faaf07941,0.0,29.429836283455035,LB,105,1,time_critical_lightweight,task_time_critical_lightweight_5,emergency,0,1,0.780918270447546
90171fbe6c43d824744bf74c21cfb67be192844fb30442991e2a129a5952d714,48,0,None,-1.0,-1,0.0,suffix_local,16560.0,828,50.0,1,lifeline_zero,281,E4,failed,42,-1,LB-v1-20260822,0.0,89,0.0,100.0,ER-HLNS-parallel-rescue,9029.776283917252,9029.776283917252,0,14716e77b84ef7e77fe9c50243a038de0fa9a0d80a3b2e2df790697faaf07941,50.0,0.0,LB,105,0,time_critical_lightweight,task_time_critical_lightweight_6,emergency,0,1,0.8689360715219382
90171fbe6c43d824744bf74c21cfb67be192844fb30442991e2a129a5952d714,73,1,uav_2,4320.0,216,1.0,suffix_local,17160.0,858,50.0,0,,-1,E4,delivered,0,216,LB-v1-20260822,50.0,215,9.313464790923767,100.0,ER-HLNS-parallel-rescue,6748.743106898455,6748.743106898455,1,14716e77b84ef7e77fe9c50243a038de0fa9a0d80a3b2e2df790697faaf07941,0.0,9.313464790923767,LB,105,1,time_critical_lightweight,task_time_critical_lightweight_7,emergency,0,1,0.9402474835352292
90171fbe6c43d824744bf74c21cfb67be192844fb30442991e2a129a5952d714,72,1,uav_4,2440.0,122,1.0,suffix_local,16800.0,840,50.0,0,,-1,E4,delivered,54,122,LB-v1-20260822,50.0,125,44.61091211643105,100.0,ER-HLNS-parallel-rescue,6916.263526249127,6916.263526249127,1,14716e77b84ef7e77fe9c50243a038de0fa9a0d80a3b2e2df790697faaf07941,0.0,44.61091211643105,LB,105,1,time_critical_lightweight,task_time_critical_lightweight_8,emergency,0,1,0.9661089449093814
90171fbe6c43d824744bf74c21cfb67be192844fb30442991e2a129a5952d714,33,1,uav_5,3280.0,164,1.0,suffix_local,17400.0,870,50.0,0,,-1,E4,delivered,129,164,LB-v1-20260822,50.0,161,40.274663281028374,100.0,ER-HLNS-parallel-rescue,10495.756357098931,10495.756357098931,1,14716e77b84ef7e77fe9c50243a038de0fa9a0d80a3b2e2df790697faaf07941,0.0,40.274663281028374,LB,105,1,time_critical_lightweight,task_time_critical_lightweight_9,emergency,0,1,0.8274854444539167
90171fbe6c43d824744bf74c21cfb67be192844fb30442991e2a129a5952d714,45,1,uav_0,3420.0,171,1.0,suffix_local,18000.0,900,50.0,0,,-1,E4,delivered,126,171,LB-v1-20260822,50.0,170,40.381976567427095,100.0,ER-HLNS-parallel-rescue,8510.237238411748,8510.237238411748,1,14716e77b84ef7e77fe9c50243a038de0fa9a0d80a3b2e2df790697faaf07941,0.0,40.381976567427095,LB,105,1,time_critical_lightweight,task_time_critical_lightweight_10,emergency,0,1,0.7765952172368125
90171fbe6c43d824744bf74c21cfb67be192844fb30442991e2a129a5952d714,70,1,uav_1,3380.0,169,1.0,suffix_local,18600.0,930,50.0,0,,-1,E4,delivered,66,169,LB-v1-20260822,50.0,168,36.03905775556282,100.0,ER-HLNS-parallel-rescue,10506.128035288262,10506.128035288262,1,14716e77b84ef7e77fe9c50243a038de0fa9a0d80a3b2e2df790697faaf07941,0.0,36.03905775556282,LB,105,1,time_critical_lightweight,task_time_critical_lightweight_11,emergency,0,1,0.8832814159350445
a3a65679e5c351d0f5c3615a8c9fc38253d863cf53bbc0726fc924aeeb9cac4a,0,1,truck_2,2300.0,115,1.0,global_pending_reauction,19200.0,960,800.0,0,,-1,E4,delivered,-1,115,LB-v1-20260822,800.0,-1,87.25443852135479,100.0,ER-HLNS-parallel-rescue,4712.939965300228,4712.939965300228,1,16843334a0974404f1c02bc2ae8ae627f60ccc0e5280a3eceff2741982ce7a9f,0.0,87.25443852135479,LB,100,1,routine_bulk,task_routine_bulk_0,normal,1,0,0.5914487685478238
a3a65679e5c351d0f5c3615a8c9fc38253d863cf53bbc0726fc924aeeb9cac4a,0,1,truck_3,840.0,42,1.0,global_pending_reauction,20400.0,1020,800.0,0,,-1,E4,delivered,-1,42,LB-v1-20260822,800.0,-1,96.22981873500012,100.0,ER-HLNS-parallel-rescue,2651.3638511663926,2651.3638511663926,1,16843334a0974404f1c02bc2ae8ae627f60ccc0e5280a3eceff2741982ce7a9f,0.0,96.22981873500012,LB,100,1,routine_bulk,task_routine_bulk_1,normal,1,0,0.328770105116882
a3a65679e5c351d0f5c3615a8c9fc38253d863cf53bbc0726fc924aeeb9cac4a,0,0,None,-1.0,-1,0.0,global_pending_reauction,21600.0,1080,800.0,1,lifeline_zero,935,E4,failed,-1,-1,LB-v1-20260822,0.0,-1,0.0,100.0,ER-HLNS-parallel-rescue,9455.797786582447,9455.797786582447,0,16843334a0974404f1c02bc2ae8ae627f60ccc0e5280a3eceff2741982ce7a9f,800.0,0.0,LB,100,0,routine_bulk,task_routine_bulk_2,normal,1,0,0.5197299581475797
a3a65679e5c351d0f5c3615a8c9fc38253d863cf53bbc0726fc924aeeb9cac4a,17,1,truck_0,5000.0,250,1.0,global_pending_reauction,22800.0,1140,800.0,0,,-1,E4,delivered,217,250,LB-v1-20260822,800.0,249,75.5651930696312,100.0,ER-HLNS-parallel-rescue,7467.100925813267,7467.100925813267,1,16843334a0974404f1c02bc2ae8ae627f60ccc0e5280a3eceff2741982ce7a9f,0.0,75.5651930696312,LB,100,1,routine_bulk,task_routine_bulk_3,normal,1,0,0.363407140663305
a3a65679e5c351d0f5c3615a8c9fc38253d863cf53bbc0726fc924aeeb9cac4a,72,1,truck_1,4340.0,217,1.0,global_pending_reauction,24000.0,1200,800.0,0,,-1,E4,delivered,108,217,LB-v1-20260822,800.0,216,82.28684922005918,100.0,ER-HLNS-parallel-rescue,4256.447388010565,4256.447388010565,1,16843334a0974404f1c02bc2ae8ae627f60ccc0e5280a3eceff2741982ce7a9f,0.0,82.28684922005918,LB,100,1,routine_bulk,task_routine_bulk_4,normal,1,0,0.2526593582373026
a3a65679e5c351d0f5c3615a8c9fc38253d863cf53bbc0726fc924aeeb9cac4a,0,1,truck_2,2100.0,105,1.0,global_pending_reauction,25200.0,1260,800.0,0,,-1,E4,delivered,-1,105,LB-v1-20260822,800.0,-1,91.80147945709251,100.0,ER-HLNS-parallel-rescue,4838.850094689374,4838.850094689374,1,16843334a0974404f1c02bc2ae8ae627f60ccc0e5280a3eceff2741982ce7a9f,0.0,91.80147945709251,LB,100,1,routine_bulk,task_routine_bulk_5,normal,1,0,0.23296054817545986
a3a65679e5c351d0f5c3615a8c9fc38253d863cf53bbc0726fc924aeeb9cac4a,0,0,None,-1.0,-1,0.0,global_pending_reauction,26400.0,1320,800.0,1,lifeline_zero,1009,E4,failed,-1,-1,LB-v1-20260822,0.0,-1,0.0,100.0,ER-HLNS-parallel-rescue,11793.267377757751,11793.267377757751,0,16843334a0974404f1c02bc2ae8ae627f60ccc0e5280a3eceff2741982ce7a9f,800.0,0.0,LB,100,0,routine_bulk,task_routine_bulk_6,normal,1,0,0.46244681084905065
a3a65679e5c351d0f5c3615a8c9fc38253d863cf53bbc0726fc924aeeb9cac4a,145,1,truck_1,5700.0,285,1.0,global_pending_reauction,27600.0,1380,800.0,0,,-1,E4,delivered,140,285,LB-v1-20260822,800.0,284,69.39930823656172,100.0,ER-HLNS-parallel-rescue,4587.683945260957,4587.683945260957,1,16843334a0974404f1c02bc2ae8ae627f60ccc0e5280a3eceff2741982ce7a9f,0.0,69.39930823656172,LB,100,1,routine_bulk,task_routine_bulk_7,normal,1,0,0.5338128687931456
a3a65679e5c351d0f5c3615a8c9fc38253d863cf53bbc0726fc924aeeb9cac4a,23,1,uav_2,1320.0,66,1.0,global_pending_reauction,12000.0,600,50.0,0,,-1,E4,delivered,43,66,LB-v1-20260822,50.0,65,75.43151971439907,100.0,ER-HLNS-parallel-rescue,4043.5148887186647,4043.5148887186647,1,16843334a0974404f1c02bc2ae8ae627f60ccc0e5280a3eceff2741982ce7a9f,0.0,75.43151971439907,LB,100,1,time_critical_lightweight,task_time_critical_lightweight_0,emergency,0,1,0.8572362469902544
a3a65679e5c351d0f5c3615a8c9fc38253d863cf53bbc0726fc924aeeb9cac4a,45,1,uav_0,900.0,45,1.0,global_pending_reauction,12600.0,630,50.0,0,,-1,E4,delivered,0,45,LB-v1-20260822,50.0,44,82.50372560433898,100.0,ER-HLNS-parallel-rescue,3938.2462884286088,3938.2462884286088,1,16843334a0974404f1c02bc2ae8ae627f60ccc0e5280a3eceff2741982ce7a9f,0.0,82.50372560433898,LB,100,1,time_critical_lightweight,task_time_critical_lightweight_1,emergency,0,1,0.7681740887900437
a3a65679e5c351d0f5c3615a8c9fc38253d863cf53bbc0726fc924aeeb9cac4a,24,1,uav_1,480.0,24,1.0,global_pending_reauction,13200.0,660,50.0,0,,-1,E4,delivered,0,24,LB-v1-20260822,50.0,23,91.52682208418615,100.0,ER-HLNS-parallel-rescue,1841.754606923464,1841.754606923464,1,16843334a0974404f1c02bc2ae8ae627f60ccc0e5280a3eceff2741982ce7a9f,0.0,91.52682208418615,LB,100,1,time_critical_lightweight,task_time_critical_lightweight_2,emergency,0,1,0.8022891552475101
a3a65679e5c351d0f5c3615a8c9fc38253d863cf53bbc0726fc924aeeb9cac4a,187,1,uav_5,4120.0,206,1.0,global_pending_reauction,14760.0,738,50.0,0,,-1,E4,delivered,24,206,LB-v1-20260822,50.0,215,10.609844645038793,100.0,ER-HLNS-parallel-rescue,5652.839795309424,5652.839795309424,1,16843334a0974404f1c02bc2ae8ae627f60ccc0e5280a3eceff2741982ce7a9f,0.0,10.609844645038793,LB,100,1,time_critical_lightweight,task_time_critical_lightweight_3,emergency,0,1,0.960215083465178
a3a65679e5c351d0f5c3615a8c9fc38253d863cf53bbc0726fc924aeeb9cac4a,59,1,uav_2,2740.0,137,1.0,global_pending_reauction,14400.0,720,50.0,0,,-1,E4,delivered,81,137,LB-v1-20260822,50.0,139,52.10132040320779,100.0,ER-HLNS-parallel-rescue,5313.398671961474,5313.398671961474,1,16843334a0974404f1c02bc2ae8ae627f60ccc0e5280a3eceff2741982ce7a9f,0.0,52.10132040320779,LB,100,1,time_critical_lightweight,task_time_critical_lightweight_4,emergency,0,1,0.8154167223421255
a3a65679e5c351d0f5c3615a8c9fc38253d863cf53bbc0726fc924aeeb9cac4a,36,0,None,-1.0,-1,0.0,global_pending_reauction,15960.0,798,50.0,1,lifeline_zero,237,E4,failed,196,-1,LB-v1-20260822,0.0,236,0.0,100.0,ER-HLNS-parallel-rescue,12029.47975909369,12029.47975909369,0,16843334a0974404f1c02bc2ae8ae627f60ccc0e5280a3eceff2741982ce7a9f,50.0,0.0,LB,100,0,time_critical_lightweight,task_time_critical_lightweight_5,emergency,0,1,0.9867416871112791
a3a65679e5c351d0f5c3615a8c9fc38253d863cf53bbc0726fc924aeeb9cac4a,43,1,uav_2,740.0,37,1.0,global_pending_reauction,15600.0,780,50.0,0,,-1,E4,delivered,0,37,LB-v1-20260822,50.0,42,86.19627187727103,100.0,ER-HLNS-parallel-rescue,2945.1941967981666,2945.1941967981666,1,16843334a0974404f1c02bc2ae8ae627f60ccc0e5280a3eceff2741982ce7a9f,0.0,86.19627187727103,LB,100,1,time_critical_lightweight,task_time_critical_lightweight_6,emergency,0,1,0.8746488677361269
a3a65679e5c351d0f5c3615a8c9fc38253d863cf53bbc0726fc924aeeb9cac4a,147,1,uav_1,4880.0,244,1.0,global_pending_reauction,17160.0,858,50.0,0,,-1,E4,delivered,77,244,LB-v1-20260822,50.0,243,6.93820733951883,100.0,ER-HLNS-parallel-rescue,8166.972222335975,8166.972222335975,1,16843334a0974404f1c02bc2ae8ae627f60ccc0e5280a3eceff2741982ce7a9f,0.0,6.93820733951883,LB,100,1,time_critical_lightweight,task_time_critical_lightweight_7,emergency,0,1,0.7446621799769354
a3a65679e5c351d0f5c3615a8c9fc38253d863cf53bbc0726fc924aeeb9cac4a,46,1,uav_3,920.0,46,1.0,global_pending_reauction,16800.0,840,50.0,0,,-1,E4,delivered,0,46,LB-v1-20260822,50.0,45,82.21125874575361,100.0,ER-HLNS-parallel-rescue,2311.2789292757247,2311.2789292757247,1,16843334a0974404f1c02bc2ae8ae627f60ccc0e5280a3eceff2741982ce7a9f,0.0,82.21125874575361,LB,100,1,time_critical_lightweight,task_time_critical_lightweight_8,emergency,0,1,0.8689502560984448
a3a65679e5c351d0f5c3615a8c9fc38253d863cf53bbc0726fc924aeeb9cac4a,62,1,uav_3,2160.0,108,1.0,global_pending_reauction,17400.0,870,50.0,0,,-1,E4,delivered,46,108,LB-v1-20260822,50.0,107,64.4196426843347,100.0,ER-HLNS-parallel-rescue,6760.559725492877,6760.559725492877,1,16843334a0974404f1c02bc2ae8ae627f60ccc0e5280a3eceff2741982ce7a9f,0.0,64.4196426843347,LB,100,1,time_critical_lightweight,task_time_critical_lightweight_9,emergency,0,1,0.7554846985257647
a3a65679e5c351d0f5c3615a8c9fc38253d863cf53bbc0726fc924aeeb9cac4a,15,1,uav_2,1580.0,79,1.0,global_pending_reauction,18000.0,900,50.0,0,,-1,E4,delivered,66,79,LB-v1-20260822,50.0,80,72.96114959695682,100.0,ER-HLNS-parallel-rescue,3952.8289116955493,3952.8289116955493,1,16843334a0974404f1c02bc2ae8ae627f60ccc0e5280a3eceff2741982ce7a9f,0.0,72.96114959695682,LB,100,1,time_critical_lightweight,task_time_critical_lightweight_10,emergency,0,1,0.7210061967003056
a3a65679e5c351d0f5c3615a8c9fc38253d863cf53bbc0726fc924aeeb9cac4a,32,1,uav_4,1540.0,77,1.0,global_pending_reauction,18600.0,930,50.0,0,,-1,E4,delivered,45,77,LB-v1-20260822,50.0,76,68.2859448108389,100.0,ER-HLNS-parallel-rescue,6188.028410283936,6188.028410283936,1,16843334a0974404f1c02bc2ae8ae627f60ccc0e5280a3eceff2741982ce7a9f,0.0,68.2859448108389,LB,100,1,time_critical_lightweight,task_time_critical_lightweight_11,emergency,0,1,0.732056640977218
90171fbe6c43d824744bf74c21cfb67be192844fb30442991e2a129a5952d714,9,1,truck_3,1860.0,93,1.0,suffix_local,19200.0,960,800.0,0,,-1,E4,delivered,84,93,LB-v1-20260822,800.0,92,89.4473381923459,100.0,ER-HLNS-parallel-rescue,2859.966141595017,2859.966141595017,1,15ffe9e90a19f50ccab9af9cfd961b230475554adfcfa639c7dc4ffa909c030d,0.0,89.4473381923459,LB,108,1,routine_bulk,task_routine_bulk_0,normal,1,0,0.5609855287075038
90171fbe6c43d824744bf74c21cfb67be192844fb30442991e2a129a5952d714,0,1,truck_1,2880.0,144,1.0,suffix_local,20400.0,1020,800.0,0,,-1,E4,delivered,-1,144,LB-v1-20260822,800.0,-1,84.38583506109921,100.0,ER-HLNS-parallel-rescue,5637.344423392569,5637.344423392569,1,15ffe9e90a19f50ccab9af9cfd961b230475554adfcfa639c7dc4ffa909c030d,0.0,84.38583506109921,LB,108,1,routine_bulk,task_routine_bulk_1,normal,1,0,0.501236365885313
90171fbe6c43d824744bf74c21cfb67be192844fb30442991e2a129a5952d714,214,0,None,-1.0,-1,0.0,suffix_local,21600.0,1080,800.0,1,lifeline_zero,962,E4,failed,240,-1,LB-v1-20260822,0.0,493,0.0,100.0,ER-HLNS-parallel-rescue,9942.057192264663,9942.057192264663,0,15ffe9e90a19f50ccab9af9cfd961b230475554adfcfa639c7dc4ffa909c030d,800.0,0.0,LB,108,0,routine_bulk,task_routine_bulk_2,normal,1,0,0.5555026708663071
90171fbe6c43d824744bf74c21cfb67be192844fb30442991e2a129a5952d714,0,1,truck_0,1020.0,51,1.0,suffix_local,22800.0,1140,800.0,0,,-1,E4,delivered,-1,51,LB-v1-20260822,800.0,-1,95.56548672714192,100.0,ER-HLNS-parallel-rescue,4666.121541604554,4666.121541604554,1,15ffe9e90a19f50ccab9af9cfd961b230475554adfcfa639c7dc4ffa909c030d,0.0,95.56548672714192,LB,108,1,routine_bulk,task_routine_bulk_3,normal,1,0,0.3185650985937015
90171fbe6c43d824744bf74c21cfb67be192844fb30442991e2a129a5952d714,158,0,None,-1.0,-1,0.0,suffix_local,24000.0,1200,800.0,1,lifeline_zero,1157,E4,failed,298,-1,LB-v1-20260822,0.0,455,0.0,100.0,ER-HLNS-parallel-rescue,6781.35066497251,6781.35066497251,0,15ffe9e90a19f50ccab9af9cfd961b230475554adfcfa639c7dc4ffa909c030d,800.0,0.0,LB,108,0,routine_bulk,task_routine_bulk_4,normal,1,0,0.34064574335616304
90171fbe6c43d824744bf74c21cfb67be192844fb30442991e2a129a5952d714,0,1,truck_1,1140.0,57,1.0,suffix_local,25200.0,1260,800.0,0,,-1,E4,delivered,-1,57,LB-v1-20260822,800.0,-1,95.20410833797288,100.0,ER-HLNS-parallel-rescue,4155.704745337662,4155.704745337662,1,15ffe9e90a19f50ccab9af9cfd961b230475554adfcfa639c7dc4ffa909c030d,0.0,95.20410833797288,LB,108,1,routine_bulk,task_routine_bulk_5,normal,1,0,0.25864485362533485
90171fbe6c43d824744bf74c21cfb67be192844fb30442991e2a129a5952d714,234,0,None,-1.0,-1,0.0,suffix_local,26400.0,1320,800.0,1,lifeline_zero,1141,E4,failed,250,-1,LB-v1-20260822,0.0,653,0.0,100.0,ER-HLNS-parallel-rescue,10185.81922082076,10185.81922082076,0,15ffe9e90a19f50ccab9af9cfd961b230475554adfcfa639c7dc4ffa909c030d,800.0,0.0,LB,108,0,routine_bulk,task_routine_bulk_6,normal,1,0,0.343202237017046
90171fbe6c43d824744bf74c21cfb67be192844fb30442991e2a129a5952d714,18,1,truck_1,5400.0,270,1.0,suffix_local,27600.0,1380,800.0,0,,-1,E4,delivered,145,270,LB-v1-20260822,800.0,267,69.11864148122194,100.0,ER-HLNS-parallel-rescue,7723.085120746713,7723.085120746713,1,15ffe9e90a19f50ccab9af9cfd961b230475554adfcfa639c7dc4ffa909c030d,0.0,69.11864148122194,LB,108,1,routine_bulk,task_routine_bulk_7,normal,1,0,0.5744015331175518
90171fbe6c43d824744bf74c21cfb67be192844fb30442991e2a129a5952d714,28,1,uav_2,1520.0,76,1.0,suffix_local,12000.0,600,50.0,0,,-1,E4,delivered,48,76,LB-v1-20260822,50.0,75,73.33559228974669,100.0,ER-HLNS-parallel-rescue,6586.287052661501,6586.287052661501,1,15ffe9e90a19f50ccab9af9cfd961b230475554adfcfa639c7dc4ffa909c030d,0.0,73.33559228974669,LB,108,1,time_critical_lightweight,task_time_critical_lightweight_0,emergency,0,1,0.7335914098601112
90171fbe6c43d824744bf74c21cfb67be192844fb30442991e2a129a5952d714,14,1,uav_3,4940.0,247,1.0,suffix_local,12600.0,630,50.0,0,,-1,E4,delivered,236,247,LB-v1-20260822,50.0,249,3.1710462118650975,100.0,ER-HLNS-parallel-rescue,7574.794648674728,7574.794648674728,1,15ffe9e90a19f50ccab9af9cfd961b230475554adfcfa639c7dc4ffa909c030d,0.0,3.1710462118650975,LB,108,1,time_critical_lightweight,task_time_critical_lightweight_1,emergency,0,1,0.8868543307242109
90171fbe6c43d824744bf74c21cfb67be192844fb30442991e2a129a5952d714,1,0,None,-1.0,-1,0.0,suffix_local,14160.0,708,50.0,1,lifeline_zero,240,E4,failed,239,-1,LB-v1-20260822,0.0,239,0.0,100.0,ER-HLNS-parallel-rescue,11991.929167998902,11991.929167998902,0,15ffe9e90a19f50ccab9af9cfd961b230475554adfcfa639c7dc4ffa909c030d,50.0,0.0,LB,108,0,time_critical_lightweight,task_time_critical_lightweight_2,emergency,0,1,0.8622104462015817
90171fbe6c43d824744bf74c21cfb67be192844fb30442991e2a129a5952d714,15,0,None,-1.0,-1,0.0,suffix_local,13800.0,690,50.0,1,lifeline_zero,239,E4,failed,224,-1,LB-v1-20260822,0.0,238,0.0,100.0,ER-HLNS-parallel-rescue,14817.022911695385,14817.022911695385,0,15ffe9e90a19f50ccab9af9cfd961b230475554adfcfa639c7dc4ffa909c030d,50.0,0.0,LB,108,0,time_critical_lightweight,task_time_critical_lightweight_3,emergency,0,1,0.8776064072695569
90171fbe6c43d824744bf74c21cfb67be192844fb30442991e2a129a5952d714,71,1,uav_0,1420.0,71,1.0,suffix_local,14400.0,720,50.0,0,,-1,E4,delivered,0,71,LB-v1-20260822,50.0,70,70.53126641109336,100.0,ER-HLNS-parallel-rescue,4754.029733786183,4754.029733786183,1,15ffe9e90a19f50ccab9af9cfd961b230475554adfcfa639c7dc4ffa909c030d,0.0,70.53126641109336,LB,108,1,time_critical_lightweight,task_time_critical_lightweight_4,emergency,0,1,0.9812414865193095
90171fbe6c43d824744bf74c21cfb67be192844fb30442991e2a129a5952d714,10,0,None,-1.0,-1,0.0,suffix_local,15960.0,798,50.0,1,lifeline_zero,298,E4,failed,288,-1,LB-v1-20260822,0.0,297,0.0,100.0,ER-HLNS-parallel-rescue,5403.282100579913,5403.282100579913,0,15ffe9e90a19f50ccab9af9cfd961b230475554adfcfa639c7dc4ffa909c030d,50.0,0.0,LB,108,0,time_critical_lightweight,task_time_critical_lightweight_5,emergency,0,1,0.7361653400527843
90171fbe6c43d824744bf74c21cfb67be192844fb30442991e2a129a5952d714,67,1,uav_1,1340.0,67,1.0,suffix_local,15600.0,780,50.0,0,,-1,E4,delivered,0,67,LB-v1-20260822,50.0,66,74.16767873919292,100.0,ER-HLNS-parallel-rescue,3513.9142900961356,3513.9142900961356,1,15ffe9e90a19f50ccab9af9cfd961b230475554adfcfa639c7dc4ffa909c030d,0.0,74.16767873919292,LB,108,1,time_critical_lightweight,task_time_critical_lightweight_6,emergency,0,1,0.8281854223501783
90171fbe6c43d824744bf74c21cfb67be192844fb30442991e2a129a5952d714,155,1,uav_5,4260.0,213,1.0,suffix_local,16200.0,810,50.0,0,,-1,E4,delivered,67,213,LB-v1-20260822,50.0,221,10.888488628519994,100.0,ER-HLNS-parallel-rescue,7067.058621787813,7067.058621787813,1,15ffe9e90a19f50ccab9af9cfd961b230475554adfcfa639c7dc4ffa909c030d,0.0,10.888488628519994,LB,108,1,time_critical_lightweight,task_time_critical_lightweight_7,emergency,0,1,0.9473833365764368
90171fbe6c43d824744bf74c21cfb67be192844fb30442991e2a129a5952d714,205,1,uav_4,5520.0,276,1.0,suffix_local,17760.0,888,50.0,0,,-1,E4,delivered,71,276,LB-v1-20260822,50.0,275,1.865476505206491,100.0,ER-HLNS-parallel-rescue,5522.774919186775,5522.774919186775,1,15ffe9e90a19f50ccab9af9cfd961b230475554adfcfa639c7dc4ffa909c030d,0.0,1.865476505206491,LB,108,1,time_critical_lightweight,task_time_critical_lightweight_8,emergency,0,1,0.7862908118294443
90171fbe6c43d824744bf74c21cfb67be192844fb30442991e2a129a5952d714,227,1,uav_3,4520.0,226,1.0,suffix_local,17400.0,870,50.0,0,,-1,E4,delivered,0,226,LB-v1-20260822,50.0,235,15.097661711375,100.0,ER-HLNS-parallel-rescue,7007.472939544873,7007.472939544873,1,15ffe9e90a19f50ccab9af9cfd961b230475554adfcfa639c7dc4ffa909c030d,0.0,15.097661711375,LB,108,1,time_critical_lightweight,task_time_critical_lightweight_9,emergency,0,1,0.8110961246662984
90171fbe6c43d824744bf74c21cfb67be192844fb30442991e2a129a5952d714,174,0,None,-1.0,-1,0.0,suffix_local,18000.0,900,50.0,1,lifeline_zero,258,E4,failed,76,-1,LB-v1-20260822,0.0,257,0.0,100.0,ER-HLNS-parallel-rescue,6550.917811156877,6550.917811156877,0,15ffe9e90a19f50ccab9af9cfd961b230475554adfcfa639c7dc4ffa909c030d,50.0,0.0,LB,108,0,time_critical_lightweight,task_time_critical_lightweight_10,emergency,0,1,0.9060906911985231
90171fbe6c43d824744bf74c21cfb67be192844fb30442991e2a129a5952d714,48,1,uav_2,960.0,48,1.0,suffix_local,18600.0,930,50.0,0,,-1,E4,delivered,0,48,LB-v1-20260822,50.0,47,81.2171835083605,100.0,ER-HLNS-parallel-rescue,4254.156063356919,4254.156063356919,1,15ffe9e90a19f50ccab9af9cfd961b230475554adfcfa639c7dc4ffa909c030d,0.0,81.2171835083605,LB,108,1,time_critical_lightweight,task_time_critical_lightweight_11,emergency,0,1,0.8683274098138106
90171fbe6c43d824744bf74c21cfb67be192844fb30442991e2a129a5952d714,24,0,None,-1.0,-1,0.0,suffix_local,19200.0,960,800.0,1,deadline_exceeded,961,E4,failed,112,-1,LB-v1-20260822,0.0,135,25.235682663606955,100.0,ER-HLNS-parallel-rescue,10438.47474817182,10438.47474817182,0,e44746b0f27c00f956c05d9c6a53fe12d7c39f23814499df5aab5046666b32ee,800.0,0.0,LB,109,0,routine_bulk,task_routine_bulk_0,normal,1,0,0.24372892426675105
90171fbe6c43d824744bf74c21cfb67be192844fb30442991e2a129a5952d714,25,1,truck_1,2740.0,137,1.0,suffix_local,20400.0,1020,800.0,0,,-1,E4,delivered,112,137,LB-v1-20260822,800.0,136,86.04280410496554,100.0,ER-HLNS-parallel-rescue,7520.043271903724,7520.043271903724,1,e44746b0f27c00f956c05d9c6a53fe12d7c39f23814499df5aab5046666b32ee,0.0,86.04280410496554,LB,109,1,routine_bulk,task_routine_bulk_1,normal,1,0,0.5054521103748251
90171fbe6c43d824744bf74c21cfb67be192844fb30442991e2a129a5952d714,22,1,truck_3,2000.0,100,1.0,suffix_local,21600.0,1080,800.0,0,,-1,E4,delivered,78,100,LB-v1-20260822,800.0,99,92.32313826039042,100.0,ER-HLNS-parallel-rescue,5862.2526887266995,5862.2526887266995,1,e44746b0f27c00f956c05d9c6a53fe12d7c39f23814499df5aab5046666b32ee,0.0,92.32313826039042,LB,109,1,routine_bulk,task_routine_bulk_2,normal,1,0,0.22819223062131908
90171fbe6c43d824744bf74c21cfb67be192844fb30442991e2a129a5952d714,609,0,None,-1.0,-1,0.0,suffix_local,22800.0,1140,800.0,1,lifeline_zero,902,E4,failed,293,-1,LB-v1-20260822,0.0,901,0.0,100.0,ER-HLNS-parallel-rescue,9233.836204566593,9233.836204566593,0,e44746b0f27c00f956c05d9c6a53fe12d7c39f23814499df5aab5046666b32ee,800.0,0.0,LB,109,0,routine_bulk,task_routine_bulk_3,normal,1,0,0.5591597629199856
90171fbe6c43d824744bf74c21cfb67be192844fb30442991e2a129a5952d714,230,1,truck_0,7320.0,366,1.0,suffix_local,24000.0,1200,800.0,0,,-1,E4,delivered,136,366,LB-v1-20260822,800.0,365,61.51381227403172,100.0,ER-HLNS-parallel-rescue,12264.704525287152,12264.704525287152,1,e44746b0f27c00f956c05d9c6a53fe12d7c39f23814499df5aab5046666b32ee,0.0,61.51381227403172,LB,109,1,routine_bulk,task_routine_bulk_4,normal,1,0,0.5182976821364798
90171fbe6c43d824744bf74c21cfb67be192844fb30442991e2a129a5952d714,12,0,None,-1.0,-1,0.0,suffix_local,25200.0,1260,800.0,1,lifeline_zero,1149,E4,failed,124,-1,LB-v1-20260822,0.0,135,0.0,100.0,ER-HLNS-parallel-rescue,3180.3161628672265,3180.3161628672265,0,e44746b0f27c00f956c05d9c6a53fe12d7c39f23814499df5aab5046666b32ee,800.0,0.0,LB,109,0,routine_bulk,task_routine_bulk_5,normal,1,0,0.27498948731286477
90171fbe6c43d824744bf74c21cfb67be192844fb30442991e2a129a5952d714,157,1,truck_0,10460.0,523,1.0,suffix_local,26400.0,1320,800.0,0,,-1,E4,delivered,366,523,LB-v1-20260822,800.0,522,52.33646527580204,100.0,ER-HLNS-parallel-rescue,7638.021133490483,7638.021133490483,1,e44746b0f27c00f956c05d9c6a53fe12d7c39f23814499df5aab5046666b32ee,0.0,52.33646527580204,LB,109,1,routine_bulk,task_routine_bulk_6,normal,1,0,0.35938088605341784
90171fbe6c43d824744bf74c21cfb67be192844fb30442991e2a129a5952d714,177,1,truck_0,5640.0,282,1.0,suffix_local,27600.0,1380,800.0,0,,-1,E4,delivered,43,282,LB-v1-20260822,800.0,268,73.23236467366182,100.0,ER-HLNS-parallel-rescue,8669.41558612628,8669.41558612628,1,e44746b0f27c00f956c05d9c6a53fe12d7c39f23814499df5aab5046666b32ee,0.0,73.23236467366182,LB,109,1,routine_bulk,task_routine_bulk_7,normal,1,0,0.4023390026781324
90171fbe6c43d824744bf74c21cfb67be192844fb30442991e2a129a5952d714,21,1,uav_2,420.0,21,1.0,suffix_local,12000.0,600,50.0,0,,-1,E4,delivered,0,21,LB-v1-20260822,50.0,20,91.41917401048757,100.0,ER-HLNS-parallel-rescue,1577.2702063913625,1577.2702063913625,1,e44746b0f27c00f956c05d9c6a53fe12d7c39f23814499df5aab5046666b32ee,0.0,91.41917401048757,LB,109,1,time_critical_lightweight,task_time_critical_lightweight_0,emergency,0,1,0.9897379983613447
90171fbe6c43d824744bf74c21cfb67be192844fb30442991e2a129a5952d714,61,1,uav_1,1220.0,61,1.0,suffix_local,12600.0,630,50.0,0,,-1,E4,delivered,0,61,LB-v1-20260822,50.0,60,79.361560540094,100.0,ER-HLNS-parallel-rescue,5275.816914731613,5275.816914731613,1,e44746b0f27c00f956c05d9c6a53fe12d7c39f23814499df5aab5046666b32ee,0.0,79.361560540094,LB,109,1,time_critical_lightweight,task_time_critical_lightweight_1,emergency,0,1,0.706236225687008
90171fbe6c43d824744bf74c21cfb67be192844fb30442991e2a129a5952d714,12,0,None,-1.0,-1,0.0,suffix_local,14160.0,708,50.0,1,lifeline_zero,289,E4,failed,269,-1,LB-v1-20260822,0.0,280,0.0,100.0,ER-HLNS-parallel-rescue,7167.574303002123,7167.574303002123,0,e44746b0f27c00f956c05d9c6a53fe12d7c39f23814499df5aab5046666b32ee,50.0,0.0,LB,109,0,time_critical_lightweight,task_time_critical_lightweight_2,emergency,0,1,0.7651739864753156
90171fbe6c43d824744bf74c21cfb67be192844fb30442991e2a129a5952d714,10,1,uav_5,760.0,38,1.0,suffix_local,13800.0,690,50.0,0,,-1,E4,delivered,33,38,LB-v1-20260822,50.0,42,85.8312478186057,100.0,ER-HLNS-parallel-rescue,4619.729192645459,4619.729192645459,1,e44746b0f27c00f956c05d9c6a53fe12d7c39f23814499df5aab5046666b32ee,0.0,85.8312478186057,LB,109,1,time_critical_lightweight,task_time_critical_lightweight_3,emergency,0,1,0.8801124407111246
90171fbe6c43d824744bf74c21cfb67be192844fb30442991e2a129a5952d714,78,1,uav_4,1540.0,77,1.0,suffix_local,14400.0,720,50.0,0,,-1,E4,delivered,0,77,LB-v1-20260822,50.0,77,71.60464440370224,100.0,ER-HLNS-parallel-rescue,6105.193827786443,6105.193827786443,1,e44746b0f27c00f956c05d9c6a53fe12d7c39f23814499df5aab5046666b32ee,0.0,71.60464440370224,LB,109,1,time_critical_lightweight,task_time_critical_lightweight_4,emergency,0,1,0.8306203940527022
90171fbe6c43d824744bf74c21cfb67be192844fb30442991e2a129a5952d714,28,1,uav_1,1780.0,89,1.0,suffix_local,15000.0,750,50.0,0,,-1,E4,delivered,61,89,LB-v1-20260822,50.0,88,67.95732125725858,100.0,ER-HLNS-parallel-rescue,6540.461456185408,6540.461456185408,1,e44746b0f27c00f956c05d9c6a53fe12d7c39f23814499df5aab5046666b32ee,0.0,67.95732125725858,LB,109,1,time_critical_lightweight,task_time_critical_lightweight_5,emergency,0,1,0.7964834075936699
90171fbe6c43d824744bf74c21cfb67be192844fb30442991e2a129a5952d714,30,1,uav_3,940.0,47,1.0,suffix_local,15600.0,780,50.0,0,,-1,E4,delivered,21,47,LB-v1-20260822,50.0,50,83.74929462434544,100.0,ER-HLNS-parallel-rescue,3351.9343996195735,3351.9343996195735,1,e44746b0f27c00f956c05d9c6a53fe12d7c39f23814499df5aab5046666b32ee,0.0,83.74929462434544,LB,109,1,time_critical_lightweight,task_time_critical_lightweight_6,emergency,0,1,0.7422776363571023
90171fbe6c43d824744bf74c21cfb67be192844fb30442991e2a129a5952d714,50,0,None,-1.0,-1,0.0,suffix_local,17160.0,858,50.0,1,lifeline_zero,265,E4,failed,99,-1,LB-v1-20260822,0.0,172,0.0,100.0,ER-HLNS-parallel-rescue,13138.274295739013,13138.274295739013,0,e44746b0f27c00f956c05d9c6a53fe12d7c39f23814499df5aab5046666b32ee,50.0,0.0,LB,109,0,time_critical_lightweight,task_time_critical_lightweight_7,emergency,0,1,0.9318751313700842
90171fbe6c43d824744bf74c21cfb67be192844fb30442991e2a129a5952d714,24,1,uav_4,2480.0,124,1.0,suffix_local,16800.0,840,50.0,0,,-1,E4,delivered,100,124,LB-v1-20260822,50.0,123,53.113963078611285,100.0,ER-HLNS-parallel-rescue,11519.668044062157,11519.668044062157,1,e44746b0f27c00f956c05d9c6a53fe12d7c39f23814499df5aab5046666b32ee,0.0,53.113963078611285,LB,109,1,time_critical_lightweight,task_time_critical_lightweight_8,emergency,0,1,0.923149714829651
90171fbe6c43d824744bf74c21cfb67be192844fb30442991e2a129a5952d714,61,1,uav_2,2500.0,125,1.0,suffix_local,18360.0,918,50.0,0,,-1,E4,delivered,51,125,LB-v1-20260822,50.0,111,52.78541035182716,100.0,ER-HLNS-parallel-rescue,11888.945353220079,11888.945353220079,1,e44746b0f27c00f956c05d9c6a53fe12d7c39f23814499df5aab5046666b32ee,0.0,52.78541035182716,LB,109,1,time_critical_lightweight,task_time_critical_lightweight_9,emergency,0,1,0.9021797238988898
90171fbe6c43d824744bf74c21cfb67be192844fb30442991e2a129a5952d714,9,1,uav_1,1960.0,98,1.0,suffix_local,18000.0,900,50.0,0,,-1,E4,delivered,89,98,LB-v1-20260822,50.0,97,65.97030798708973,100.0,ER-HLNS-parallel-rescue,7732.639919099127,7732.639919099127,1,e44746b0f27c00f956c05d9c6a53fe12d7c39f23814499df5aab5046666b32ee,0.0,65.97030798708973,LB,109,1,time_critical_lightweight,task_time_critical_lightweight_10,emergency,0,1,0.7471077952711116
90171fbe6c43d824744bf74c21cfb67be192844fb30442991e2a129a5952d714,33,1,uav_0,660.0,33,1.0,suffix_local,18600.0,930,50.0,0,,-1,E4,delivered,0,33,LB-v1-20260822,50.0,32,86.74179630668888,100.0,ER-HLNS-parallel-rescue,3412.6611524252316,3412.6611524252316,1,e44746b0f27c00f956c05d9c6a53fe12d7c39f23814499df5aab5046666b32ee,0.0,86.74179630668888,LB,109,1,time_critical_lightweight,task_time_critical_lightweight_11,emergency,0,1,0.9989661728188876
a3a65679e5c351d0f5c3615a8c9fc38253d863cf53bbc0726fc924aeeb9cac4a,157,1,truck_1,7260.0,363,1.0,global_pending_reauction,19200.0,960,800.0,0,,-1,E4,delivered,202,363,LB-v1-20260822,800.0,358,65.81251819657214,100.0,ER-HLNS-parallel-rescue,14039.592726000365,14039.592726000365,1,2a5a6bb7823ec182f44e3844532db419e6239e6f2791ab4e2c85a1e62616bdef,0.0,65.81251819657214,LB,101,1,routine_bulk,task_routine_bulk_0,normal,1,0,0.34837428108412444
a3a65679e5c351d0f5c3615a8c9fc38253d863cf53bbc0726fc924aeeb9cac4a,24,1,truck_1,3380.0,169,1.0,global_pending_reauction,20400.0,1020,800.0,0,,-1,E4,delivered,129,169,LB-v1-20260822,800.0,159,83.37486856326866,100.0,ER-HLNS-parallel-rescue,7511.760618564474,7511.760618564474,1,2a5a6bb7823ec182f44e3844532db419e6239e6f2791ab4e2c85a1e62616bdef,0.0,83.37486856326866,LB,101,1,routine_bulk,task_routine_bulk_1,normal,1,0,0.30016368013188016
a3a65679e5c351d0f5c3615a8c9fc38253d863cf53bbc0726fc924aeeb9cac4a,223,1,truck_1,8080.0,404,1.0,global_pending_reauction,21600.0,1080,800.0,0,,-1,E4,delivered,32,404,LB-v1-20260822,800.0,403,54.12652891672615,100.0,ER-HLNS-parallel-rescue,15315.096891728663,15315.096891728663,1,2a5a6bb7823ec182f44e3844532db419e6239e6f2791ab4e2c85a1e62616bdef,0.0,54.12652891672615,LB,101,1,routine_bulk,task_routine_bulk_2,normal,1,0,0.527261765850137
a3a65679e5c351d0f5c3615a8c9fc38253d863cf53bbc0726fc924aeeb9cac4a,216,0,None,-1.0,-1,0.0,global_pending_reauction,22800.0,1140,800.0,1,lifeline_zero,1023,E4,failed,243,-1,LB-v1-20260822,0.0,466,0.0,100.0,ER-HLNS-parallel-rescue,14102.848363601865,14102.848363601865,0,2a5a6bb7823ec182f44e3844532db419e6239e6f2791ab4e2c85a1e62616bdef,800.0,0.0,LB,101,0,routine_bulk,task_routine_bulk_3,normal,1,0,0.3882350364392335
a3a65679e5c351d0f5c3615a8c9fc38253d863cf53bbc0726fc924aeeb9cac4a,0,1,truck_1,2280.0,114,1.0,global_pending_reauction,24000.0,1200,800.0,0,,-1,E4,delivered,-1,114,LB-v1-20260822,800.0,-1,87.59306710658447,100.0,ER-HLNS-parallel-rescue,7302.1073017293165,7302.1073017293165,1,2a5a6bb7823ec182f44e3844532db419e6239e6f2791ab4e2c85a1e62616bdef,0.0,87.59306710658447,LB,101,1,routine_bulk,task_routine_bulk_4,normal,1,0,0.5361043015918403
a3a65679e5c351d0f5c3615a8c9fc38253d863cf53bbc0726fc924aeeb9cac4a,244,0,None,-1.0,-1,0.0,global_pending_reauction,25200.0,1260,800.0,1,lifeline_zero,1037,E4,failed,187,-1,LB-v1-20260822,0.0,580,0.0,100.0,ER-HLNS-parallel-rescue,3909.3896971690133,3909.3896971690133,0,2a5a6bb7823ec182f44e3844532db419e6239e6f2791ab4e2c85a1e62616bdef,800.0,0.0,LB,101,0,routine_bulk,task_routine_bulk_5,normal,1,0,0.42701883575488137
a3a65679e5c351d0f5c3615a8c9fc38253d863cf53bbc0726fc924aeeb9cac4a,0,1,truck_1,4080.0,204,1.0,global_pending_reauction,26400.0,1320,800.0,0,,-1,E4,delivered,-1,204,LB-v1-20260822,800.0,-1,77.11141138083734,100.0,ER-HLNS-parallel-rescue,9533.630318869733,9533.630318869733,1,2a5a6bb7823ec182f44e3844532db419e6239e6f2791ab4e2c85a1e62616bdef,0.0,77.11141138083734,LB,101,1,routine_bulk,task_routine_bulk_6,normal,1,0,0.5142470258374676
a3a65679e5c351d0f5c3615a8c9fc38253d863cf53bbc0726fc924aeeb9cac4a,0,1,truck_0,3980.0,199,1.0,global_pending_reauction,27600.0,1380,800.0,0,,-1,E4,delivered,-1,199,LB-v1-20260822,800.0,-1,81.71103600997499,100.0,ER-HLNS-parallel-rescue,10348.908405801398,10348.908405801398,1,2a5a6bb7823ec182f44e3844532db419e6239e6f2791ab4e2c85a1e62616bdef,0.0,81.71103600997499,LB,101,1,routine_bulk,task_routine_bulk_7,normal,1,0,0.3879694663765369
a3a65679e5c351d0f5c3615a8c9fc38253d863cf53bbc0726fc924aeeb9cac4a,28,0,None,-1.0,-1,0.0,global_pending_reauction,12000.0,600,50.0,1,lifeline_zero,224,E4,failed,173,-1,LB-v1-20260822,0.0,223,0.0,100.0,ER-HLNS-parallel-rescue,14151.4620521434,14151.4620521434,0,2a5a6bb7823ec182f44e3844532db419e6239e6f2791ab4e2c85a1e62616bdef,50.0,0.0,LB,101,0,time_critical_lightweight,task_time_critical_lightweight_0,emergency,0,1,0.9705680205086198
a3a65679e5c351d0f5c3615a8c9fc38253d863cf53bbc0726fc924aeeb9cac4a,98,1,uav_2,3740.0,187,1.0,global_pending_reauction,13560.0,678,50.0,0,,-1,E4,delivered,58,187,LB-v1-20260822,50.0,186,32.903164557843255,100.0,ER-HLNS-parallel-rescue,9099.797527415509,9099.797527415509,1,2a5a6bb7823ec182f44e3844532db419e6239e6f2791ab4e2c85a1e62616bdef,0.0,32.903164557843255,LB,101,1,time_critical_lightweight,task_time_critical_lightweight_1,emergency,0,1,0.8194413770540239
a3a65679e5c351d0f5c3615a8c9fc38253d863cf53bbc0726fc924aeeb9cac4a,184,1,uav_0,4040.0,202,1.0,global_pending_reauction,13200.0,660,50.0,0,,-1,E4,delivered,0,202,LB-v1-20260822,50.0,201,28.98640150361747,100.0,ER-HLNS-parallel-rescue,8636.287551441419,8636.287551441419,1,2a5a6bb7823ec182f44e3844532db419e6239e6f2791ab4e2c85a1e62616bdef,0.0,28.98640150361747,LB,101,1,time_critical_lightweight,task_time_critical_lightweight_2,emergency,0,1,0.7276929418213184
a3a65679e5c351d0f5c3615a8c9fc38253d863cf53bbc0726fc924aeeb9cac4a,11,1,uav_4,3500.0,175,1.0,global_pending_reauction,14760.0,738,50.0,0,,-1,E4,delivered,167,175,LB-v1-20260822,50.0,177,38.30318515263526,100.0,ER-HLNS-parallel-rescue,10171.88886835233,10171.88886835233,1,2a5a6bb7823ec182f44e3844532db419e6239e6f2791ab4e2c85a1e62616bdef,0.0,38.30318515263526,LB,101,1,time_critical_lightweight,task_time_critical_lightweight_3,emergency,0,1,0.7687067091449796
a3a65679e5c351d0f5c3615a8c9fc38253d863cf53bbc0726fc924aeeb9cac4a,68,1,uav_1,4860.0,243,1.0,global_pending_reauction,14400.0,720,50.0,0,,-1,E4,delivered,87,243,LB-v1-20260822,50.0,242,11.340927121429099,100.0,ER-HLNS-parallel-rescue,8972.910969096309,8972.910969096309,1,2a5a6bb7823ec182f44e3844532db419e6239e6f2791ab4e2c85a1e62616bdef,0.0,11.340927121429099,LB,101,1,time_critical_lightweight,task_time_critical_lightweight_4,emergency,0,1,0.7273830460494194
a3a65679e5c351d0f5c3615a8c9fc38253d863cf53bbc0726fc924aeeb9cac4a,0,0,None,-1.0,-1,0.0,global_pending_reauction,15960.0,798,50.0,1,lifeline_zero,236,E4,failed,-1,-1,LB-v1-20260822,0.0,-1,0.0,100.0,ER-HLNS-parallel-rescue,14148.754445771634,14148.754445771634,0,2a5a6bb7823ec182f44e3844532db419e6239e6f2791ab4e2c85a1e62616bdef,50.0,0.0,LB,101,0,time_critical_lightweight,task_time_critical_lightweight_5,emergency,0,1,0.909737917292143
a3a65679e5c351d0f5c3615a8c9fc38253d863cf53bbc0726fc924aeeb9cac4a,4,1,uav_3,640.0,32,1.0,global_pending_reauction,15600.0,780,50.0,0,,-1,E4,delivered,28,32,LB-v1-20260822,50.0,31,86.70801990302564,100.0,ER-HLNS-parallel-rescue,2913.7706040409153,2913.7706040409153,1,2a5a6bb7823ec182f44e3844532db419e6239e6f2791ab4e2c85a1e62616bdef,0.0,86.70801990302564,LB,101,1,time_critical_lightweight,task_time_critical_lightweight_6,emergency,0,1,0.8705161474912566
a3a65679e5c351d0f5c3615a8c9fc38253d863cf53bbc0726fc924aeeb9cac4a,93,1,uav_0,1860.0,93,1.0,global_pending_reauction,16200.0,810,50.0,0,,-1,E4,delivered,0,93,LB-v1-20260822,50.0,92,58.38839573738607,100.0,ER-HLNS-parallel-rescue,8419.216536800033,8419.216536800033,1,2a5a6bb7823ec182f44e3844532db419e6239e6f2791ab4e2c85a1e62616bdef,0.0,58.38839573738607,LB,101,1,time_critical_lightweight,task_time_critical_lightweight_7,emergency,0,1,0.989879628037199
a3a65679e5c351d0f5c3615a8c9fc38253d863cf53bbc0726fc924aeeb9cac4a,39,1,uav_0,3360.0,168,1.0,global_pending_reauction,16800.0,840,50.0,0,,-1,E4,delivered,129,168,LB-v1-20260822,50.0,167,33.43211900116295,100.0,ER-HLNS-parallel-rescue,9649.370387536506,9649.370387536506,1,2a5a6bb7823ec182f44e3844532db419e6239e6f2791ab4e2c85a1e62616bdef,0.0,33.43211900116295,LB,101,1,time_critical_lightweight,task_time_critical_lightweight_8,emergency,0,1,0.9323581933558626
a3a65679e5c351d0f5c3615a8c9fc38253d863cf53bbc0726fc924aeeb9cac4a,28,1,uav_3,560.0,28,1.0,global_pending_reauction,17400.0,870,50.0,0,,-1,E4,delivered,0,28,LB-v1-20260822,50.0,27,87.98550481797261,100.0,ER-HLNS-parallel-rescue,2591.7846470285945,2591.7846470285945,1,2a5a6bb7823ec182f44e3844532db419e6239e6f2791ab4e2c85a1e62616bdef,0.0,87.98550481797261,LB,101,1,time_critical_lightweight,task_time_critical_lightweight_9,emergency,0,1,0.8933819856045042
a3a65679e5c351d0f5c3615a8c9fc38253d863cf53bbc0726fc924aeeb9cac4a,70,1,uav_5,1660.0,83,1.0,global_pending_reauction,18000.0,900,50.0,0,,-1,E4,delivered,17,83,LB-v1-20260822,50.0,86,71.18023828926552,100.0,ER-HLNS-parallel-rescue,5472.170625762758,5472.170625762758,1,2a5a6bb7823ec182f44e3844532db419e6239e6f2791ab4e2c85a1e62616bdef,0.0,71.18023828926552,LB,101,1,time_critical_lightweight,task_time_critical_lightweight_10,emergency,0,1,0.7142148384795817
a3a65679e5c351d0f5c3615a8c9fc38253d863cf53bbc0726fc924aeeb9cac4a,17,1,uav_1,340.0,17,1.0,global_pending_reauction,18600.0,930,50.0,0,,-1,E4,delivered,0,17,LB-v1-20260822,50.0,16,93.88442664805953,100.0,ER-HLNS-parallel-rescue,1506.2906048252266,1506.2906048252266,1,2a5a6bb7823ec182f44e3844532db419e6239e6f2791ab4e2c85a1e62616bdef,0.0,93.88442664805953,LB,101,1,time_critical_lightweight,task_time_critical_lightweight_11,emergency,0,1,0.7467335094406772
a3a65679e5c351d0f5c3615a8c9fc38253d863cf53bbc0726fc924aeeb9cac4a,0,0,None,-1.0,-1,0.0,global_pending_reauction,19200.0,960,800.0,1,deadline_exceeded,961,E4,failed,-1,-1,LB-v1-20260822,0.0,-1,11.11850352989833,100.0,ER-HLNS-parallel-rescue,6119.550842362341,6119.550842362341,0,128d0fb172989ac20569c26a149739c8cdd604ff6c956cf6b294d712563d036c,800.0,0.0,LB,102,0,routine_bulk,task_routine_bulk_0,normal,1,0,0.4291837918236352
a3a65679e5c351d0f5c3615a8c9fc38253d863cf53bbc0726fc924aeeb9cac4a,155,1,truck_3,6180.0,309,1.0,global_pending_reauction,20400.0,1020,800.0,0,,-1,E4,delivered,154,309,LB-v1-20260822,800.0,308,75.24238305773075,100.0,ER-HLNS-parallel-rescue,7442.506245460831,7442.506245460831,1,128d0fb172989ac20569c26a149739c8cdd604ff6c956cf6b294d712563d036c,0.0,75.24238305773075,LB,102,1,routine_bulk,task_routine_bulk_1,normal,1,0,0.24547112032784654
a3a65679e5c351d0f5c3615a8c9fc38253d863cf53bbc0726fc924aeeb9cac4a,10,0,None,-1.0,-1,0.0,global_pending_reauction,21600.0,1080,800.0,1,deadline_exceeded,1081,E4,failed,73,-1,LB-v1-20260822,0.0,82,2.8465075966141518,100.0,ER-HLNS-parallel-rescue,5688.3871828179535,5688.3871828179535,0,128d0fb172989ac20569c26a149739c8cdd604ff6c956cf6b294d712563d036c,800.0,0.0,LB,102,0,routine_bulk,task_routine_bulk_2,normal,1,0,0.3976042905163367
a3a65679e5c351d0f5c3615a8c9fc38253d863cf53bbc0726fc924aeeb9cac4a,0,0,None,-1.0,-1,0.0,global_pending_reauction,22800.0,1140,800.0,1,lifeline_zero,936,E4,failed,-1,-1,LB-v1-20260822,0.0,-1,0.0,100.0,ER-HLNS-parallel-rescue,5530.50432997441,5530.50432997441,0,128d0fb172989ac20569c26a149739c8cdd604ff6c956cf6b294d712563d036c,800.0,0.0,LB,102,0,routine_bulk,task_routine_bulk_3,normal,1,0,0.5908338171405074
a3a65679e5c351d0f5c3615a8c9fc38253d863cf53bbc0726fc924aeeb9cac4a,0,0,None,-1.0,-1,0.0,global_pending_reauction,24000.0,1200,800.0,1,lifeline_zero,1198,E4,failed,-1,-1,LB-v1-20260822,0.0,-1,0.0,100.0,ER-HLNS-parallel-rescue,14165.534902512349,14165.534902512349,0,128d0fb172989ac20569c26a149739c8cdd604ff6c956cf6b294d712563d036c,800.0,0.0,LB,102,0,routine_bulk,task_routine_bulk_4,normal,1,0,0.31826058549111486
a3a65679e5c351d0f5c3615a8c9fc38253d863cf53bbc0726fc924aeeb9cac4a,39,1,truck_2,3120.0,156,1.0,global_pending_reauction,25200.0,1260,800.0,0,,-1,E4,delivered,117,156,LB-v1-20260822,800.0,155,85.7662685427467,100.0,ER-HLNS-parallel-rescue,8329.032619537471,8329.032619537471,1,128d0fb172989ac20569c26a149739c8cdd604ff6c956cf6b294d712563d036c,0.0,85.7662685427467,LB,102,1,routine_bulk,task_routine_bulk_5,normal,1,0,0.316760490021223
a3a65679e5c351d0f5c3615a8c9fc38253d863cf53bbc0726fc924aeeb9cac4a,248,1,truck_1,6420.0,321,1.0,global_pending_reauction,26400.0,1320,800.0,0,,-1,E4,delivered,73,321,LB-v1-20260822,800.0,320,72.71983436381512,100.0,ER-HLNS-parallel-rescue,2207.167531132571,2207.167531132571,1,128d0fb172989ac20569c26a149739c8cdd604ff6c956cf6b294d712563d036c,0.0,72.71983436381512,LB,102,1,routine_bulk,task_routine_bulk_6,normal,1,0,0.3055363954601743
a3a65679e5c351d0f5c3615a8c9fc38253d863cf53bbc0726fc924aeeb9cac4a,0,0,None,-1.0,-1,0.0,global_pending_reauction,27600.0,1380,800.0,1,lifeline_zero,1066,E4,failed,-1,-1,LB-v1-20260822,0.0,-1,0.0,100.0,ER-HLNS-parallel-rescue,8538.945436848508,8538.945436848508,0,128d0fb172989ac20569c26a149739c8cdd604ff6c956cf6b294d712563d036c,800.0,0.0,LB,102,0,routine_bulk,task_routine_bulk_7,normal,1,0,0.44156154877026366
a3a65679e5c351d0f5c3615a8c9fc38253d863cf53bbc0726fc924aeeb9cac4a,12,1,uav_2,900.0,45,1.0,global_pending_reauction,12000.0,600,50.0,0,,-1,E4,delivered,36,45,LB-v1-20260822,50.0,47,83.41817029169172,100.0,ER-HLNS-parallel-rescue,2988.5323177974346,2988.5323177974346,1,128d0fb172989ac20569c26a149739c8cdd604ff6c956cf6b294d712563d036c,0.0,83.41817029169172,LB,102,1,time_critical_lightweight,task_time_critical_lightweight_0,emergency,0,1,0.7521593742751356
a3a65679e5c351d0f5c3615a8c9fc38253d863cf53bbc0726fc924aeeb9cac4a,10,0,None,-1.0,-1,0.0,global_pending_reauction,13560.0,678,50.0,1,lifeline_zero,306,E4,failed,63,-1,LB-v1-20260822,0.0,72,0.0,100.0,ER-HLNS-parallel-rescue,11294.290080097262,11294.290080097262,0,128d0fb172989ac20569c26a149739c8cdd604ff6c956cf6b294d712563d036c,50.0,0.0,LB,102,0,time_critical_lightweight,task_time_critical_lightweight_1,emergency,0,1,0.7491376000307091
a3a65679e5c351d0f5c3615a8c9fc38253d863cf53bbc0726fc924aeeb9cac4a,36,1,uav_2,720.0,36,1.0,global_pending_reauction,13200.0,660,50.0,0,,-1,E4,delivered,0,36,LB-v1-20260822,50.0,35,86.20227657230927,100.0,ER-HLNS-parallel-rescue,2792.418565959796,2792.418565959796,1,128d0fb172989ac20569c26a149739c8cdd604ff6c956cf6b294d712563d036c,0.0,86.20227657230927,LB,102,1,time_critical_lightweight,task_time_critical_lightweight_2,emergency,0,1,0.8083948419266088
a3a65679e5c351d0f5c3615a8c9fc38253d863cf53bbc0726fc924aeeb9cac4a,39,1,uav_1,780.0,39,1.0,global_pending_reauction,13800.0,690,50.0,0,,-1,E4,delivered,0,39,LB-v1-20260822,50.0,38,83.5550254971721,100.0,ER-HLNS-parallel-rescue,3010.973647764428,3010.973647764428,1,128d0fb172989ac20569c26a149739c8cdd604ff6c956cf6b294d712563d036c,0.0,83.5550254971721,LB,102,1,time_critical_lightweight,task_time_critical_lightweight_3,emergency,0,1,0.9739813351739603
a3a65679e5c351d0f5c3615a8c9fc38253d863cf53bbc0726fc924aeeb9cac4a,47,1,uav_2,2340.0,117,1.0,global_pending_reauction,14400.0,720,50.0,0,,-1,E4,delivered,70,117,LB-v1-20260822,50.0,116,53.283252548853376,100.0,ER-HLNS-parallel-rescue,7595.6360268286,7595.6360268286,1,128d0fb172989ac20569c26a149739c8cdd604ff6c956cf6b294d712563d036c,0.0,53.283252548853376,LB,102,1,time_critical_lightweight,task_time_critical_lightweight_4,emergency,0,1,0.8902529497747588
a3a65679e5c351d0f5c3615a8c9fc38253d863cf53bbc0726fc924aeeb9cac4a,24,1,uav_5,1200.0,60,1.0,global_pending_reauction,15000.0,750,50.0,0,,-1,E4,delivered,39,60,LB-v1-20260822,50.0,62,77.95956202727791,100.0,ER-HLNS-parallel-rescue,4623.366276010681,4623.366276010681,1,128d0fb172989ac20569c26a149739c8cdd604ff6c956cf6b294d712563d036c,0.0,77.95956202727791,LB,102,1,time_critical_lightweight,task_time_critical_lightweight_5,emergency,0,1,0.7848123351493127
a3a65679e5c351d0f5c3615a8c9fc38253d863cf53bbc0726fc924aeeb9cac4a,0,0,None,-1.0,-1,0.0,global_pending_reauction,16560.0,828,50.0,1,lifeline_zero,258,E4,failed,-1,-1,LB-v1-20260822,0.0,-1,0.0,100.0,ER-HLNS-parallel-rescue,16324.170659246023,16324.170659246023,0,128d0fb172989ac20569c26a149739c8cdd604ff6c956cf6b294d712563d036c,50.0,0.0,LB,102,0,time_critical_lightweight,task_time_critical_lightweight_6,emergency,0,1,0.9948248799678303
a3a65679e5c351d0f5c3615a8c9fc38253d863cf53bbc0726fc924aeeb9cac4a,0,0,None,-1.0,-1,0.0,global_pending_reauction,17160.0,858,50.0,1,lifeline_zero,288,E4,failed,-1,-1,LB-v1-20260822,0.0,-1,0.0,100.0,ER-HLNS-parallel-rescue,15873.692094774171,15873.692094774171,0,128d0fb172989ac20569c26a149739c8cdd604ff6c956cf6b294d712563d036c,50.0,0.0,LB,102,0,time_critical_lightweight,task_time_critical_lightweight_7,emergency,0,1,0.8273965865006737
a3a65679e5c351d0f5c3615a8c9fc38253d863cf53bbc0726fc924aeeb9cac4a,22,1,uav_2,1400.0,70,1.0,global_pending_reauction,16800.0,840,50.0,0,,-1,E4,delivered,48,70,LB-v1-20260822,50.0,69,73.76149132729763,100.0,ER-HLNS-parallel-rescue,4562.626701547581,4562.626701547581,1,128d0fb172989ac20569c26a149739c8cdd604ff6c956cf6b294d712563d036c,0.0,73.76149132729763,LB,102,1,time_critical_lightweight,task_time_critical_lightweight_8,emergency,0,1,0.800241625655852
a3a65679e5c351d0f5c3615a8c9fc38253d863cf53bbc0726fc924aeeb9cac4a,137,1,uav_0,2740.0,137,1.0,global_pending_reauction,17400.0,870,50.0,0,,-1,E4,delivered,0,137,LB-v1-20260822,50.0,136,51.52335790575139,100.0,ER-HLNS-parallel-rescue,9178.535368617246,9178.535368617246,1,128d0fb172989ac20569c26a149739c8cdd604ff6c956cf6b294d712563d036c,0.0,51.52335790575139,LB,102,1,time_critical_lightweight,task_time_critical_lightweight_9,emergency,0,1,0.8133445160620112
a3a65679e5c351d0f5c3615a8c9fc38253d863cf53bbc0726fc924aeeb9cac4a,144,1,uav_3,3080.0,154,1.0,global_pending_reauction,18000.0,900,50.0,0,,-1,E4,delivered,0,154,LB-v1-20260822,50.0,153,47.168136523225975,100.0,ER-HLNS-parallel-rescue,5471.014458554654,5471.014458554654,1,128d0fb172989ac20569c26a149739c8cdd604ff6c956cf6b294d712563d036c,0.0,47.168136523225975,LB,102,1,time_critical_lightweight,task_time_critical_lightweight_10,emergency,0,1,0.7234608659077144
a3a65679e5c351d0f5c3615a8c9fc38253d863cf53bbc0726fc924aeeb9cac4a,22,1,uav_0,3360.0,168,1.0,global_pending_reauction,18600.0,930,50.0,0,,-1,E4,delivered,146,168,LB-v1-20260822,50.0,167,36.68878983267425,100.0,ER-HLNS-parallel-rescue,10498.587816679308,10498.587816679308,1,128d0fb172989ac20569c26a149739c8cdd604ff6c956cf6b294d712563d036c,0.0,36.68878983267425,LB,102,1,time_critical_lightweight,task_time_critical_lightweight_11,emergency,0,1,0.8885468420710438
a3a65679e5c351d0f5c3615a8c9fc38253d863cf53bbc0726fc924aeeb9cac4a,35,1,truck_3,5960.0,298,1.0,global_pending_reauction,19200.0,960,800.0,0,,-1,E4,delivered,250,298,LB-v1-20260822,800.0,297,73.0989765277784,100.0,ER-HLNS-parallel-rescue,10728.26032891467,10728.26032891467,1,63e92bcf060179d244f3cac024c7b4b990d7c22dc73c78adcec9a12cb48849ec,0.0,73.0989765277784,LB,103,1,routine_bulk,task_routine_bulk_0,normal,1,0,0.34842619173408906
a3a65679e5c351d0f5c3615a8c9fc38253d863cf53bbc0726fc924aeeb9cac4a,0,1,truck_1,840.0,42,1.0,global_pending_reauction,20400.0,1020,800.0,0,,-1,E4,delivered,-1,42,LB-v1-20260822,800.0,-1,96.14321702926607,100.0,ER-HLNS-parallel-rescue,2909.773055537859,2909.773055537859,1,63e92bcf060179d244f3cac024c7b4b990d7c22dc73c78adcec9a12cb48849ec,0.0,96.14321702926607,LB,103,1,routine_bulk,task_routine_bulk_1,normal,1,0,0.36263112143461484
a3a65679e5c351d0f5c3615a8c9fc38253d863cf53bbc0726fc924aeeb9cac4a,188,1,truck_0,7760.0,388,1.0,global_pending_reauction,21600.0,1080,800.0,0,,-1,E4,delivered,200,388,LB-v1-20260822,800.0,387,70.36402011933166,100.0,ER-HLNS-parallel-rescue,5891.031930588738,5891.031930588738,1,63e92bcf060179d244f3cac024c7b4b990d7c22dc73c78adcec9a12cb48849ec,0.0,70.36402011933166,LB,103,1,routine_bulk,task_routine_bulk_2,normal,1,0,0.22860762501670875
a3a65679e5c351d0f5c3615a8c9fc38253d863cf53bbc0726fc924aeeb9cac4a,72,1,truck_0,6080.0,304,1.0,global_pending_reauction,22800.0,1140,800.0,0,,-1,E4,delivered,181,304,LB-v1-20260822,800.0,303,77.03130224963758,100.0,ER-HLNS-parallel-rescue,3679.4188095004256,3679.4188095004256,1,63e92bcf060179d244f3cac024c7b4b990d7c22dc73c78adcec9a12cb48849ec,0.0,77.03130224963758,LB,103,1,routine_bulk,task_routine_bulk_3,normal,1,0,0.20341849503107082
a3a65679e5c351d0f5c3615a8c9fc38253d863cf53bbc0726fc924aeeb9cac4a,0,1,truck_3,3780.0,189,1.0,global_pending_reauction,24000.0,1200,800.0,0,,-1,E4,delivered,-1,189,LB-v1-20260822,800.0,-1,83.44920101681788,100.0,ER-HLNS-parallel-rescue,1222.77839559386,1222.77839559386,1,63e92bcf060179d244f3cac024c7b4b990d7c22dc73c78adcec9a12cb48849ec,0.0,83.44920101681788,LB,103,1,routine_bulk,task_routine_bulk_4,normal,1,0,0.3319591618543233
a3a65679e5c351d0f5c3615a8c9fc38253d863cf53bbc0726fc924aeeb9cac4a,158,1,truck_3,7360.0,368,1.0,global_pending_reauction,25200.0,1260,800.0,0,,-1,E4,delivered,162,368,LB-v1-20260822,800.0,367,64.0849529512307,100.0,ER-HLNS-parallel-rescue,12369.193535155884,12369.193535155884,1,63e92bcf060179d244f3cac024c7b4b990d7c22dc73c78adcec9a12cb48849ec,0.0,64.0849529512307,LB,103,1,routine_bulk,task_routine_bulk_5,normal,1,0,0.3837354804247379
a3a65679e5c351d0f5c3615a8c9fc38253d863cf53bbc0726fc924aeeb9cac4a,79,1,truck_3,3220.0,161,1.0,global_pending_reauction,26400.0,1320,800.0,0,,-1,E4,delivered,65,161,LB-v1-20260822,800.0,143,86.43164698915037,100.0,ER-HLNS-parallel-rescue,2190.503861145282,2190.503861145282,1,63e92bcf060179d244f3cac024c7b4b990d7c22dc73c78adcec9a12cb48849ec,0.0,86.43164698915037,LB,103,1,routine_bulk,task_routine_bulk_6,normal,1,0,0.29667557872401773
a3a65679e5c351d0f5c3615a8c9fc38253d863cf53bbc0726fc924aeeb9cac4a,0,1,truck_3,1080.0,54,1.0,global_pending_reauction,27600.0,1380,800.0,0,,-1,E4,delivered,-1,54,LB-v1-20260822,800.0,-1,94.49972051824626,100.0,ER-HLNS-parallel-rescue,3849.1587366044114,3849.1587366044114,1,63e92bcf060179d244f3cac024c7b4b990d7c22dc73c78adcec9a12cb48849ec,0.0,94.49972051824626,LB,103,1,routine_bulk,task_routine_bulk_7,normal,1,0,0.46822780016891247
a3a65679e5c351d0f5c3615a8c9fc38253d863cf53bbc0726fc924aeeb9cac4a,46,1,uav_0,920.0,46,1.0,global_pending_reauction,12000.0,600,50.0,0,,-1,E4,delivered,0,46,LB-v1-20260822,50.0,45,77.27334890142888,100.0,ER-HLNS-parallel-rescue,3549.9180582011645,3549.9180582011645,1,63e92bcf060179d244f3cac024c7b4b990d7c22dc73c78adcec9a12cb48849ec,0.0,77.27334890142888,LB,103,1,time_critical_lightweight,task_time_critical_lightweight_0,emergency,0,1,0.9539752519885072
a3a65679e5c351d0f5c3615a8c9fc38253d863cf53bbc0726fc924aeeb9cac4a,65,1,uav_3,1200.0,60,1.0,global_pending_reauction,12600.0,630,50.0,0,,-1,E4,delivered,0,60,LB-v1-20260822,50.0,64,74.83636610877979,100.0,ER-HLNS-parallel-rescue,3853.766998414422,3853.766998414422,1,63e92bcf060179d244f3cac024c7b4b990d7c22dc73c78adcec9a12cb48849ec,0.0,74.83636610877979,LB,103,1,time_critical_lightweight,task_time_critical_lightweight_1,emergency,0,1,0.9948079019505545
a3a65679e5c351d0f5c3615a8c9fc38253d863cf53bbc0726fc924aeeb9cac4a,18,1,uav_3,3240.0,162,1.0,global_pending_reauction,13200.0,660,50.0,0,,-1,E4,delivered,144,162,LB-v1-20260822,50.0,161,45.49247801375033,100.0,ER-HLNS-parallel-rescue,4718.076354042247,4718.076354042247,1,63e92bcf060179d244f3cac024c7b4b990d7c22dc73c78adcec9a12cb48849ec,0.0,45.49247801375033,LB,103,1,time_critical_lightweight,task_time_critical_lightweight_2,emergency,0,1,0.7377905179466021
a3a65679e5c351d0f5c3615a8c9fc38253d863cf53bbc0726fc924aeeb9cac4a,101,1,uav_1,3080.0,154,1.0,global_pending_reauction,13800.0,690,50.0,0,,-1,E4,delivered,53,154,LB-v1-20260822,50.0,153,35.801184471469746,100.0,ER-HLNS-parallel-rescue,4622.917826000115,4622.917826000115,1,63e92bcf060179d244f3cac024c7b4b990d7c22dc73c78adcec9a12cb48849ec,0.0,35.801184471469746,LB,103,1,time_critical_lightweight,task_time_critical_lightweight_3,emergency,0,1,0.993001467773675
a3a65679e5c351d0f5c3615a8c9fc38253d863cf53bbc0726fc924aeeb9cac4a,181,1,uav_2,3620.0,181,1.0,global_pending_reauction,14400.0,720,50.0,0,,-1,E4,delivered,0,181,LB-v1-20260822,50.0,180,21.161104215800528,100.0,ER-HLNS-parallel-rescue,7874.47009238337,7874.47009238337,1,63e92bcf060179d244f3cac024c7b4b990d7c22dc73c78adcec9a12cb48849ec,0.0,21.161104215800528,LB,103,1,time_critical_lightweight,task_time_critical_lightweight_4,emergency,0,1,0.8793174987113003
a3a65679e5c351d0f5c3615a8c9fc38253d863cf53bbc0726fc924aeeb9cac4a,16,0,None,-1.0,-1,0.0,global_pending_reauction,15960.0,798,50.0,1,lifeline_zero,266,E4,failed,250,-1,LB-v1-20260822,0.0,265,0.0,100.0,ER-HLNS-parallel-rescue,15631.763761674247,15631.763761674247,0,63e92bcf060179d244f3cac024c7b4b990d7c22dc73c78adcec9a12cb48849ec,50.0,0.0,LB,103,0,time_critical_lightweight,task_time_critical_lightweight_5,emergency,0,1,0.7453071219044164
a3a65679e5c351d0f5c3615a8c9fc38253d863cf53bbc0726fc924aeeb9cac4a,124,1,uav_0,4000.0,200,1.0,global_pending_reauction,16560.0,828,50.0,0,,-1,E4,delivered,76,200,LB-v1-20260822,50.0,199,24.12579646503532,100.0,ER-HLNS-parallel-rescue,8424.160448484647,8424.160448484647,1,63e92bcf060179d244f3cac024c7b4b990d7c22dc73c78adcec9a12cb48849ec,0.0,24.12579646503532,LB,103,1,time_critical_lightweight,task_time_critical_lightweight_6,emergency,0,1,0.9405001457932693
a3a65679e5c351d0f5c3615a8c9fc38253d863cf53bbc0726fc924aeeb9cac4a,81,1,uav_5,4700.0,235,1.0,global_pending_reauction,17160.0,858,50.0,0,,-1,E4,delivered,158,235,LB-v1-20260822,50.0,239,3.2441588739063922,100.0,ER-HLNS-parallel-rescue,8257.460786599386,8257.460786599386,1,63e92bcf060179d244f3cac024c7b4b990d7c22dc73c78adcec9a12cb48849ec,0.0,3.2441588739063922,LB,103,1,time_critical_lightweight,task_time_critical_lightweight_7,emergency,0,1,0.9967292359223714
a3a65679e5c351d0f5c3615a8c9fc38253d863cf53bbc0726fc924aeeb9cac4a,32,1,uav_1,640.0,32,1.0,global_pending_reauction,16800.0,840,50.0,0,,-1,E4,delivered,0,32,LB-v1-20260822,50.0,31,86.7717069807001,100.0,ER-HLNS-parallel-rescue,2438.790356782932,2438.790356782932,1,63e92bcf060179d244f3cac024c7b4b990d7c22dc73c78adcec9a12cb48849ec,0.0,86.7717069807001,LB,103,1,time_critical_lightweight,task_time_critical_lightweight_8,emergency,0,1,0.956249863078559
a3a65679e5c351d0f5c3615a8c9fc38253d863cf53bbc0726fc924aeeb9cac4a,30,1,uav_4,1400.0,70,1.0,global_pending_reauction,17400.0,870,50.0,0,,-1,E4,delivered,46,70,LB-v1-20260822,50.0,75,65.96660001322499,100.0,ER-HLNS-parallel-rescue,5229.962687587301,5229.962687587301,1,63e92bcf060179d244f3cac024c7b4b990d7c22dc73c78adcec9a12cb48849ec,0.0,65.96660001322499,LB,103,1,time_critical_lightweight,task_time_critical_lightweight_9,emergency,0,1,0.99615912292639
a3a65679e5c351d0f5c3615a8c9fc38253d863cf53bbc0726fc924aeeb9cac4a,21,1,uav_5,1060.0,53,1.0,global_pending_reauction,18000.0,900,50.0,0,,-1,E4,delivered,32,53,LB-v1-20260822,50.0,52,81.44192479395005,100.0,ER-HLNS-parallel-rescue,4101.291462269308,4101.291462269308,1,63e92bcf060179d244f3cac024c7b4b990d7c22dc73c78adcec9a12cb48849ec,0.0,81.44192479395005,LB,103,1,time_critical_lightweight,task_time_critical_lightweight_10,emergency,0,1,0.7679542876123209
a3a65679e5c351d0f5c3615a8c9fc38253d863cf53bbc0726fc924aeeb9cac4a,61,0,None,-1.0,-1,0.0,global_pending_reauction,18600.0,930,50.0,1,lifeline_zero,250,E4,failed,189,-1,LB-v1-20260822,0.0,249,0.0,100.0,ER-HLNS-parallel-rescue,9892.748184234893,9892.748184234893,0,63e92bcf060179d244f3cac024c7b4b990d7c22dc73c78adcec9a12cb48849ec,50.0,0.0,LB,103,0,time_critical_lightweight,task_time_critical_lightweight_11,emergency,0,1,0.8558745641192899
a3a65679e5c351d0f5c3615a8c9fc38253d863cf53bbc0726fc924aeeb9cac4a,0,0,None,-1.0,-1,0.0,global_pending_reauction,19200.0,960,800.0,1,deadline_exceeded,961,E4,failed,-1,-1,LB-v1-20260822,0.0,-1,10.085083014575781,100.0,ER-HLNS-parallel-rescue,12577.323912323805,12577.323912323805,0,14716e77b84ef7e77fe9c50243a038de0fa9a0d80a3b2e2df790697faaf07941,800.0,0.0,LB,105,0,routine_bulk,task_routine_bulk_0,normal,1,0,0.4422958379032641
a3a65679e5c351d0f5c3615a8c9fc38253d863cf53bbc0726fc924aeeb9cac4a,5,1,truck_0,3320.0,166,1.0,global_pending_reauction,20400.0,1020,800.0,0,,-1,E4,delivered,161,166,LB-v1-20260822,800.0,165,85.02574699984301,100.0,ER-HLNS-parallel-rescue,8114.793341322871,8114.793341322871,1,14716e77b84ef7e77fe9c50243a038de0fa9a0d80a3b2e2df790697faaf07941,0.0,85.02574699984301,LB,105,1,routine_bulk,task_routine_bulk_1,normal,1,0,0.35204079810666833
a3a65679e5c351d0f5c3615a8c9fc38253d863cf53bbc0726fc924aeeb9cac4a,11,1,truck_2,3540.0,177,1.0,global_pending_reauction,21600.0,1080,800.0,0,,-1,E4,delivered,166,177,LB-v1-20260822,800.0,176,84.01045667330084,100.0,ER-HLNS-parallel-rescue,8729.62675428584,8729.62675428584,1,14716e77b84ef7e77fe9c50243a038de0fa9a0d80a3b2e2df790697faaf07941,0.0,84.01045667330084,LB,105,1,routine_bulk,task_routine_bulk_2,normal,1,0,0.287785035971319
a3a65679e5c351d0f5c3615a8c9fc38253d863cf53bbc0726fc924aeeb9cac4a,102,0,None,-1.0,-1,0.0,global_pending_reauction,22800.0,1140,800.0,1,lifeline_zero,1139,E4,failed,152,-1,LB-v1-20260822,0.0,253,0.0,100.0,ER-HLNS-parallel-rescue,5910.696567912473,5910.696567912473,0,14716e77b84ef7e77fe9c50243a038de0fa9a0d80a3b2e2df790697faaf07941,800.0,0.0,LB,105,0,routine_bulk,task_routine_bulk_3,normal,1,0,0.350797741406931
a3a65679e5c351d0f5c3615a8c9fc38253d863cf53bbc0726fc924aeeb9cac4a,96,1,truck_2,5460.0,273,1.0,global_pending_reauction,24000.0,1200,800.0,0,,-1,E4,delivered,177,273,LB-v1-20260822,800.0,272,73.78848626946653,100.0,ER-HLNS-parallel-rescue,10694.004250403128,10694.004250403128,1,14716e77b84ef7e77fe9c50243a038de0fa9a0d80a3b2e2df790697faaf07941,0.0,73.78848626946653,LB,105,1,routine_bulk,task_routine_bulk_4,normal,1,0,0.4555758510257406
a3a65679e5c351d0f5c3615a8c9fc38253d863cf53bbc0726fc924aeeb9cac4a,0,0,None,-1.0,-1,0.0,global_pending_reauction,25200.0,1260,800.0,1,lifeline_zero,1039,E4,failed,-1,-1,LB-v1-20260822,0.0,-1,0.0,100.0,ER-HLNS-parallel-rescue,11688.368471261618,11688.368471261618,0,14716e77b84ef7e77fe9c50243a038de0fa9a0d80a3b2e2df790697faaf07941,800.0,0.0,LB,105,0,routine_bulk,task_routine_bulk_5,normal,1,0,0.4710880429495432
a3a65679e5c351d0f5c3615a8c9fc38253d863cf53bbc0726fc924aeeb9cac4a,73,1,truck_2,4560.0,228,1.0,global_pending_reauction,26400.0,1320,800.0,0,,-1,E4,delivered,155,228,LB-v1-20260822,800.0,227,78.41560180544136,100.0,ER-HLNS-parallel-rescue,6465.741892118609,6465.741892118609,1,14716e77b84ef7e77fe9c50243a038de0fa9a0d80a3b2e2df790697faaf07941,0.0,78.41560180544136,LB,105,1,routine_bulk,task_routine_bulk_6,normal,1,0,0.4027653483499122
a3a65679e5c351d0f5c3615a8c9fc38253d863cf53bbc0726fc924aeeb9cac4a,0,1,truck_3,1760.0,88,1.0,global_pending_reauction,27600.0,1380,800.0,0,,-1,E4,delivered,-1,88,LB-v1-20260822,800.0,-1,90.77883855102405,100.0,ER-HLNS-parallel-rescue,5513.218277176952,5513.218277176952,1,14716e77b84ef7e77fe9c50243a038de0fa9a0d80a3b2e2df790697faaf07941,0.0,90.77883855102405,LB,105,1,routine_bulk,task_routine_bulk_7,normal,1,0,0.4532664729099701
a3a65679e5c351d0f5c3615a8c9fc38253d863cf53bbc0726fc924aeeb9cac4a,42,1,uav_3,840.0,42,1.0,global_pending_reauction,12000.0,600,50.0,0,,-1,E4,delivered,0,42,LB-v1-20260822,50.0,41,83.222807959715,100.0,ER-HLNS-parallel-rescue,3632.0997667878946,3632.0997667878946,1,14716e77b84ef7e77fe9c50243a038de0fa9a0d80a3b2e2df790697faaf07941,0.0,83.222807959715,LB,105,1,time_critical_lightweight,task_time_critical_lightweight_0,emergency,0,1,0.8976075549457397
a3a65679e5c351d0f5c3615a8c9fc38253d863cf53bbc0726fc924aeeb9cac4a,52,1,uav_1,1040.0,52,1.0,global_pending_reauction,12600.0,630,50.0,0,,-1,E4,delivered,0,52,LB-v1-20260822,50.0,51,79.61986218595472,100.0,ER-HLNS-parallel-rescue,4785.672150326649,4785.672150326649,1,14716e77b84ef7e77fe9c50243a038de0fa9a0d80a3b2e2df790697faaf07941,0.0,79.61986218595472,LB,105,1,time_critical_lightweight,task_time_critical_lightweight_1,emergency,0,1,0.778127135572565
a3a65679e5c351d0f5c3615a8c9fc38253d863cf53bbc0726fc924aeeb9cac4a,54,1,uav_0,1080.0,54,1.0,global_pending_reauction,13200.0,660,50.0,0,,-1,E4,delivered,0,54,LB-v1-20260822,50.0,53,78.70344847069126,100.0,ER-HLNS-parallel-rescue,4398.113455086746,4398.113455086746,1,14716e77b84ef7e77fe9c50243a038de0fa9a0d80a3b2e2df790697faaf07941,0.0,78.70344847069126,LB,105,1,time_critical_lightweight,task_time_critical_lightweight_2,emergency,0,1,0.7499811226475924
a3a65679e5c351d0f5c3615a8c9fc38253d863cf53bbc0726fc924aeeb9cac4a,7,1,uav_2,1180.0,59,1.0,global_pending_reauction,13800.0,690,50.0,0,,-1,E4,delivered,52,59,LB-v1-20260822,50.0,58,74.1164404423943,100.0,ER-HLNS-parallel-rescue,5420.674333996477,5420.674333996477,1,14716e77b84ef7e77fe9c50243a038de0fa9a0d80a3b2e2df790697faaf07941,0.0,74.1164404423943,LB,105,1,time_critical_lightweight,task_time_critical_lightweight_3,emergency,0,1,0.9578263112503582
a3a65679e5c351d0f5c3615a8c9fc38253d863cf53bbc0726fc924aeeb9cac4a,101,1,uav_0,3100.0,155,1.0,global_pending_reauction,15360.0,768,50.0,0,,-1,E4,delivered,54,155,LB-v1-20260822,50.0,154,42.78179519031489,100.0,ER-HLNS-parallel-rescue,7181.023200554933,7181.023200554933,1,14716e77b84ef7e77fe9c50243a038de0fa9a0d80a3b2e2df790697faaf07941,0.0,42.78179519031489,LB,105,1,time_critical_lightweight,task_time_critical_lightweight_4,emergency,0,1,0.795836380139859
a3a65679e5c351d0f5c3615a8c9fc38253d863cf53bbc0726fc924aeeb9cac4a,17,1,uav_2,1520.0,76,1.0,global_pending_reauction,15000.0,750,50.0,0,,-1,E4,delivered,59,76,LB-v1-20260822,50.0,75,69.85547671792003,100.0,ER-HLNS-parallel-rescue,6377.527483238084,6377.527483238084,1,14716e77b84ef7e77fe9c50243a038de0fa9a0d80a3b2e2df790697faaf07941,0.0,69.85547671792003,LB,105,1,time_critical_lightweight,task_time_critical_lightweight_5,emergency,0,1,0.780918270447546
a3a65679e5c351d0f5c3615a8c9fc38253d863cf53bbc0726fc924aeeb9cac4a,41,0,None,-1.0,-1,0.0,global_pending_reauction,16560.0,828,50.0,1,lifeline_zero,281,E4,failed,42,-1,LB-v1-20260822,0.0,188,0.0,100.0,ER-HLNS-parallel-rescue,9029.776283917252,9029.776283917252,0,14716e77b84ef7e77fe9c50243a038de0fa9a0d80a3b2e2df790697faaf07941,50.0,0.0,LB,105,0,time_critical_lightweight,task_time_critical_lightweight_6,emergency,0,1,0.8689360715219382
a3a65679e5c351d0f5c3615a8c9fc38253d863cf53bbc0726fc924aeeb9cac4a,137,1,uav_2,3220.0,161,1.0,global_pending_reauction,17160.0,858,50.0,0,,-1,E4,delivered,0,161,LB-v1-20260822,50.0,160,30.08175508173535,100.0,ER-HLNS-parallel-rescue,6748.743106898455,6748.743106898455,1,14716e77b84ef7e77fe9c50243a038de0fa9a0d80a3b2e2df790697faaf07941,0.0,30.08175508173535,LB,105,1,time_critical_lightweight,task_time_critical_lightweight_7,emergency,0,1,0.9402474835352292
a3a65679e5c351d0f5c3615a8c9fc38253d863cf53bbc0726fc924aeeb9cac4a,50,1,uav_3,2040.0,102,1.0,global_pending_reauction,16800.0,840,50.0,0,,-1,E4,delivered,52,102,LB-v1-20260822,50.0,101,52.73004570045644,100.0,ER-HLNS-parallel-rescue,6916.263526249127,6916.263526249127,1,14716e77b84ef7e77fe9c50243a038de0fa9a0d80a3b2e2df790697faaf07941,0.0,52.73004570045644,LB,105,1,time_critical_lightweight,task_time_critical_lightweight_8,emergency,0,1,0.9661089449093814
a3a65679e5c351d0f5c3615a8c9fc38253d863cf53bbc0726fc924aeeb9cac4a,37,1,uav_1,2780.0,139,1.0,global_pending_reauction,17400.0,870,50.0,0,,-1,E4,delivered,102,139,LB-v1-20260822,50.0,138,48.914584102410856,100.0,ER-HLNS-parallel-rescue,10495.756357098931,10495.756357098931,1,14716e77b84ef7e77fe9c50243a038de0fa9a0d80a3b2e2df790697faaf07941,0.0,48.914584102410856,LB,105,1,time_critical_lightweight,task_time_critical_lightweight_9,emergency,0,1,0.8274854444539167
a3a65679e5c351d0f5c3615a8c9fc38253d863cf53bbc0726fc924aeeb9cac4a,53,1,uav_3,3100.0,155,1.0,global_pending_reauction,18000.0,900,50.0,0,,-1,E4,delivered,102,155,LB-v1-20260822,50.0,154,45.66011578663013,100.0,ER-HLNS-parallel-rescue,8510.237238411748,8510.237238411748,1,14716e77b84ef7e77fe9c50243a038de0fa9a0d80a3b2e2df790697faaf07941,0.0,45.66011578663013,LB,105,1,time_critical_lightweight,task_time_critical_lightweight_10,emergency,0,1,0.7765952172368125
a3a65679e5c351d0f5c3615a8c9fc38253d863cf53bbc0726fc924aeeb9cac4a,57,1,uav_1,3040.0,152,1.0,global_pending_reauction,18600.0,930,50.0,0,,-1,E4,delivered,52,152,LB-v1-20260822,50.0,151,41.976994646981005,100.0,ER-HLNS-parallel-rescue,10506.128035288262,10506.128035288262,1,14716e77b84ef7e77fe9c50243a038de0fa9a0d80a3b2e2df790697faaf07941,0.0,41.976994646981005,LB,105,1,time_critical_lightweight,task_time_critical_lightweight_11,emergency,0,1,0.8832814159350445
a3a65679e5c351d0f5c3615a8c9fc38253d863cf53bbc0726fc924aeeb9cac4a,226,0,None,-1.0,-1,0.0,global_pending_reauction,19200.0,960,800.0,1,deadline_exceeded,961,E4,failed,186,-1,LB-v1-20260822,0.0,455,0.8156339285624098,100.0,ER-HLNS-parallel-rescue,5272.8843626741755,5272.8843626741755,0,c72e7a8af14c09cdfead5a9164ca20bc565402829242dad3ead668243caf2fce,800.0,0.0,LB,104,0,routine_bulk,task_routine_bulk_0,normal,1,0,0.47918201810372657
a3a65679e5c351d0f5c3615a8c9fc38253d863cf53bbc0726fc924aeeb9cac4a,11,1,truck_3,2060.0,103,1.0,global_pending_reauction,20400.0,1020,800.0,0,,-1,E4,delivered,92,103,LB-v1-20260822,800.0,102,88.52794122154731,100.0,ER-HLNS-parallel-rescue,7568.357709164488,7568.357709164488,1,c72e7a8af14c09cdfead5a9164ca20bc565402829242dad3ead668243caf2fce,0.0,88.52794122154731,LB,104,1,routine_bulk,task_routine_bulk_1,normal,1,0,0.5886518651509982
a3a65679e5c351d0f5c3615a8c9fc38253d863cf53bbc0726fc924aeeb9cac4a,176,0,None,-1.0,-1,0.0,global_pending_reauction,21600.0,1080,800.0,1,deadline_exceeded,1081,E4,failed,280,-1,LB-v1-20260822,0.0,455,10.030242788472851,100.0,ER-HLNS-parallel-rescue,6249.3846204323945,6249.3846204323945,0,c72e7a8af14c09cdfead5a9164ca20bc565402829242dad3ead668243caf2fce,800.0,0.0,LB,104,0,routine_bulk,task_routine_bulk_2,normal,1,0,0.276105417555162
a3a65679e5c351d0f5c3615a8c9fc38253d863cf53bbc0726fc924aeeb9cac4a,164,0,None,-1.0,-1,0.0,global_pending_reauction,22800.0,1140,800.0,1,lifeline_zero,997,E4,failed,292,-1,LB-v1-20260822,0.0,455,0.0,100.0,ER-HLNS-parallel-rescue,6698.28848762556,6698.28848762556,0,c72e7a8af14c09cdfead5a9164ca20bc565402829242dad3ead668243caf2fce,800.0,0.0,LB,104,0,routine_bulk,task_routine_bulk_3,normal,1,0,0.48560807268183753
a3a65679e5c351d0f5c3615a8c9fc38253d863cf53bbc0726fc924aeeb9cac4a,49,1,truck_2,1980.0,99,1.0,global_pending_reauction,24000.0,1200,800.0,0,,-1,E4,delivered,50,99,LB-v1-20260822,800.0,98,89.30389107896507,100.0,ER-HLNS-parallel-rescue,7570.960812820636,7570.960812820636,1,c72e7a8af14c09cdfead5a9164ca20bc565402829242dad3ead668243caf2fce,0.0,89.30389107896507,LB,104,1,routine_bulk,task_routine_bulk_4,normal,1,0,0.5478035996107795
a3a65679e5c351d0f5c3615a8c9fc38253d863cf53bbc0726fc924aeeb9cac4a,748,0,None,-1.0,-1,0.0,global_pending_reauction,25200.0,1260,800.0,1,lifeline_zero,1099,E4,failed,129,-1,LB-v1-20260822,0.0,1098,0.0,100.0,ER-HLNS-parallel-rescue,7123.574472651179,7123.574472651179,0,c72e7a8af14c09cdfead5a9164ca20bc565402829242dad3ead668243caf2fce,800.0,0.0,LB,104,0,routine_bulk,task_routine_bulk_5,normal,1,0,0.35137426266199645
a3a65679e5c351d0f5c3615a8c9fc38253d863cf53bbc0726fc924aeeb9cac4a,12,1,truck_1,5540.0,277,1.0,global_pending_reauction,26400.0,1320,800.0,0,,-1,E4,delivered,195,277,LB-v1-20260822,800.0,206,72.40745335499646,100.0,ER-HLNS-parallel-rescue,6156.526159856502,6156.526159856502,1,c72e7a8af14c09cdfead5a9164ca20bc565402829242dad3ead668243caf2fce,0.0,72.40745335499646,LB,104,1,routine_bulk,task_routine_bulk_6,normal,1,0,0.4791203724344151
a3a65679e5c351d0f5c3615a8c9fc38253d863cf53bbc0726fc924aeeb9cac4a,29,1,truck_3,2740.0,137,1.0,global_pending_reauction,27600.0,1380,800.0,0,,-1,E4,delivered,99,137,LB-v1-20260822,800.0,136,87.0620249360313,100.0,ER-HLNS-parallel-rescue,7985.041925894773,7985.041925894773,1,c72e7a8af14c09cdfead5a9164ca20bc565402829242dad3ead668243caf2fce,0.0,87.0620249360313,LB,104,1,routine_bulk,task_routine_bulk_7,normal,1,0,0.41526441828837324
a3a65679e5c351d0f5c3615a8c9fc38253d863cf53bbc0726fc924aeeb9cac4a,82,0,None,-1.0,-1,0.0,global_pending_reauction,12000.0,600,50.0,1,lifeline_zero,278,E4,failed,50,-1,LB-v1-20260822,0.0,277,0.0,100.0,ER-HLNS-parallel-rescue,7023.7895527980045,7023.7895527980045,0,c72e7a8af14c09cdfead5a9164ca20bc565402829242dad3ead668243caf2fce,50.0,0.0,LB,104,0,time_critical_lightweight,task_time_critical_lightweight_0,emergency,0,1,0.7334050411538343
a3a65679e5c351d0f5c3615a8c9fc38253d863cf53bbc0726fc924aeeb9cac4a,14,1,uav_1,3020.0,151,1.0,global_pending_reauction,12600.0,630,50.0,0,,-1,E4,delivered,137,151,LB-v1-20260822,50.0,150,47.284412258968864,100.0,ER-HLNS-parallel-rescue,7820.4684819216145,7820.4684819216145,1,c72e7a8af14c09cdfead5a9164ca20bc565402829242dad3ead668243caf2fce,0.0,47.284412258968864,LB,104,1,time_critical_lightweight,task_time_critical_lightweight_1,emergency,0,1,0.7756329563794074
a3a65679e5c351d0f5c3615a8c9fc38253d863cf53bbc0726fc924aeeb9cac4a,127,0,None,-1.0,-1,0.0,global_pending_reauction,14160.0,708,50.0,1,lifeline_zero,280,E4,failed,153,-1,LB-v1-20260822,0.0,279,0.0,100.0,ER-HLNS-parallel-rescue,10205.303898503826,10205.303898503826,0,c72e7a8af14c09cdfead5a9164ca20bc565402829242dad3ead668243caf2fce,50.0,0.0,LB,104,0,time_critical_lightweight,task_time_critical_lightweight_2,emergency,0,1,0.7888680287525364
a3a65679e5c351d0f5c3615a8c9fc38253d863cf53bbc0726fc924aeeb9cac4a,27,1,uav_5,3020.0,151,1.0,global_pending_reauction,13800.0,690,50.0,0,,-1,E4,delivered,124,151,LB-v1-20260822,50.0,150,44.95207666521429,100.0,ER-HLNS-parallel-rescue,16046.827472122433,16046.827472122433,1,c72e7a8af14c09cdfead5a9164ca20bc565402829242dad3ead668243caf2fce,0.0,44.95207666521429,LB,104,1,time_critical_lightweight,task_time_critical_lightweight_3,emergency,0,1,0.8367675481815295
a3a65679e5c351d0f5c3615a8c9fc38253d863cf53bbc0726fc924aeeb9cac4a,13,1,uav_3,2560.0,128,1.0,global_pending_reauction,15360.0,768,50.0,0,,-1,E4,delivered,103,128,LB-v1-20260822,50.0,128,54.2452134882801,100.0,ER-HLNS-parallel-rescue,9174.482219933043,9174.482219933043,1,c72e7a8af14c09cdfead5a9164ca20bc565402829242dad3ead668243caf2fce,0.0,54.2452134882801,LB,104,1,time_critical_lightweight,task_time_critical_lightweight_4,emergency,0,1,0.8127661232413205
a3a65679e5c351d0f5c3615a8c9fc38253d863cf53bbc0726fc924aeeb9cac4a,42,1,uav_5,3860.0,193,1.0,global_pending_reauction,15960.0,798,50.0,0,,-1,E4,delivered,153,193,LB-v1-20260822,50.0,194,30.441181102451715,100.0,ER-HLNS-parallel-rescue,19651.540378591842,19651.540378591842,1,c72e7a8af14c09cdfead5a9164ca20bc565402829242dad3ead668243caf2fce,0.0,30.441181102451715,LB,104,1,time_critical_lightweight,task_time_critical_lightweight_5,emergency,0,1,0.8423225708886023
a3a65679e5c351d0f5c3615a8c9fc38253d863cf53bbc0726fc924aeeb9cac4a,92,1,uav_3,1740.0,87,1.0,global_pending_reauction,15600.0,780,50.0,0,,-1,E4,delivered,0,87,LB-v1-20260822,50.0,91,67.29267205498947,100.0,ER-HLNS-parallel-rescue,7018.248876048752,7018.248876048752,1,c72e7a8af14c09cdfead5a9164ca20bc565402829242dad3ead668243caf2fce,0.0,67.29267205498947,LB,104,1,time_critical_lightweight,task_time_critical_lightweight_6,emergency,0,1,0.8491294207660127
a3a65679e5c351d0f5c3615a8c9fc38253d863cf53bbc0726fc924aeeb9cac4a,44,0,None,-1.0,-1,0.0,global_pending_reauction,16200.0,810,50.0,1,lifeline_zero,248,E4,failed,151,-1,LB-v1-20260822,0.0,194,0.0,100.0,ER-HLNS-parallel-rescue,8377.6446781383,8377.6446781383,0,c72e7a8af14c09cdfead5a9164ca20bc565402829242dad3ead668243caf2fce,50.0,0.0,LB,104,0,time_critical_lightweight,task_time_critical_lightweight_7,emergency,0,1,0.9286770435131199
a3a65679e5c351d0f5c3615a8c9fc38253d863cf53bbc0726fc924aeeb9cac4a,111,1,uav_1,2220.0,111,1.0,global_pending_reauction,16800.0,840,50.0,0,,-1,E4,delivered,0,111,LB-v1-20260822,50.0,110,60.04662216435867,100.0,ER-HLNS-parallel-rescue,9300.70569730297,9300.70569730297,1,c72e7a8af14c09cdfead5a9164ca20bc565402829242dad3ead668243caf2fce,0.0,60.04662216435867,LB,104,1,time_critical_lightweight,task_time_critical_lightweight_8,emergency,0,1,0.8211665605115068
a3a65679e5c351d0f5c3615a8c9fc38253d863cf53bbc0726fc924aeeb9cac4a,72,1,uav_2,3000.0,150,1.0,global_pending_reauction,17400.0,870,50.0,0,,-1,E4,delivered,0,150,LB-v1-20260822,50.0,149,42.57531746158511,100.0,ER-HLNS-parallel-rescue,7532.933777727172,7532.933777727172,1,c72e7a8af14c09cdfead5a9164ca20bc565402829242dad3ead668243caf2fce,0.0,42.57531746158511,LB,104,1,time_critical_lightweight,task_time_critical_lightweight_9,emergency,0,1,0.8946614200318721
a3a65679e5c351d0f5c3615a8c9fc38253d863cf53bbc0726fc924aeeb9cac4a,4,1,uav_1,2400.0,120,1.0,global_pending_reauction,18000.0,900,50.0,0,,-1,E4,delivered,116,120,LB-v1-20260822,50.0,119,54.199864377953226,100.0,ER-HLNS-parallel-rescue,12110.343999723837,12110.343999723837,1,c72e7a8af14c09cdfead5a9164ca20bc565402829242dad3ead668243caf2fce,0.0,54.199864377953226,LB,104,1,time_critical_lightweight,task_time_critical_lightweight_10,emergency,0,1,0.9073734486686894
a3a65679e5c351d0f5c3615a8c9fc38253d863cf53bbc0726fc924aeeb9cac4a,238,0,None,-1.0,-1,0.0,global_pending_reauction,18600.0,930,50.0,1,lifeline_zero,255,E4,failed,0,-1,LB-v1-20260822,0.0,254,0.0,100.0,ER-HLNS-parallel-rescue,5010.518718001438,5010.518718001438,0,c72e7a8af14c09cdfead5a9164ca20bc565402829242dad3ead668243caf2fce,50.0,0.0,LB,104,0,time_critical_lightweight,task_time_critical_lightweight_11,emergency,0,1,0.7839172668337464
a3a65679e5c351d0f5c3615a8c9fc38253d863cf53bbc0726fc924aeeb9cac4a,0,1,truck_2,740.0,37,1.0,global_pending_reauction,19200.0,960,800.0,0,,-1,E4,delivered,-1,37,LB-v1-20260822,800.0,-1,96.54777720445192,100.0,ER-HLNS-parallel-rescue,3049.050045046094,3049.050045046094,1,c8b0c582304d8a9c77f6d75116866afa5228cd3bcf103200933ed5202fe5a2d0,0.0,96.54777720445192,LB,106,1,routine_bulk,task_routine_bulk_0,normal,1,0,0.3041748807187687
a3a65679e5c351d0f5c3615a8c9fc38253d863cf53bbc0726fc924aeeb9cac4a,0,1,truck_3,3860.0,193,1.0,global_pending_reauction,20400.0,1020,800.0,0,,-1,E4,delivered,-1,193,LB-v1-20260822,800.0,-1,84.69488624550704,100.0,ER-HLNS-parallel-rescue,11755.03202291802,11755.03202291802,1,c8b0c582304d8a9c77f6d75116866afa5228cd3bcf103200933ed5202fe5a2d0,0.0,84.69488624550704,LB,106,1,routine_bulk,task_routine_bulk_1,normal,1,0,0.23717705835687986
a3a65679e5c351d0f5c3615a8c9fc38253d863cf53bbc0726fc924aeeb9cac4a,116,0,None,-1.0,-1,0.0,global_pending_reauction,21600.0,1080,800.0,1,deadline_exceeded,1081,E4,failed,284,-1,LB-v1-20260822,0.0,399,20.801206276397178,100.0,ER-HLNS-parallel-rescue,7762.225913505712,7762.225913505712,0,c8b0c582304d8a9c77f6d75116866afa5228cd3bcf103200933ed5202fe5a2d0,800.0,0.0,LB,106,0,routine_bulk,task_routine_bulk_2,normal,1,0,0.20180158138940132
a3a65679e5c351d0f5c3615a8c9fc38253d863cf53bbc0726fc924aeeb9cac4a,64,1,truck_0,5900.0,295,1.0,global_pending_reauction,22800.0,1140,800.0,0,,-1,E4,delivered,222,295,LB-v1-20260822,800.0,285,72.47450339713997,100.0,ER-HLNS-parallel-rescue,7568.718729445891,7568.718729445891,1,c8b0c582304d8a9c77f6d75116866afa5228cd3bcf103200933ed5202fe5a2d0,0.0,72.47450339713997,LB,106,1,routine_bulk,task_routine_bulk_3,normal,1,0,0.3703078937759816
a3a65679e5c351d0f5c3615a8c9fc38253d863cf53bbc0726fc924aeeb9cac4a,0,1,truck_3,2120.0,106,1.0,global_pending_reauction,24000.0,1200,800.0,0,,-1,E4,delivered,-1,106,LB-v1-20260822,800.0,-1,91.41083586159287,100.0,ER-HLNS-parallel-rescue,7346.585050938757,7346.585050938757,1,c8b0c582304d8a9c77f6d75116866afa5228cd3bcf103200933ed5202fe5a2d0,0.0,91.41083586159287,LB,106,1,routine_bulk,task_routine_bulk_4,normal,1,0,0.25635863431386674
a3a65679e5c351d0f5c3615a8c9fc38253d863cf53bbc0726fc924aeeb9cac4a,9,1,truck_0,180.0,9,1.0,global_pending_reauction,25200.0,1260,800.0,0,,-1,E4,delivered,0,9,LB-v1-20260822,800.0,8,98.94528326534876,100.0,ER-HLNS-parallel-rescue,321.7564136050573,321.7564136050573,1,c8b0c582304d8a9c77f6d75116866afa5228cd3bcf103200933ed5202fe5a2d0,0.0,98.94528326534876,LB,106,1,routine_bulk,task_routine_bulk_5,normal,1,0,0.5920820278261801
a3a65679e5c351d0f5c3615a8c9fc38253d863cf53bbc0726fc924aeeb9cac4a,14,1,truck_3,280.0,14,1.0,global_pending_reauction,26400.0,1320,800.0,0,,-1,E4,delivered,0,14,LB-v1-20260822,800.0,13,98.72376561355583,100.0,ER-HLNS-parallel-rescue,741.1163378438463,741.1163378438463,1,c8b0c582304d8a9c77f6d75116866afa5228cd3bcf103200933ed5202fe5a2d0,0.0,98.72376561355583,LB,106,1,routine_bulk,task_routine_bulk_6,normal,1,0,0.3294775831790963
a3a65679e5c351d0f5c3615a8c9fc38253d863cf53bbc0726fc924aeeb9cac4a,138,0,None,-1.0,-1,0.0,global_pending_reauction,27600.0,1380,800.0,1,lifeline_zero,947,E4,failed,90,-1,LB-v1-20260822,0.0,283,0.0,100.0,ER-HLNS-parallel-rescue,4309.209615779867,4309.209615779867,0,c8b0c582304d8a9c77f6d75116866afa5228cd3bcf103200933ed5202fe5a2d0,800.0,0.0,LB,106,0,routine_bulk,task_routine_bulk_7,normal,1,0,0.5555376124004635
a3a65679e5c351d0f5c3615a8c9fc38253d863cf53bbc0726fc924aeeb9cac4a,11,1,uav_2,3820.0,191,1.0,global_pending_reauction,12000.0,600,50.0,0,,-1,E4,delivered,180,191,LB-v1-20260822,50.0,190,34.71123797252862,100.0,ER-HLNS-parallel-rescue,11354.674767540788,11354.674767540788,1,c8b0c582304d8a9c77f6d75116866afa5228cd3bcf103200933ed5202fe5a2d0,0.0,34.71123797252862,LB,106,1,time_critical_lightweight,task_time_critical_lightweight_0,emergency,0,1,0.774646165207239
a3a65679e5c351d0f5c3615a8c9fc38253d863cf53bbc0726fc924aeeb9cac4a,85,1,uav_2,1700.0,85,1.0,global_pending_reauction,12600.0,630,50.0,0,,-1,E4,delivered,0,85,LB-v1-20260822,50.0,84,68.13075025467236,100.0,ER-HLNS-parallel-rescue,7230.961196434538,7230.961196434538,1,c8b0c582304d8a9c77f6d75116866afa5228cd3bcf103200933ed5202fe5a2d0,0.0,68.13075025467236,LB,106,1,time_critical_lightweight,task_time_critical_lightweight_1,emergency,0,1,0.7809525578988008
a3a65679e5c351d0f5c3615a8c9fc38253d863cf53bbc0726fc924aeeb9cac4a,160,1,uav_3,4940.0,247,1.0,global_pending_reauction,13200.0,660,50.0,0,,-1,E4,delivered,27,247,LB-v1-20260822,50.0,246,5.955242625399771,100.0,ER-HLNS-parallel-rescue,9555.659530191586,9555.659530191586,1,c8b0c582304d8a9c77f6d75116866afa5228cd3bcf103200933ed5202fe5a2d0,0.0,5.955242625399771,LB,106,1,time_critical_lightweight,task_time_critical_lightweight_2,emergency,0,1,0.9049880278821211
a3a65679e5c351d0f5c3615a8c9fc38253d863cf53bbc0726fc924aeeb9cac4a,27,1,uav_1,540.0,27,1.0,global_pending_reauction,13800.0,690,50.0,0,,-1,E4,delivered,0,27,LB-v1-20260822,50.0,26,90.38111971911025,100.0,ER-HLNS-parallel-rescue,2616.5347358552845,2616.5347358552845,1,c8b0c582304d8a9c77f6d75116866afa5228cd3bcf103200933ed5202fe5a2d0,0.0,90.38111971911025,LB,106,1,time_critical_lightweight,task_time_critical_lightweight_3,emergency,0,1,0.7465918500496874
a3a65679e5c351d0f5c3615a8c9fc38253d863cf53bbc0726fc924aeeb9cac4a,84,1,uav_0,1860.0,93,1.0,global_pending_reauction,14400.0,720,50.0,0,,-1,E4,delivered,9,93,LB-v1-20260822,50.0,92,63.66083852970235,100.0,ER-HLNS-parallel-rescue,4481.754838637108,4481.754838637108,1,c8b0c582304d8a9c77f6d75116866afa5228cd3bcf103200933ed5202fe5a2d0,0.0,63.66083852970235,LB,106,1,time_critical_lightweight,task_time_critical_lightweight_4,emergency,0,1,0.7312565824232282
a3a65679e5c351d0f5c3615a8c9fc38253d863cf53bbc0726fc924aeeb9cac4a,73,1,uav_2,3560.0,178,1.0,global_pending_reauction,15000.0,750,50.0,0,,-1,E4,delivered,105,178,LB-v1-20260822,50.0,177,30.681230821631598,100.0,ER-HLNS-parallel-rescue,9318.293364685915,9318.293364685915,1,c8b0c582304d8a9c77f6d75116866afa5228cd3bcf103200933ed5202fe5a2d0,0.0,30.681230821631598,LB,106,1,time_critical_lightweight,task_time_critical_lightweight_5,emergency,0,1,0.9426048541447214
a3a65679e5c351d0f5c3615a8c9fc38253d863cf53bbc0726fc924aeeb9cac4a,20,1,uav_2,1880.0,94,1.0,global_pending_reauction,15600.0,780,50.0,0,,-1,E4,delivered,85,94,LB-v1-20260822,50.0,104,64.45872274407185,100.0,ER-HLNS-parallel-rescue,8013.192717317415,8013.192717317415,1,c8b0c582304d8a9c77f6d75116866afa5228cd3bcf103200933ed5202fe5a2d0,0.0,64.45872274407185,LB,106,1,time_critical_lightweight,task_time_critical_lightweight_6,emergency,0,1,0.8110072138332803
a3a65679e5c351d0f5c3615a8c9fc38253d863cf53bbc0726fc924aeeb9cac4a,21,0,None,-1.0,-1,0.0,global_pending_reauction,17160.0,858,50.0,1,lifeline_zero,232,E4,failed,201,-1,LB-v1-20260822,0.0,221,0.0,100.0,ER-HLNS-parallel-rescue,13599.829777370682,13599.829777370682,0,c8b0c582304d8a9c77f6d75116866afa5228cd3bcf103200933ed5202fe5a2d0,50.0,0.0,LB,106,0,time_critical_lightweight,task_time_critical_lightweight_7,emergency,0,1,0.8975879731334194
a3a65679e5c351d0f5c3615a8c9fc38253d863cf53bbc0726fc924aeeb9cac4a,52,1,uav_3,2640.0,132,1.0,global_pending_reauction,16800.0,840,50.0,0,,-1,E4,delivered,90,132,LB-v1-20260822,50.0,141,47.533941572525606,100.0,ER-HLNS-parallel-rescue,9583.174302716527,9583.174302716527,1,c8b0c582304d8a9c77f6d75116866afa5228cd3bcf103200933ed5202fe5a2d0,0.0,47.533941572525606,LB,106,1,time_critical_lightweight,task_time_critical_lightweight_8,emergency,0,1,0.9606920144075497
a3a65679e5c351d0f5c3615a8c9fc38253d863cf53bbc0726fc924aeeb9cac4a,144,1,uav_0,4740.0,237,1.0,global_pending_reauction,18360.0,918,50.0,0,,-1,E4,delivered,93,237,LB-v1-20260822,50.0,236,15.623296228242676,100.0,ER-HLNS-parallel-rescue,11419.695818305287,11419.695818305287,1,c8b0c582304d8a9c77f6d75116866afa5228cd3bcf103200933ed5202fe5a2d0,0.0,15.623296228242676,LB,106,1,time_critical_lightweight,task_time_critical_lightweight_9,emergency,0,1,0.7350690289126702
a3a65679e5c351d0f5c3615a8c9fc38253d863cf53bbc0726fc924aeeb9cac4a,101,0,None,-1.0,-1,0.0,global_pending_reauction,18960.0,948,50.0,1,lifeline_zero,284,E4,failed,14,-1,LB-v1-20260822,0.0,283,0.0,100.0,ER-HLNS-parallel-rescue,9944.256660494088,9944.256660494088,0,c8b0c582304d8a9c77f6d75116866afa5228cd3bcf103200933ed5202fe5a2d0,50.0,0.0,LB,106,0,time_critical_lightweight,task_time_critical_lightweight_10,emergency,0,1,0.8116832852154032
a3a65679e5c351d0f5c3615a8c9fc38253d863cf53bbc0726fc924aeeb9cac4a,127,1,uav_1,5380.0,269,1.0,global_pending_reauction,18600.0,930,50.0,0,,-1,E4,delivered,142,269,LB-v1-20260822,50.0,268,2.761653015353807,100.0,ER-HLNS-parallel-rescue,9249.538160907647,9249.538160907647,1,c8b0c582304d8a9c77f6d75116866afa5228cd3bcf103200933ed5202fe5a2d0,0.0,2.761653015353807,LB,106,1,time_critical_lightweight,task_time_critical_lightweight_11,emergency,0,1,0.8206547515719875
a3a65679e5c351d0f5c3615a8c9fc38253d863cf53bbc0726fc924aeeb9cac4a,9,1,truck_3,1860.0,93,1.0,global_pending_reauction,19200.0,960,800.0,0,,-1,E4,delivered,84,93,LB-v1-20260822,800.0,92,89.4473381923459,100.0,ER-HLNS-parallel-rescue,2859.966141595017,2859.966141595017,1,15ffe9e90a19f50ccab9af9cfd961b230475554adfcfa639c7dc4ffa909c030d,0.0,89.4473381923459,LB,108,1,routine_bulk,task_routine_bulk_0,normal,1,0,0.5609855287075038
a3a65679e5c351d0f5c3615a8c9fc38253d863cf53bbc0726fc924aeeb9cac4a,0,1,truck_1,2880.0,144,1.0,global_pending_reauction,20400.0,1020,800.0,0,,-1,E4,delivered,-1,144,LB-v1-20260822,800.0,-1,84.38583506109921,100.0,ER-HLNS-parallel-rescue,5637.344423392569,5637.344423392569,1,15ffe9e90a19f50ccab9af9cfd961b230475554adfcfa639c7dc4ffa909c030d,0.0,84.38583506109921,LB,108,1,routine_bulk,task_routine_bulk_1,normal,1,0,0.501236365885313
a3a65679e5c351d0f5c3615a8c9fc38253d863cf53bbc0726fc924aeeb9cac4a,227,0,None,-1.0,-1,0.0,global_pending_reauction,21600.0,1080,800.0,1,lifeline_zero,962,E4,failed,239,-1,LB-v1-20260822,0.0,513,0.0,100.0,ER-HLNS-parallel-rescue,9942.057192264663,9942.057192264663,0,15ffe9e90a19f50ccab9af9cfd961b230475554adfcfa639c7dc4ffa909c030d,800.0,0.0,LB,108,0,routine_bulk,task_routine_bulk_2,normal,1,0,0.5555026708663071
a3a65679e5c351d0f5c3615a8c9fc38253d863cf53bbc0726fc924aeeb9cac4a,0,1,truck_0,1020.0,51,1.0,global_pending_reauction,22800.0,1140,800.0,0,,-1,E4,delivered,-1,51,LB-v1-20260822,800.0,-1,95.56548672714192,100.0,ER-HLNS-parallel-rescue,4666.121541604554,4666.121541604554,1,15ffe9e90a19f50ccab9af9cfd961b230475554adfcfa639c7dc4ffa909c030d,0.0,95.56548672714192,LB,108,1,routine_bulk,task_routine_bulk_3,normal,1,0,0.3185650985937015
a3a65679e5c351d0f5c3615a8c9fc38253d863cf53bbc0726fc924aeeb9cac4a,169,0,None,-1.0,-1,0.0,global_pending_reauction,24000.0,1200,800.0,1,lifeline_zero,1157,E4,failed,271,-1,LB-v1-20260822,0.0,619,0.0,100.0,ER-HLNS-parallel-rescue,6781.35066497251,6781.35066497251,0,15ffe9e90a19f50ccab9af9cfd961b230475554adfcfa639c7dc4ffa909c030d,800.0,0.0,LB,108,0,routine_bulk,task_routine_bulk_4,normal,1,0,0.34064574335616304
a3a65679e5c351d0f5c3615a8c9fc38253d863cf53bbc0726fc924aeeb9cac4a,0,1,truck_1,1140.0,57,1.0,global_pending_reauction,25200.0,1260,800.0,0,,-1,E4,delivered,-1,57,LB-v1-20260822,800.0,-1,95.20410833797288,100.0,ER-HLNS-parallel-rescue,4155.704745337662,4155.704745337662,1,15ffe9e90a19f50ccab9af9cfd961b230475554adfcfa639c7dc4ffa909c030d,0.0,95.20410833797288,LB,108,1,routine_bulk,task_routine_bulk_5,normal,1,0,0.25864485362533485
a3a65679e5c351d0f5c3615a8c9fc38253d863cf53bbc0726fc924aeeb9cac4a,136,0,None,-1.0,-1,0.0,global_pending_reauction,26400.0,1320,800.0,1,lifeline_zero,1141,E4,failed,274,-1,LB-v1-20260822,0.0,619,0.0,100.0,ER-HLNS-parallel-rescue,10185.81922082076,10185.81922082076,0,15ffe9e90a19f50ccab9af9cfd961b230475554adfcfa639c7dc4ffa909c030d,800.0,0.0,LB,108,0,routine_bulk,task_routine_bulk_6,normal,1,0,0.343202237017046
a3a65679e5c351d0f5c3615a8c9fc38253d863cf53bbc0726fc924aeeb9cac4a,15,1,truck_1,5420.0,271,1.0,global_pending_reauction,27600.0,1380,800.0,0,,-1,E4,delivered,256,271,LB-v1-20260822,800.0,270,69.01537066471337,100.0,ER-HLNS-parallel-rescue,7723.085120746713,7723.085120746713,1,15ffe9e90a19f50ccab9af9cfd961b230475554adfcfa639c7dc4ffa909c030d,0.0,69.01537066471337,LB,108,1,routine_bulk,task_routine_bulk_7,normal,1,0,0.5744015331175518
a3a65679e5c351d0f5c3615a8c9fc38253d863cf53bbc0726fc924aeeb9cac4a,28,1,uav_2,1520.0,76,1.0,global_pending_reauction,12000.0,600,50.0,0,,-1,E4,delivered,48,76,LB-v1-20260822,50.0,75,73.33559228974669,100.0,ER-HLNS-parallel-rescue,6586.287052661501,6586.287052661501,1,15ffe9e90a19f50ccab9af9cfd961b230475554adfcfa639c7dc4ffa909c030d,0.0,73.33559228974669,LB,108,1,time_critical_lightweight,task_time_critical_lightweight_0,emergency,0,1,0.7335914098601112
a3a65679e5c351d0f5c3615a8c9fc38253d863cf53bbc0726fc924aeeb9cac4a,6,0,None,-1.0,-1,0.0,global_pending_reauction,12600.0,630,50.0,1,lifeline_zero,256,E4,failed,250,-1,LB-v1-20260822,0.0,255,0.0,100.0,ER-HLNS-parallel-rescue,7574.794648674728,7574.794648674728,0,15ffe9e90a19f50ccab9af9cfd961b230475554adfcfa639c7dc4ffa909c030d,50.0,0.0,LB,108,0,time_critical_lightweight,task_time_critical_lightweight_1,emergency,0,1,0.8868543307242109
a3a65679e5c351d0f5c3615a8c9fc38253d863cf53bbc0726fc924aeeb9cac4a,14,0,None,-1.0,-1,0.0,global_pending_reauction,14160.0,708,50.0,1,lifeline_zero,240,E4,failed,236,-1,LB-v1-20260822,0.0,249,0.0,100.0,ER-HLNS-parallel-rescue,11991.929167998902,11991.929167998902,0,15ffe9e90a19f50ccab9af9cfd961b230475554adfcfa639c7dc4ffa909c030d,50.0,0.0,LB,108,0,time_critical_lightweight,task_time_critical_lightweight_2,emergency,0,1,0.8622104462015817
a3a65679e5c351d0f5c3615a8c9fc38253d863cf53bbc0726fc924aeeb9cac4a,15,0,None,-1.0,-1,0.0,global_pending_reauction,13800.0,690,50.0,1,lifeline_zero,239,E4,failed,224,-1,LB-v1-20260822,0.0,238,0.0,100.0,ER-HLNS-parallel-rescue,14817.022911695385,14817.022911695385,0,15ffe9e90a19f50ccab9af9cfd961b230475554adfcfa639c7dc4ffa909c030d,50.0,0.0,LB,108,0,time_critical_lightweight,task_time_critical_lightweight_3,emergency,0,1,0.8776064072695569
a3a65679e5c351d0f5c3615a8c9fc38253d863cf53bbc0726fc924aeeb9cac4a,71,1,uav_0,1420.0,71,1.0,global_pending_reauction,14400.0,720,50.0,0,,-1,E4,delivered,0,71,LB-v1-20260822,50.0,70,70.53126641109336,100.0,ER-HLNS-parallel-rescue,4754.029733786183,4754.029733786183,1,15ffe9e90a19f50ccab9af9cfd961b230475554adfcfa639c7dc4ffa909c030d,0.0,70.53126641109336,LB,108,1,time_critical_lightweight,task_time_critical_lightweight_4,emergency,0,1,0.9812414865193095
a3a65679e5c351d0f5c3615a8c9fc38253d863cf53bbc0726fc924aeeb9cac4a,36,0,None,-1.0,-1,0.0,global_pending_reauction,15960.0,798,50.0,1,lifeline_zero,298,E4,failed,250,-1,LB-v1-20260822,0.0,297,0.0,100.0,ER-HLNS-parallel-rescue,5403.282100579913,5403.282100579913,0,15ffe9e90a19f50ccab9af9cfd961b230475554adfcfa639c7dc4ffa909c030d,50.0,0.0,LB,108,0,time_critical_lightweight,task_time_critical_lightweight_5,emergency,0,1,0.7361653400527843
a3a65679e5c351d0f5c3615a8c9fc38253d863cf53bbc0726fc924aeeb9cac4a,67,1,uav_1,1340.0,67,1.0,global_pending_reauction,15600.0,780,50.0,0,,-1,E4,delivered,0,67,LB-v1-20260822,50.0,66,74.16767873919292,100.0,ER-HLNS-parallel-rescue,3513.9142900961356,3513.9142900961356,1,15ffe9e90a19f50ccab9af9cfd961b230475554adfcfa639c7dc4ffa909c030d,0.0,74.16767873919292,LB,108,1,time_critical_lightweight,task_time_critical_lightweight_6,emergency,0,1,0.8281854223501783
a3a65679e5c351d0f5c3615a8c9fc38253d863cf53bbc0726fc924aeeb9cac4a,155,1,uav_5,4260.0,213,1.0,global_pending_reauction,16200.0,810,50.0,0,,-1,E4,delivered,67,213,LB-v1-20260822,50.0,221,10.888488628519994,100.0,ER-HLNS-parallel-rescue,7067.058621787813,7067.058621787813,1,15ffe9e90a19f50ccab9af9cfd961b230475554adfcfa639c7dc4ffa909c030d,0.0,10.888488628519994,LB,108,1,time_critical_lightweight,task_time_critical_lightweight_7,emergency,0,1,0.9473833365764368
a3a65679e5c351d0f5c3615a8c9fc38253d863cf53bbc0726fc924aeeb9cac4a,209,1,uav_4,5520.0,276,1.0,global_pending_reauction,17760.0,888,50.0,0,,-1,E4,delivered,71,276,LB-v1-20260822,50.0,279,1.865476505206491,100.0,ER-HLNS-parallel-rescue,5522.774919186775,5522.774919186775,1,15ffe9e90a19f50ccab9af9cfd961b230475554adfcfa639c7dc4ffa909c030d,0.0,1.865476505206491,LB,108,1,time_critical_lightweight,task_time_critical_lightweight_8,emergency,0,1,0.7862908118294443
a3a65679e5c351d0f5c3615a8c9fc38253d863cf53bbc0726fc924aeeb9cac4a,213,1,uav_3,4520.0,226,1.0,global_pending_reauction,17400.0,870,50.0,0,,-1,E4,delivered,0,226,LB-v1-20260822,50.0,221,15.097661711375,100.0,ER-HLNS-parallel-rescue,7007.472939544873,7007.472939544873,1,15ffe9e90a19f50ccab9af9cfd961b230475554adfcfa639c7dc4ffa909c030d,0.0,15.097661711375,LB,108,1,time_critical_lightweight,task_time_critical_lightweight_9,emergency,0,1,0.8110961246662984
a3a65679e5c351d0f5c3615a8c9fc38253d863cf53bbc0726fc924aeeb9cac4a,182,0,None,-1.0,-1,0.0,global_pending_reauction,18000.0,900,50.0,1,lifeline_zero,258,E4,failed,76,-1,LB-v1-20260822,0.0,257,0.0,100.0,ER-HLNS-parallel-rescue,6550.917811156877,6550.917811156877,0,15ffe9e90a19f50ccab9af9cfd961b230475554adfcfa639c7dc4ffa909c030d,50.0,0.0,LB,108,0,time_critical_lightweight,task_time_critical_lightweight_10,emergency,0,1,0.9060906911985231
a3a65679e5c351d0f5c3615a8c9fc38253d863cf53bbc0726fc924aeeb9cac4a,48,1,uav_2,960.0,48,1.0,global_pending_reauction,18600.0,930,50.0,0,,-1,E4,delivered,0,48,LB-v1-20260822,50.0,47,81.2171835083605,100.0,ER-HLNS-parallel-rescue,4254.156063356919,4254.156063356919,1,15ffe9e90a19f50ccab9af9cfd961b230475554adfcfa639c7dc4ffa909c030d,0.0,81.2171835083605,LB,108,1,time_critical_lightweight,task_time_critical_lightweight_11,emergency,0,1,0.8683274098138106
a3a65679e5c351d0f5c3615a8c9fc38253d863cf53bbc0726fc924aeeb9cac4a,16,1,truck_3,2500.0,125,1.0,global_pending_reauction,19200.0,960,800.0,0,,-1,E4,delivered,109,125,LB-v1-20260822,800.0,124,86.53595358227145,100.0,ER-HLNS-parallel-rescue,4676.861376701063,4676.861376701063,1,312c0b294c114f0cc8f9b2f251eeb589f2f7e07bdbabc2ca2ec473197ffa18d8,0.0,86.53595358227145,LB,107,1,routine_bulk,task_routine_bulk_0,normal,1,0,0.5706680857831006
a3a65679e5c351d0f5c3615a8c9fc38253d863cf53bbc0726fc924aeeb9cac4a,62,1,truck_0,2480.0,124,1.0,global_pending_reauction,20400.0,1020,800.0,0,,-1,E4,delivered,62,124,LB-v1-20260822,800.0,123,89.97671937454982,100.0,ER-HLNS-parallel-rescue,4365.266097324558,4365.266097324558,1,312c0b294c114f0cc8f9b2f251eeb589f2f7e07bdbabc2ca2ec473197ffa18d8,0.0,89.97671937454982,LB,107,1,routine_bulk,task_routine_bulk_1,normal,1,0,0.2966517718910157
a3a65679e5c351d0f5c3615a8c9fc38253d863cf53bbc0726fc924aeeb9cac4a,0,1,truck_0,760.0,38,1.0,global_pending_reauction,21600.0,1080,800.0,0,,-1,E4,delivered,-1,38,LB-v1-20260822,800.0,-1,95.95163454467597,100.0,ER-HLNS-parallel-rescue,3168.672550952722,3168.672550952722,1,312c0b294c114f0cc8f9b2f251eeb589f2f7e07bdbabc2ca2ec473197ffa18d8,0.0,95.95163454467597,LB,107,1,routine_bulk,task_routine_bulk_2,normal,1,0,0.5547067970949975
a3a65679e5c351d0f5c3615a8c9fc38253d863cf53bbc0726fc924aeeb9cac4a,0,1,truck_0,2780.0,139,1.0,global_pending_reauction,22800.0,1140,800.0,0,,-1,E4,delivered,-1,139,LB-v1-20260822,800.0,-1,89.38189482261204,100.0,ER-HLNS-parallel-rescue,3245.16352904983,3245.16352904983,1,312c0b294c114f0cc8f9b2f251eeb589f2f7e07bdbabc2ca2ec473197ffa18d8,0.0,89.38189482261204,LB,107,1,routine_bulk,task_routine_bulk_3,normal,1,0,0.2436562031867523
a3a65679e5c351d0f5c3615a8c9fc38253d863cf53bbc0726fc924aeeb9cac4a,52,1,truck_3,3540.0,177,1.0,global_pending_reauction,24000.0,1200,800.0,0,,-1,E4,delivered,125,177,LB-v1-20260822,800.0,176,83.45777799140325,100.0,ER-HLNS-parallel-rescue,5980.171646239756,5980.171646239756,1,312c0b294c114f0cc8f9b2f251eeb589f2f7e07bdbabc2ca2ec473197ffa18d8,0.0,83.45777799140325,LB,107,1,routine_bulk,task_routine_bulk_4,normal,1,0,0.4304808019757515
a3a65679e5c351d0f5c3615a8c9fc38253d863cf53bbc0726fc924aeeb9cac4a,177,1,truck_1,5980.0,299,1.0,global_pending_reauction,25200.0,1260,800.0,0,,-1,E4,delivered,91,299,LB-v1-20260822,800.0,298,72.95140582576558,100.0,ER-HLNS-parallel-rescue,4790.794991940095,4790.794991940095,1,312c0b294c114f0cc8f9b2f251eeb589f2f7e07bdbabc2ca2ec473197ffa18d8,0.0,72.95140582576558,LB,107,1,routine_bulk,task_routine_bulk_5,normal,1,0,0.3804450519899658
a3a65679e5c351d0f5c3615a8c9fc38253d863cf53bbc0726fc924aeeb9cac4a,162,0,None,-1.0,-1,0.0,global_pending_reauction,26400.0,1320,800.0,1,lifeline_zero,1299,E4,failed,299,-1,LB-v1-20260822,0.0,460,0.0,100.0,ER-HLNS-parallel-rescue,9323.57765247018,9323.57765247018,0,312c0b294c114f0cc8f9b2f251eeb589f2f7e07bdbabc2ca2ec473197ffa18d8,800.0,0.0,LB,107,0,routine_bulk,task_routine_bulk_6,normal,1,0,0.2221731791610967
a3a65679e5c351d0f5c3615a8c9fc38253d863cf53bbc0726fc924aeeb9cac4a,100,1,truck_0,4480.0,224,1.0,global_pending_reauction,27600.0,1380,800.0,0,,-1,E4,delivered,124,224,LB-v1-20260822,800.0,223,78.40781321084968,100.0,ER-HLNS-parallel-rescue,2675.351273261336,2675.351273261336,1,312c0b294c114f0cc8f9b2f251eeb589f2f7e07bdbabc2ca2ec473197ffa18d8,0.0,78.40781321084968,LB,107,1,routine_bulk,task_routine_bulk_7,normal,1,0,0.4377062722154169
a3a65679e5c351d0f5c3615a8c9fc38253d863cf53bbc0726fc924aeeb9cac4a,178,1,uav_0,4720.0,236,1.0,global_pending_reauction,12000.0,600,50.0,0,,-1,E4,delivered,22,236,LB-v1-20260822,50.0,235,14.400703861994097,100.0,ER-HLNS-parallel-rescue,5394.62580921223,5394.62580921223,1,312c0b294c114f0cc8f9b2f251eeb589f2f7e07bdbabc2ca2ec473197ffa18d8,0.0,14.400703861994097,LB,107,1,time_critical_lightweight,task_time_critical_lightweight_0,emergency,0,1,0.8302499593770897
a3a65679e5c351d0f5c3615a8c9fc38253d863cf53bbc0726fc924aeeb9cac4a,15,1,uav_3,300.0,15,1.0,global_pending_reauction,12600.0,630,50.0,0,,-1,E4,delivered,0,15,LB-v1-20260822,50.0,14,94.4948036701811,100.0,ER-HLNS-parallel-rescue,1255.9076213524656,1255.9076213524656,1,312c0b294c114f0cc8f9b2f251eeb589f2f7e07bdbabc2ca2ec473197ffa18d8,0.0,94.4948036701811,LB,107,1,time_critical_lightweight,task_time_critical_lightweight_1,emergency,0,1,0.7411016998019768
a3a65679e5c351d0f5c3615a8c9fc38253d863cf53bbc0726fc924aeeb9cac4a,20,1,uav_1,1640.0,82,1.0,global_pending_reauction,14160.0,708,50.0,0,,-1,E4,delivered,62,82,LB-v1-20260822,50.0,81,72.73296331036224,100.0,ER-HLNS-parallel-rescue,8978.493170966221,8978.493170966221,1,312c0b294c114f0cc8f9b2f251eeb589f2f7e07bdbabc2ca2ec473197ffa18d8,0.0,72.73296331036224,LB,107,1,time_critical_lightweight,task_time_critical_lightweight_2,emergency,0,1,0.7545769185202815
a3a65679e5c351d0f5c3615a8c9fc38253d863cf53bbc0726fc924aeeb9cac4a,40,1,uav_3,4560.0,228,1.0,global_pending_reauction,14760.0,738,50.0,0,,-1,E4,delivered,188,228,LB-v1-20260822,50.0,227,20.002420740468054,100.0,ER-HLNS-parallel-rescue,9241.05280832803,9241.05280832803,1,312c0b294c114f0cc8f9b2f251eeb589f2f7e07bdbabc2ca2ec473197ffa18d8,0.0,20.002420740468054,LB,107,1,time_critical_lightweight,task_time_critical_lightweight_3,emergency,0,1,0.8390694278116883
a3a65679e5c351d0f5c3615a8c9fc38253d863cf53bbc0726fc924aeeb9cac4a,28,1,uav_0,560.0,28,1.0,global_pending_reauction,14400.0,720,50.0,0,,-1,E4,delivered,0,28,LB-v1-20260822,50.0,27,90.0398870849192,100.0,ER-HLNS-parallel-rescue,2739.1399798010775,2739.1399798010775,1,312c0b294c114f0cc8f9b2f251eeb589f2f7e07bdbabc2ca2ec473197ffa18d8,0.0,90.0398870849192,LB,107,1,time_critical_lightweight,task_time_critical_lightweight_4,emergency,0,1,0.8046278717993235
a3a65679e5c351d0f5c3615a8c9fc38253d863cf53bbc0726fc924aeeb9cac4a,94,1,uav_3,2180.0,109,1.0,global_pending_reauction,15000.0,750,50.0,0,,-1,E4,delivered,15,109,LB-v1-20260822,50.0,108,58.35716232108504,100.0,ER-HLNS-parallel-rescue,3797.4401881228073,3797.4401881228073,1,312c0b294c114f0cc8f9b2f251eeb589f2f7e07bdbabc2ca2ec473197ffa18d8,0.0,58.35716232108504,LB,107,1,time_critical_lightweight,task_time_critical_lightweight_5,emergency,0,1,0.90085693700648
a3a65679e5c351d0f5c3615a8c9fc38253d863cf53bbc0726fc924aeeb9cac4a,1,1,uav_5,3760.0,188,1.0,global_pending_reauction,15600.0,780,50.0,0,,-1,E4,delivered,174,188,LB-v1-20260822,50.0,174,33.21496525979427,100.0,ER-HLNS-parallel-rescue,5747.812352952764,5747.812352952764,1,312c0b294c114f0cc8f9b2f251eeb589f2f7e07bdbabc2ca2ec473197ffa18d8,0.0,33.21496525979427,LB,107,1,time_critical_lightweight,task_time_critical_lightweight_6,emergency,0,1,0.7731538051901221
a3a65679e5c351d0f5c3615a8c9fc38253d863cf53bbc0726fc924aeeb9cac4a,1,1,uav_2,4180.0,209,1.0,global_pending_reauction,17160.0,858,50.0,0,,-1,E4,delivered,173,209,LB-v1-20260822,50.0,173,24.798559770117702,100.0,ER-HLNS-parallel-rescue,9338.434762348648,9338.434762348648,1,312c0b294c114f0cc8f9b2f251eeb589f2f7e07bdbabc2ca2ec473197ffa18d8,0.0,24.798559770117702,LB,107,1,time_critical_lightweight,task_time_critical_lightweight_7,emergency,0,1,0.8164838175840352
a3a65679e5c351d0f5c3615a8c9fc38253d863cf53bbc0726fc924aeeb9cac4a,34,1,uav_4,1060.0,53,1.0,global_pending_reauction,16800.0,840,50.0,0,,-1,E4,delivered,28,53,LB-v1-20260822,50.0,61,78.66123262675389,100.0,ER-HLNS-parallel-rescue,4433.27498858184,4433.27498858184,1,312c0b294c114f0cc8f9b2f251eeb589f2f7e07bdbabc2ca2ec473197ffa18d8,0.0,78.66123262675389,LB,107,1,time_critical_lightweight,task_time_critical_lightweight_8,emergency,0,1,0.969115762600605
a3a65679e5c351d0f5c3615a8c9fc38253d863cf53bbc0726fc924aeeb9cac4a,22,1,uav_2,440.0,22,1.0,global_pending_reauction,17400.0,870,50.0,0,,-1,E4,delivered,0,22,LB-v1-20260822,50.0,21,90.489922577558,100.0,ER-HLNS-parallel-rescue,1706.9408225484358,1706.9408225484358,1,312c0b294c114f0cc8f9b2f251eeb589f2f7e07bdbabc2ca2ec473197ffa18d8,0.0,90.489922577558,LB,107,1,time_critical_lightweight,task_time_critical_lightweight_9,emergency,0,1,0.9597035886893125
a3a65679e5c351d0f5c3615a8c9fc38253d863cf53bbc0726fc924aeeb9cac4a,50,1,uav_1,1000.0,50,1.0,global_pending_reauction,18000.0,900,50.0,0,,-1,E4,delivered,0,50,LB-v1-20260822,50.0,49,81.67295222089228,100.0,ER-HLNS-parallel-rescue,3763.818128189182,3763.818128189182,1,312c0b294c114f0cc8f9b2f251eeb589f2f7e07bdbabc2ca2ec473197ffa18d8,0.0,81.67295222089228,LB,107,1,time_critical_lightweight,task_time_critical_lightweight_10,emergency,0,1,0.8653418966582734
a3a65679e5c351d0f5c3615a8c9fc38253d863cf53bbc0726fc924aeeb9cac4a,12,1,uav_5,1160.0,58,1.0,global_pending_reauction,18600.0,930,50.0,0,,-1,E4,delivered,50,58,LB-v1-20260822,50.0,61,77.26099896941551,100.0,ER-HLNS-parallel-rescue,5710.389558214626,5710.389558214626,1,312c0b294c114f0cc8f9b2f251eeb589f2f7e07bdbabc2ca2ec473197ffa18d8,0.0,77.26099896941551,LB,107,1,time_critical_lightweight,task_time_critical_lightweight_11,emergency,0,1,0.961564265025886
a3a65679e5c351d0f5c3615a8c9fc38253d863cf53bbc0726fc924aeeb9cac4a,46,0,None,-1.0,-1,0.0,global_pending_reauction,19200.0,960,800.0,1,deadline_exceeded,961,E4,failed,112,-1,LB-v1-20260822,0.0,171,25.235682663606955,100.0,ER-HLNS-parallel-rescue,10438.47474817182,10438.47474817182,0,e44746b0f27c00f956c05d9c6a53fe12d7c39f23814499df5aab5046666b32ee,800.0,0.0,LB,109,0,routine_bulk,task_routine_bulk_0,normal,1,0,0.24372892426675105
a3a65679e5c351d0f5c3615a8c9fc38253d863cf53bbc0726fc924aeeb9cac4a,25,1,truck_1,2740.0,137,1.0,global_pending_reauction,20400.0,1020,800.0,0,,-1,E4,delivered,112,137,LB-v1-20260822,800.0,136,86.04280410496554,100.0,ER-HLNS-parallel-rescue,7520.043271903724,7520.043271903724,1,e44746b0f27c00f956c05d9c6a53fe12d7c39f23814499df5aab5046666b32ee,0.0,86.04280410496554,LB,109,1,routine_bulk,task_routine_bulk_1,normal,1,0,0.5054521103748251
a3a65679e5c351d0f5c3615a8c9fc38253d863cf53bbc0726fc924aeeb9cac4a,22,1,truck_3,2000.0,100,1.0,global_pending_reauction,21600.0,1080,800.0,0,,-1,E4,delivered,78,100,LB-v1-20260822,800.0,99,92.32313826039042,100.0,ER-HLNS-parallel-rescue,5862.2526887266995,5862.2526887266995,1,e44746b0f27c00f956c05d9c6a53fe12d7c39f23814499df5aab5046666b32ee,0.0,92.32313826039042,LB,109,1,routine_bulk,task_routine_bulk_2,normal,1,0,0.22819223062131908
a3a65679e5c351d0f5c3615a8c9fc38253d863cf53bbc0726fc924aeeb9cac4a,412,1,truck_0,12100.0,605,1.0,global_pending_reauction,22800.0,1140,800.0,0,,-1,E4,delivered,172,605,LB-v1-20260822,800.0,604,33.059590520754014,100.0,ER-HLNS-parallel-rescue,9233.836204566593,9233.836204566593,1,e44746b0f27c00f956c05d9c6a53fe12d7c39f23814499df5aab5046666b32ee,0.0,33.059590520754014,LB,109,1,routine_bulk,task_routine_bulk_3,normal,1,0,0.5591597629199856
a3a65679e5c351d0f5c3615a8c9fc38253d863cf53bbc0726fc924aeeb9cac4a,113,1,truck_0,8040.0,402,1.0,global_pending_reauction,24000.0,1200,800.0,0,,-1,E4,delivered,289,402,LB-v1-20260822,800.0,401,57.72652441611791,100.0,ER-HLNS-parallel-rescue,12264.704525287152,12264.704525287152,1,e44746b0f27c00f956c05d9c6a53fe12d7c39f23814499df5aab5046666b32ee,0.0,57.72652441611791,LB,109,1,routine_bulk,task_routine_bulk_4,normal,1,0,0.5182976821364798
a3a65679e5c351d0f5c3615a8c9fc38253d863cf53bbc0726fc924aeeb9cac4a,0,0,None,-1.0,-1,0.0,global_pending_reauction,25200.0,1260,800.0,1,lifeline_zero,1149,E4,failed,-1,-1,LB-v1-20260822,0.0,-1,0.0,100.0,ER-HLNS-parallel-rescue,3180.3161628672265,3180.3161628672265,0,e44746b0f27c00f956c05d9c6a53fe12d7c39f23814499df5aab5046666b32ee,800.0,0.0,LB,109,0,routine_bulk,task_routine_bulk_5,normal,1,0,0.27498948731286477
a3a65679e5c351d0f5c3615a8c9fc38253d863cf53bbc0726fc924aeeb9cac4a,687,0,None,-1.0,-1,0.0,global_pending_reauction,26400.0,1320,800.0,1,lifeline_zero,1089,E4,failed,402,-1,LB-v1-20260822,0.0,1088,0.0,100.0,ER-HLNS-parallel-rescue,7638.021133490483,7638.021133490483,0,e44746b0f27c00f956c05d9c6a53fe12d7c39f23814499df5aab5046666b32ee,800.0,0.0,LB,109,0,routine_bulk,task_routine_bulk_6,normal,1,0,0.35938088605341784
a3a65679e5c351d0f5c3615a8c9fc38253d863cf53bbc0726fc924aeeb9cac4a,212,1,truck_0,9840.0,492,1.0,global_pending_reauction,27600.0,1380,800.0,0,,-1,E4,delivered,41,492,LB-v1-20260822,800.0,288,53.54889090689262,100.0,ER-HLNS-parallel-rescue,8669.41558612628,8669.41558612628,1,e44746b0f27c00f956c05d9c6a53fe12d7c39f23814499df5aab5046666b32ee,0.0,53.54889090689262,LB,109,1,routine_bulk,task_routine_bulk_7,normal,1,0,0.4023390026781324
a3a65679e5c351d0f5c3615a8c9fc38253d863cf53bbc0726fc924aeeb9cac4a,21,1,uav_2,420.0,21,1.0,global_pending_reauction,12000.0,600,50.0,0,,-1,E4,delivered,0,21,LB-v1-20260822,50.0,20,91.41917401048757,100.0,ER-HLNS-parallel-rescue,1577.2702063913625,1577.2702063913625,1,e44746b0f27c00f956c05d9c6a53fe12d7c39f23814499df5aab5046666b32ee,0.0,91.41917401048757,LB,109,1,time_critical_lightweight,task_time_critical_lightweight_0,emergency,0,1,0.9897379983613447
a3a65679e5c351d0f5c3615a8c9fc38253d863cf53bbc0726fc924aeeb9cac4a,61,1,uav_1,1220.0,61,1.0,global_pending_reauction,12600.0,630,50.0,0,,-1,E4,delivered,0,61,LB-v1-20260822,50.0,60,79.361560540094,100.0,ER-HLNS-parallel-rescue,5275.816914731613,5275.816914731613,1,e44746b0f27c00f956c05d9c6a53fe12d7c39f23814499df5aab5046666b32ee,0.0,79.361560540094,LB,109,1,time_critical_lightweight,task_time_critical_lightweight_1,emergency,0,1,0.706236225687008
a3a65679e5c351d0f5c3615a8c9fc38253d863cf53bbc0726fc924aeeb9cac4a,120,0,None,-1.0,-1,0.0,global_pending_reauction,14160.0,708,50.0,1,lifeline_zero,289,E4,failed,133,-1,LB-v1-20260822,0.0,288,0.0,100.0,ER-HLNS-parallel-rescue,7167.574303002123,7167.574303002123,0,e44746b0f27c00f956c05d9c6a53fe12d7c39f23814499df5aab5046666b32ee,50.0,0.0,LB,109,0,time_critical_lightweight,task_time_critical_lightweight_2,emergency,0,1,0.7651739864753156
a3a65679e5c351d0f5c3615a8c9fc38253d863cf53bbc0726fc924aeeb9cac4a,6,1,uav_0,820.0,41,1.0,global_pending_reauction,13800.0,690,50.0,0,,-1,E4,delivered,35,41,LB-v1-20260822,50.0,40,84.71999664544606,100.0,ER-HLNS-parallel-rescue,4619.729192645459,4619.729192645459,1,e44746b0f27c00f956c05d9c6a53fe12d7c39f23814499df5aab5046666b32ee,0.0,84.71999664544606,LB,109,1,time_critical_lightweight,task_time_critical_lightweight_3,emergency,0,1,0.8801124407111246
a3a65679e5c351d0f5c3615a8c9fc38253d863cf53bbc0726fc924aeeb9cac4a,78,1,uav_4,1540.0,77,1.0,global_pending_reauction,14400.0,720,50.0,0,,-1,E4,delivered,0,77,LB-v1-20260822,50.0,77,71.60464440370224,100.0,ER-HLNS-parallel-rescue,6105.193827786443,6105.193827786443,1,e44746b0f27c00f956c05d9c6a53fe12d7c39f23814499df5aab5046666b32ee,0.0,71.60464440370224,LB,109,1,time_critical_lightweight,task_time_critical_lightweight_4,emergency,0,1,0.8306203940527022
a3a65679e5c351d0f5c3615a8c9fc38253d863cf53bbc0726fc924aeeb9cac4a,28,1,uav_1,1780.0,89,1.0,global_pending_reauction,15000.0,750,50.0,0,,-1,E4,delivered,61,89,LB-v1-20260822,50.0,88,67.95732125725858,100.0,ER-HLNS-parallel-rescue,6540.461456185408,6540.461456185408,1,e44746b0f27c00f956c05d9c6a53fe12d7c39f23814499df5aab5046666b32ee,0.0,67.95732125725858,LB,109,1,time_critical_lightweight,task_time_critical_lightweight_5,emergency,0,1,0.7964834075936699
a3a65679e5c351d0f5c3615a8c9fc38253d863cf53bbc0726fc924aeeb9cac4a,30,1,uav_3,940.0,47,1.0,global_pending_reauction,15600.0,780,50.0,0,,-1,E4,delivered,21,47,LB-v1-20260822,50.0,50,83.74929462434544,100.0,ER-HLNS-parallel-rescue,3351.9343996195735,3351.9343996195735,1,e44746b0f27c00f956c05d9c6a53fe12d7c39f23814499df5aab5046666b32ee,0.0,83.74929462434544,LB,109,1,time_critical_lightweight,task_time_critical_lightweight_6,emergency,0,1,0.7422776363571023
a3a65679e5c351d0f5c3615a8c9fc38253d863cf53bbc0726fc924aeeb9cac4a,27,0,None,-1.0,-1,0.0,global_pending_reauction,17160.0,858,50.0,1,lifeline_zero,265,E4,failed,99,-1,LB-v1-20260822,0.0,149,0.0,100.0,ER-HLNS-parallel-rescue,13138.274295739013,13138.274295739013,0,e44746b0f27c00f956c05d9c6a53fe12d7c39f23814499df5aab5046666b32ee,50.0,0.0,LB,109,0,time_critical_lightweight,task_time_critical_lightweight_7,emergency,0,1,0.9318751313700842
a3a65679e5c351d0f5c3615a8c9fc38253d863cf53bbc0726fc924aeeb9cac4a,24,1,uav_4,2480.0,124,1.0,global_pending_reauction,16800.0,840,50.0,0,,-1,E4,delivered,100,124,LB-v1-20260822,50.0,123,53.113963078611285,100.0,ER-HLNS-parallel-rescue,11519.668044062157,11519.668044062157,1,e44746b0f27c00f956c05d9c6a53fe12d7c39f23814499df5aab5046666b32ee,0.0,53.113963078611285,LB,109,1,time_critical_lightweight,task_time_critical_lightweight_8,emergency,0,1,0.923149714829651
a3a65679e5c351d0f5c3615a8c9fc38253d863cf53bbc0726fc924aeeb9cac4a,61,1,uav_2,2500.0,125,1.0,global_pending_reauction,18360.0,918,50.0,0,,-1,E4,delivered,51,125,LB-v1-20260822,50.0,111,52.78541035182716,100.0,ER-HLNS-parallel-rescue,11888.945353220079,11888.945353220079,1,e44746b0f27c00f956c05d9c6a53fe12d7c39f23814499df5aab5046666b32ee,0.0,52.78541035182716,LB,109,1,time_critical_lightweight,task_time_critical_lightweight_9,emergency,0,1,0.9021797238988898
a3a65679e5c351d0f5c3615a8c9fc38253d863cf53bbc0726fc924aeeb9cac4a,9,1,uav_1,1960.0,98,1.0,global_pending_reauction,18000.0,900,50.0,0,,-1,E4,delivered,89,98,LB-v1-20260822,50.0,97,65.97030798708973,100.0,ER-HLNS-parallel-rescue,7732.639919099127,7732.639919099127,1,e44746b0f27c00f956c05d9c6a53fe12d7c39f23814499df5aab5046666b32ee,0.0,65.97030798708973,LB,109,1,time_critical_lightweight,task_time_critical_lightweight_10,emergency,0,1,0.7471077952711116
a3a65679e5c351d0f5c3615a8c9fc38253d863cf53bbc0726fc924aeeb9cac4a,33,1,uav_0,660.0,33,1.0,global_pending_reauction,18600.0,930,50.0,0,,-1,E4,delivered,0,33,LB-v1-20260822,50.0,32,86.74179630668888,100.0,ER-HLNS-parallel-rescue,3412.6611524252316,3412.6611524252316,1,e44746b0f27c00f956c05d9c6a53fe12d7c39f23814499df5aab5046666b32ee,0.0,86.74179630668888,LB,109,1,time_critical_lightweight,task_time_critical_lightweight_11,emergency,0,1,0.9989661728188876
