algorithm_config_hash,assigned_count,completed,completed_by_agent,completed_seconds,completed_step,completion_quality,condition,deadline_seconds,deadline_step,demand_kg,failed,failed_reason,failed_step,family,final_status,first_assigned_step,first_service_step,formal_lb_id,fulfilled_mass_kg,last_assigned_step,lifeline_final,lifeline_init,method,nearest_truck_distance_start,nearest_uav_or_truck_distance_start,on_time,public_environment_hash,remaining_demand_kg,remaining_lifeline_at_service,scenario,seed,service_start_count,task_class,task_id,task_kind,truck_reachable,uav_eventual_serviceable,urgency_score
f42d94b7a35f9f5e14c04ed4146758b88c85995349f206e13dfbc0af426c6024,115,1,truck_3,3260.0,163,1.0,conditional_truck_tc,19200.0,960,800.0,0,,-1,E6,delivered,48,163,LB-v1-20260822,800.0,162,84.92370523540191,100.0,C-ALNS-MP,14039.592726000365,14039.592726000365,1,be9dbbdf14e8c082ba2c568ecd582fb7532c3cb20a73c46a062021419516c67d,0.0,84.92370523540191,LB,101,1,routine_bulk,task_routine_bulk_0,normal,1,0,0.34837428108412444
f42d94b7a35f9f5e14c04ed4146758b88c85995349f206e13dfbc0af426c6024,91,1,truck_2,1820.0,91,1.0,conditional_truck_tc,20400.0,1020,800.0,0,,-1,E6,delivered,0,91,LB-v1-20260822,800.0,90,91.18479475514165,100.0,C-ALNS-MP,7511.760618564474,7511.760618564474,1,be9dbbdf14e8c082ba2c568ecd582fb7532c3cb20a73c46a062021419516c67d,0.0,91.18479475514165,LB,101,1,routine_bulk,task_routine_bulk_1,normal,1,0,0.30016368013188016
f42d94b7a35f9f5e14c04ed4146758b88c85995349f206e13dfbc0af426c6024,107,1,truck_3,4140.0,207,1.0,conditional_truck_tc,21600.0,1080,800.0,0,,-1,E6,delivered,96,207,LB-v1-20260822,800.0,202,76.46107283312364,100.0,C-ALNS-MP,15315.096891728663,15315.096891728663,1,be9dbbdf14e8c082ba2c568ecd582fb7532c3cb20a73c46a062021419516c67d,0.0,76.46107283312364,LB,101,1,routine_bulk,task_routine_bulk_2,normal,1,0,0.527261765850137
f42d94b7a35f9f5e14c04ed4146758b88c85995349f206e13dfbc0af426c6024,187,1,truck_0,5660.0,283,1.0,conditional_truck_tc,22800.0,1140,800.0,0,,-1,E6,delivered,96,283,LB-v1-20260822,800.0,282,70.89296154154023,100.0,C-ALNS-MP,14102.848363601865,14102.848363601865,1,be9dbbdf14e8c082ba2c568ecd582fb7532c3cb20a73c46a062021419516c67d,0.0,70.89296154154023,LB,101,1,routine_bulk,task_routine_bulk_3,normal,1,0,0.3882350364392335
f42d94b7a35f9f5e14c04ed4146758b88c85995349f206e13dfbc0af426c6024,90,1,truck_1,1800.0,90,1.0,conditional_truck_tc,24000.0,1200,800.0,0,,-1,E6,delivered,0,90,LB-v1-20260822,800.0,89,90.37302611168272,100.0,C-ALNS-MP,7302.1073017293165,7302.1073017293165,1,be9dbbdf14e8c082ba2c568ecd582fb7532c3cb20a73c46a062021419516c67d,0.0,90.37302611168272,LB,101,1,routine_bulk,task_routine_bulk_4,normal,1,0,0.5361043015918403
f42d94b7a35f9f5e14c04ed4146758b88c85995349f206e13dfbc0af426c6024,47,1,truck_0,940.0,47,1.0,conditional_truck_tc,25200.0,1260,800.0,0,,-1,E6,delivered,0,47,LB-v1-20260822,800.0,46,95.45703455130577,100.0,C-ALNS-MP,3909.3896971690133,3909.3896971690133,1,be9dbbdf14e8c082ba2c568ecd582fb7532c3cb20a73c46a062021419516c67d,0.0,95.45703455130577,LB,101,1,routine_bulk,task_routine_bulk_5,normal,1,0,0.42701883575488137
f42d94b7a35f9f5e14c04ed4146758b88c85995349f206e13dfbc0af426c6024,108,1,truck_3,2200.0,110,1.0,conditional_truck_tc,26400.0,1320,800.0,0,,-1,E6,delivered,0,110,LB-v1-20260822,800.0,107,87.69504676064473,100.0,C-ALNS-MP,9533.630318869733,9533.630318869733,1,be9dbbdf14e8c082ba2c568ecd582fb7532c3cb20a73c46a062021419516c67d,0.0,87.69504676064473,LB,101,1,routine_bulk,task_routine_bulk_6,normal,1,0,0.5142470258374676
f42d94b7a35f9f5e14c04ed4146758b88c85995349f206e13dfbc0af426c6024,202,0,None,-1.0,-1,0.0,conditional_truck_tc,27600.0,1380,800.0,1,lifeline_zero,1121,E6,failed,108,-1,LB-v1-20260822,0.0,321,0.0,100.0,C-ALNS-MP,10348.908405801398,10348.908405801398,0,be9dbbdf14e8c082ba2c568ecd582fb7532c3cb20a73c46a062021419516c67d,800.0,0.0,LB,101,0,routine_bulk,task_routine_bulk_7,normal,1,0,0.3879694663765369
f42d94b7a35f9f5e14c04ed4146758b88c85995349f206e13dfbc0af426c6024,0,0,None,-1.0,-1,0.0,conditional_truck_tc,12000.0,600,50.0,1,lifeline_zero,224,E6,failed,-1,-1,LB-v1-20260822,0.0,-1,0.0,100.0,C-ALNS-MP,14151.4620521434,14151.4620521434,0,be9dbbdf14e8c082ba2c568ecd582fb7532c3cb20a73c46a062021419516c67d,50.0,0.0,LB,101,0,time_critical_lightweight,task_time_critical_lightweight_0,emergency,0,1,0.9705680205086198
f42d94b7a35f9f5e14c04ed4146758b88c85995349f206e13dfbc0af426c6024,0,0,None,-1.0,-1,0.0,conditional_truck_tc,13560.0,678,50.0,1,lifeline_zero,280,E6,failed,-1,-1,LB-v1-20260822,0.0,-1,0.0,100.0,C-ALNS-MP,9099.797527415509,9099.797527415509,0,be9dbbdf14e8c082ba2c568ecd582fb7532c3cb20a73c46a062021419516c67d,50.0,0.0,LB,101,0,time_critical_lightweight,task_time_critical_lightweight_1,emergency,0,1,0.8194413770540239
f42d94b7a35f9f5e14c04ed4146758b88c85995349f206e13dfbc0af426c6024,166,0,None,-1.0,-1,0.0,conditional_truck_tc,13200.0,660,50.0,1,lifeline_zero,290,E6,failed,0,-1,LB-v1-20260822,0.0,261,0.0,100.0,C-ALNS-MP,8636.287551441419,8636.287551441419,0,be9dbbdf14e8c082ba2c568ecd582fb7532c3cb20a73c46a062021419516c67d,50.0,0.0,LB,101,0,time_critical_lightweight,task_time_critical_lightweight_2,emergency,0,1,0.7276929418213184
f42d94b7a35f9f5e14c04ed4146758b88c85995349f206e13dfbc0af426c6024,229,0,None,-1.0,-1,0.0,conditional_truck_tc,14760.0,738,50.0,1,lifeline_zero,288,E6,failed,0,-1,LB-v1-20260822,0.0,287,0.0,100.0,C-ALNS-MP,10171.88886835233,10171.88886835233,0,be9dbbdf14e8c082ba2c568ecd582fb7532c3cb20a73c46a062021419516c67d,50.0,0.0,LB,101,0,time_critical_lightweight,task_time_critical_lightweight_3,emergency,0,1,0.7687067091449796
f42d94b7a35f9f5e14c04ed4146758b88c85995349f206e13dfbc0af426c6024,98,1,uav_3,1960.0,98,1.0,conditional_truck_tc,14400.0,720,50.0,0,,-1,E6,delivered,0,98,LB-v1-20260822,50.0,97,63.9046699564767,100.0,C-ALNS-MP,8972.910969096309,8972.910969096309,1,be9dbbdf14e8c082ba2c568ecd582fb7532c3cb20a73c46a062021419516c67d,0.0,63.9046699564767,LB,101,1,time_critical_lightweight,task_time_critical_lightweight_4,emergency,0,1,0.7273830460494194
f42d94b7a35f9f5e14c04ed4146758b88c85995349f206e13dfbc0af426c6024,215,0,None,-1.0,-1,0.0,conditional_truck_tc,15960.0,798,50.0,1,lifeline_zero,236,E6,failed,0,-1,LB-v1-20260822,0.0,214,0.0,100.0,C-ALNS-MP,14148.754445771634,14148.754445771634,0,be9dbbdf14e8c082ba2c568ecd582fb7532c3cb20a73c46a062021419516c67d,50.0,0.0,LB,101,0,time_critical_lightweight,task_time_critical_lightweight_5,emergency,0,1,0.909737917292143
f42d94b7a35f9f5e14c04ed4146758b88c85995349f206e13dfbc0af426c6024,253,0,None,-1.0,-1,0.0,conditional_truck_tc,15600.0,780,50.0,1,lifeline_zero,253,E6,failed,0,-1,LB-v1-20260822,0.0,252,0.0,100.0,C-ALNS-MP,2913.7706040409153,2913.7706040409153,0,be9dbbdf14e8c082ba2c568ecd582fb7532c3cb20a73c46a062021419516c67d,50.0,0.0,LB,101,0,time_critical_lightweight,task_time_critical_lightweight_6,emergency,0,1,0.8705161474912566
f42d94b7a35f9f5e14c04ed4146758b88c85995349f206e13dfbc0af426c6024,192,0,None,-1.0,-1,0.0,conditional_truck_tc,16200.0,810,50.0,1,lifeline_zero,239,E6,failed,0,-1,LB-v1-20260822,0.0,191,0.0,100.0,C-ALNS-MP,8419.216536800033,8419.216536800033,0,be9dbbdf14e8c082ba2c568ecd582fb7532c3cb20a73c46a062021419516c67d,50.0,0.0,LB,101,0,time_critical_lightweight,task_time_critical_lightweight_7,emergency,0,1,0.989879628037199
f42d94b7a35f9f5e14c04ed4146758b88c85995349f206e13dfbc0af426c6024,84,0,None,-1.0,-1,0.0,conditional_truck_tc,16800.0,840,50.0,1,lifeline_zero,257,E6,failed,72,-1,LB-v1-20260822,0.0,155,0.0,100.0,C-ALNS-MP,9649.370387536506,9649.370387536506,0,be9dbbdf14e8c082ba2c568ecd582fb7532c3cb20a73c46a062021419516c67d,50.0,0.0,LB,101,0,time_critical_lightweight,task_time_critical_lightweight_8,emergency,0,1,0.9323581933558626
f42d94b7a35f9f5e14c04ed4146758b88c85995349f206e13dfbc0af426c6024,136,0,None,-1.0,-1,0.0,conditional_truck_tc,17400.0,870,50.0,1,lifeline_zero,244,E6,failed,108,-1,LB-v1-20260822,0.0,243,0.0,100.0,C-ALNS-MP,2591.7846470285945,2591.7846470285945,0,be9dbbdf14e8c082ba2c568ecd582fb7532c3cb20a73c46a062021419516c67d,50.0,0.0,LB,101,0,time_critical_lightweight,task_time_critical_lightweight_9,emergency,0,1,0.8933819856045042
f42d94b7a35f9f5e14c04ed4146758b88c85995349f206e13dfbc0af426c6024,0,1,uav_1,1240.0,62,1.0,conditional_truck_tc,18000.0,900,50.0,0,,-1,E6,delivered,-1,62,LB-v1-20260822,50.0,-1,78.84215360206271,100.0,C-ALNS-MP,5472.170625762758,5472.170625762758,1,be9dbbdf14e8c082ba2c568ecd582fb7532c3cb20a73c46a062021419516c67d,0.0,78.84215360206271,LB,101,1,time_critical_lightweight,task_time_critical_lightweight_10,emergency,0,1,0.7142148384795817
f42d94b7a35f9f5e14c04ed4146758b88c85995349f206e13dfbc0af426c6024,24,0,None,-1.0,-1,0.0,conditional_truck_tc,18600.0,930,50.0,1,lifeline_zero,262,E6,failed,203,-1,LB-v1-20260822,0.0,226,0.0,100.0,C-ALNS-MP,1506.2906048252266,1506.2906048252266,0,be9dbbdf14e8c082ba2c568ecd582fb7532c3cb20a73c46a062021419516c67d,50.0,0.0,LB,101,0,time_critical_lightweight,task_time_critical_lightweight_11,emergency,0,1,0.7467335094406772
f42d94b7a35f9f5e14c04ed4146758b88c85995349f206e13dfbc0af426c6024,67,1,truck_3,1340.0,67,1.0,conditional_truck_tc,19200.0,960,800.0,0,,-1,E6,delivered,0,67,LB-v1-20260822,800.0,66,92.50381684741134,100.0,C-ALNS-MP,4712.939965300228,4712.939965300228,1,493883870712d200d20d0aad873515d9a01e7228309c7343e3f64e459f6a0b8f,0.0,92.50381684741134,LB,100,1,routine_bulk,task_routine_bulk_0,normal,1,0,0.5914487685478238
f42d94b7a35f9f5e14c04ed4146758b88c85995349f206e13dfbc0af426c6024,43,1,truck_0,860.0,43,1.0,conditional_truck_tc,20400.0,1020,800.0,0,,-1,E6,delivered,0,43,LB-v1-20260822,800.0,42,96.13998850373648,100.0,C-ALNS-MP,2651.3638511663926,2651.3638511663926,1,493883870712d200d20d0aad873515d9a01e7228309c7343e3f64e459f6a0b8f,0.0,96.13998850373648,LB,100,1,routine_bulk,task_routine_bulk_1,normal,1,0,0.328770105116882
f42d94b7a35f9f5e14c04ed4146758b88c85995349f206e13dfbc0af426c6024,71,0,None,-1.0,-1,0.0,conditional_truck_tc,21600.0,1080,800.0,1,lifeline_zero,935,E6,failed,59,-1,LB-v1-20260822,0.0,129,0.0,100.0,C-ALNS-MP,9455.797786582447,9455.797786582447,0,493883870712d200d20d0aad873515d9a01e7228309c7343e3f64e459f6a0b8f,800.0,0.0,LB,100,0,routine_bulk,task_routine_bulk_2,normal,1,0,0.5197299581475797
f42d94b7a35f9f5e14c04ed4146758b88c85995349f206e13dfbc0af426c6024,71,1,truck_1,2440.0,122,1.0,conditional_truck_tc,22800.0,1140,800.0,0,,-1,E6,delivered,47,122,LB-v1-20260822,800.0,117,86.94766068761503,100.0,C-ALNS-MP,7467.100925813267,7467.100925813267,1,493883870712d200d20d0aad873515d9a01e7228309c7343e3f64e459f6a0b8f,0.0,86.94766068761503,LB,100,1,routine_bulk,task_routine_bulk_3,normal,1,0,0.363407140663305
f42d94b7a35f9f5e14c04ed4146758b88c85995349f206e13dfbc0af426c6024,53,1,truck_1,1060.0,53,1.0,conditional_truck_tc,24000.0,1200,800.0,0,,-1,E6,delivered,0,53,LB-v1-20260822,800.0,52,95.32927811874183,100.0,C-ALNS-MP,4256.447388010565,4256.447388010565,1,493883870712d200d20d0aad873515d9a01e7228309c7343e3f64e459f6a0b8f,0.0,95.32927811874183,LB,100,1,routine_bulk,task_routine_bulk_4,normal,1,0,0.2526593582373026
f42d94b7a35f9f5e14c04ed4146758b88c85995349f206e13dfbc0af426c6024,6,1,truck_3,1540.0,77,1.0,conditional_truck_tc,25200.0,1260,800.0,0,,-1,E6,delivered,71,77,LB-v1-20260822,800.0,76,93.94857451029266,100.0,C-ALNS-MP,4838.850094689374,4838.850094689374,1,493883870712d200d20d0aad873515d9a01e7228309c7343e3f64e459f6a0b8f,0.0,93.94857451029266,LB,100,1,routine_bulk,task_routine_bulk_5,normal,1,0,0.23296054817545986
f42d94b7a35f9f5e14c04ed4146758b88c85995349f206e13dfbc0af426c6024,47,0,None,-1.0,-1,0.0,conditional_truck_tc,26400.0,1320,800.0,1,lifeline_zero,1009,E6,failed,83,-1,LB-v1-20260822,0.0,129,0.0,100.0,C-ALNS-MP,11793.267377757751,11793.267377757751,0,493883870712d200d20d0aad873515d9a01e7228309c7343e3f64e459f6a0b8f,800.0,0.0,LB,100,0,routine_bulk,task_routine_bulk_6,normal,1,0,0.46244681084905065
f42d94b7a35f9f5e14c04ed4146758b88c85995349f206e13dfbc0af426c6024,106,1,truck_0,2200.0,110,1.0,conditional_truck_tc,27600.0,1380,800.0,0,,-1,E6,delivered,0,110,LB-v1-20260822,800.0,105,87.79577100352604,100.0,C-ALNS-MP,4587.683945260957,4587.683945260957,1,493883870712d200d20d0aad873515d9a01e7228309c7343e3f64e459f6a0b8f,0.0,87.79577100352604,LB,100,1,routine_bulk,task_routine_bulk_7,normal,1,0,0.5338128687931456
f42d94b7a35f9f5e14c04ed4146758b88c85995349f206e13dfbc0af426c6024,84,1,truck_3,4280.0,214,1.0,conditional_truck_tc,12000.0,600,50.0,0,,-1,E6,delivered,130,214,LB-v1-20260822,50.0,213,21.775581728216032,100.0,C-ALNS-MP,4043.5148887186647,4043.5148887186647,1,493883870712d200d20d0aad873515d9a01e7228309c7343e3f64e459f6a0b8f,0.0,21.775581728216032,LB,100,1,time_critical_lightweight,task_time_critical_lightweight_0,emergency,0,1,0.8572362469902544
f42d94b7a35f9f5e14c04ed4146758b88c85995349f206e13dfbc0af426c6024,0,1,truck_2,940.0,47,1.0,conditional_truck_tc,12600.0,630,50.0,0,,-1,E6,delivered,-1,47,LB-v1-20260822,50.0,-1,81.72778089177515,100.0,C-ALNS-MP,3938.2462884286088,3938.2462884286088,1,493883870712d200d20d0aad873515d9a01e7228309c7343e3f64e459f6a0b8f,0.0,81.72778089177515,LB,100,1,time_critical_lightweight,task_time_critical_lightweight_1,emergency,0,1,0.7681740887900437
f42d94b7a35f9f5e14c04ed4146758b88c85995349f206e13dfbc0af426c6024,120,1,uav_3,3740.0,187,1.0,conditional_truck_tc,13200.0,660,50.0,0,,-1,E6,delivered,0,187,LB-v1-20260822,50.0,186,34.38703177018223,100.0,C-ALNS-MP,1841.754606923464,1841.754606923464,1,493883870712d200d20d0aad873515d9a01e7228309c7343e3f64e459f6a0b8f,0.0,34.38703177018223,LB,100,1,time_critical_lightweight,task_time_critical_lightweight_2,emergency,0,1,0.8022891552475101
f42d94b7a35f9f5e14c04ed4146758b88c85995349f206e13dfbc0af426c6024,119,0,None,-1.0,-1,0.0,conditional_truck_tc,14760.0,738,50.0,1,lifeline_zero,234,E6,failed,0,-1,LB-v1-20260822,0.0,141,0.0,100.0,C-ALNS-MP,5652.839795309424,5652.839795309424,0,493883870712d200d20d0aad873515d9a01e7228309c7343e3f64e459f6a0b8f,50.0,0.0,LB,100,0,time_critical_lightweight,task_time_critical_lightweight_3,emergency,0,1,0.960215083465178
f42d94b7a35f9f5e14c04ed4146758b88c85995349f206e13dfbc0af426c6024,263,0,None,-1.0,-1,0.0,conditional_truck_tc,14400.0,720,50.0,1,lifeline_zero,287,E6,failed,0,-1,LB-v1-20260822,0.0,286,0.0,100.0,C-ALNS-MP,5313.398671961474,5313.398671961474,0,493883870712d200d20d0aad873515d9a01e7228309c7343e3f64e459f6a0b8f,50.0,0.0,LB,100,0,time_critical_lightweight,task_time_critical_lightweight_4,emergency,0,1,0.8154167223421255
f42d94b7a35f9f5e14c04ed4146758b88c85995349f206e13dfbc0af426c6024,130,0,None,-1.0,-1,0.0,conditional_truck_tc,15960.0,798,50.0,1,lifeline_zero,237,E6,failed,0,-1,LB-v1-20260822,0.0,129,0.0,100.0,C-ALNS-MP,12029.47975909369,12029.47975909369,0,493883870712d200d20d0aad873515d9a01e7228309c7343e3f64e459f6a0b8f,50.0,0.0,LB,100,0,time_critical_lightweight,task_time_critical_lightweight_5,emergency,0,1,0.9867416871112791
f42d94b7a35f9f5e14c04ed4146758b88c85995349f206e13dfbc0af426c6024,220,1,uav_3,4400.0,220,1.0,conditional_truck_tc,15600.0,780,50.0,0,,-1,E6,delivered,0,220,LB-v1-20260822,50.0,219,19.172088843110753,100.0,C-ALNS-MP,2945.1941967981666,2945.1941967981666,1,493883870712d200d20d0aad873515d9a01e7228309c7343e3f64e459f6a0b8f,0.0,19.172088843110753,LB,100,1,time_critical_lightweight,task_time_critical_lightweight_6,emergency,0,1,0.8746488677361269
f42d94b7a35f9f5e14c04ed4146758b88c85995349f206e13dfbc0af426c6024,130,0,None,-1.0,-1,0.0,conditional_truck_tc,17160.0,858,50.0,1,lifeline_zero,265,E6,failed,0,-1,LB-v1-20260822,0.0,129,0.0,100.0,C-ALNS-MP,8166.972222335975,8166.972222335975,0,493883870712d200d20d0aad873515d9a01e7228309c7343e3f64e459f6a0b8f,50.0,0.0,LB,100,0,time_critical_lightweight,task_time_critical_lightweight_7,emergency,0,1,0.7446621799769354
f42d94b7a35f9f5e14c04ed4146758b88c85995349f206e13dfbc0af426c6024,0,1,truck_0,1020.0,51,1.0,conditional_truck_tc,16800.0,840,50.0,0,,-1,E6,delivered,-1,51,LB-v1-20260822,50.0,-1,80.2777800288848,100.0,C-ALNS-MP,2311.2789292757247,2311.2789292757247,1,493883870712d200d20d0aad873515d9a01e7228309c7343e3f64e459f6a0b8f,0.0,80.2777800288848,LB,100,1,time_critical_lightweight,task_time_critical_lightweight_8,emergency,0,1,0.8689502560984448
f42d94b7a35f9f5e14c04ed4146758b88c85995349f206e13dfbc0af426c6024,230,0,None,-1.0,-1,0.0,conditional_truck_tc,17400.0,870,50.0,1,lifeline_zero,301,E6,failed,47,-1,LB-v1-20260822,0.0,300,0.0,100.0,C-ALNS-MP,6760.559725492877,6760.559725492877,0,493883870712d200d20d0aad873515d9a01e7228309c7343e3f64e459f6a0b8f,50.0,0.0,LB,100,0,time_critical_lightweight,task_time_critical_lightweight_9,emergency,0,1,0.7554846985257647
f42d94b7a35f9f5e14c04ed4146758b88c85995349f206e13dfbc0af426c6024,70,1,truck_3,4000.0,200,1.0,conditional_truck_tc,18000.0,900,50.0,0,,-1,E6,delivered,130,200,LB-v1-20260822,50.0,199,32.99112064774038,100.0,C-ALNS-MP,3952.8289116955493,3952.8289116955493,1,493883870712d200d20d0aad873515d9a01e7228309c7343e3f64e459f6a0b8f,0.0,32.99112064774038,LB,100,1,time_critical_lightweight,task_time_critical_lightweight_10,emergency,0,1,0.7210061967003056
f42d94b7a35f9f5e14c04ed4146758b88c85995349f206e13dfbc0af426c6024,0,1,uav_2,1560.0,78,1.0,conditional_truck_tc,18600.0,930,50.0,0,,-1,E6,delivered,-1,78,LB-v1-20260822,50.0,-1,67.89911617655498,100.0,C-ALNS-MP,6188.028410283936,6188.028410283936,1,493883870712d200d20d0aad873515d9a01e7228309c7343e3f64e459f6a0b8f,0.0,67.89911617655498,LB,100,1,time_critical_lightweight,task_time_critical_lightweight_11,emergency,0,1,0.732056640977218
f42d94b7a35f9f5e14c04ed4146758b88c85995349f206e13dfbc0af426c6024,120,0,None,-1.0,-1,0.0,conditional_truck_tc,19200.0,960,800.0,1,deadline_exceeded,961,E6,failed,0,-1,LB-v1-20260822,0.0,214,11.11850352989833,100.0,C-ALNS-MP,6119.550842362341,6119.550842362341,0,56b1028b63aff45a0f590d85c0431f0aeafbaa7d5ed10ada2c4eb45fcb335027,800.0,0.0,LB,102,0,routine_bulk,task_routine_bulk_0,normal,1,0,0.4291837918236352
f42d94b7a35f9f5e14c04ed4146758b88c85995349f206e13dfbc0af426c6024,83,1,truck_0,3180.0,159,1.0,conditional_truck_tc,20400.0,1020,800.0,0,,-1,E6,delivered,72,159,LB-v1-20260822,800.0,154,86.51262414799106,100.0,C-ALNS-MP,7442.506245460831,7442.506245460831,1,56b1028b63aff45a0f590d85c0431f0aeafbaa7d5ed10ada2c4eb45fcb335027,0.0,86.51262414799106,LB,102,1,routine_bulk,task_routine_bulk_1,normal,1,0,0.24547112032784654
f42d94b7a35f9f5e14c04ed4146758b88c85995349f206e13dfbc0af426c6024,215,0,None,-1.0,-1,0.0,conditional_truck_tc,21600.0,1080,800.0,1,deadline_exceeded,1081,E6,failed,0,-1,LB-v1-20260822,0.0,214,2.8465075966141518,100.0,C-ALNS-MP,5688.3871828179535,5688.3871828179535,0,56b1028b63aff45a0f590d85c0431f0aeafbaa7d5ed10ada2c4eb45fcb335027,800.0,0.0,LB,102,0,routine_bulk,task_routine_bulk_2,normal,1,0,0.3976042905163367
f42d94b7a35f9f5e14c04ed4146758b88c85995349f206e13dfbc0af426c6024,108,0,None,-1.0,-1,0.0,conditional_truck_tc,22800.0,1140,800.0,1,lifeline_zero,936,E6,failed,0,-1,LB-v1-20260822,0.0,202,0.0,100.0,C-ALNS-MP,5530.50432997441,5530.50432997441,0,56b1028b63aff45a0f590d85c0431f0aeafbaa7d5ed10ada2c4eb45fcb335027,800.0,0.0,LB,102,0,routine_bulk,task_routine_bulk_3,normal,1,0,0.5908338171405074
f42d94b7a35f9f5e14c04ed4146758b88c85995349f206e13dfbc0af426c6024,131,0,None,-1.0,-1,0.0,conditional_truck_tc,24000.0,1200,800.0,1,lifeline_zero,1198,E6,failed,84,-1,LB-v1-20260822,0.0,214,0.0,100.0,C-ALNS-MP,14165.534902512349,14165.534902512349,0,56b1028b63aff45a0f590d85c0431f0aeafbaa7d5ed10ada2c4eb45fcb335027,800.0,0.0,LB,102,0,routine_bulk,task_routine_bulk_4,normal,1,0,0.31826058549111486
f42d94b7a35f9f5e14c04ed4146758b88c85995349f206e13dfbc0af426c6024,95,1,truck_0,3580.0,179,1.0,conditional_truck_tc,25200.0,1260,800.0,0,,-1,E6,delivered,84,179,LB-v1-20260822,800.0,178,83.88453402840197,100.0,C-ALNS-MP,8329.032619537471,8329.032619537471,1,56b1028b63aff45a0f590d85c0431f0aeafbaa7d5ed10ada2c4eb45fcb335027,0.0,83.88453402840197,LB,102,1,routine_bulk,task_routine_bulk_5,normal,1,0,0.316760490021223
f42d94b7a35f9f5e14c04ed4146758b88c85995349f206e13dfbc0af426c6024,44,1,truck_0,880.0,44,1.0,conditional_truck_tc,26400.0,1320,800.0,0,,-1,E6,delivered,0,44,LB-v1-20260822,800.0,43,95.46808063072315,100.0,C-ALNS-MP,2207.167531132571,2207.167531132571,1,56b1028b63aff45a0f590d85c0431f0aeafbaa7d5ed10ada2c4eb45fcb335027,0.0,95.46808063072315,LB,102,1,routine_bulk,task_routine_bulk_6,normal,1,0,0.3055363954601743
f42d94b7a35f9f5e14c04ed4146758b88c85995349f206e13dfbc0af426c6024,24,0,None,-1.0,-1,0.0,conditional_truck_tc,27600.0,1380,800.0,1,lifeline_zero,1066,E6,failed,48,-1,LB-v1-20260822,0.0,71,0.0,100.0,C-ALNS-MP,8538.945436848508,8538.945436848508,0,56b1028b63aff45a0f590d85c0431f0aeafbaa7d5ed10ada2c4eb45fcb335027,800.0,0.0,LB,102,0,routine_bulk,task_routine_bulk_7,normal,1,0,0.44156154877026366
f42d94b7a35f9f5e14c04ed4146758b88c85995349f206e13dfbc0af426c6024,13,1,uav_3,3360.0,168,1.0,conditional_truck_tc,12000.0,600,50.0,0,,-1,E6,delivered,155,168,LB-v1-20260822,50.0,167,40.881205475261034,100.0,C-ALNS-MP,2988.5323177974346,2988.5323177974346,1,56b1028b63aff45a0f590d85c0431f0aeafbaa7d5ed10ada2c4eb45fcb335027,0.0,40.881205475261034,LB,102,1,time_critical_lightweight,task_time_critical_lightweight_0,emergency,0,1,0.7521593742751356
f42d94b7a35f9f5e14c04ed4146758b88c85995349f206e13dfbc0af426c6024,36,0,None,-1.0,-1,0.0,conditional_truck_tc,13560.0,678,50.0,1,lifeline_zero,306,E6,failed,179,-1,LB-v1-20260822,0.0,214,0.0,100.0,C-ALNS-MP,11294.290080097262,11294.290080097262,0,56b1028b63aff45a0f590d85c0431f0aeafbaa7d5ed10ada2c4eb45fcb335027,50.0,0.0,LB,102,0,time_critical_lightweight,task_time_critical_lightweight_1,emergency,0,1,0.7491376000307091
f42d94b7a35f9f5e14c04ed4146758b88c85995349f206e13dfbc0af426c6024,176,1,uav_0,3520.0,176,1.0,conditional_truck_tc,13200.0,660,50.0,0,,-1,E6,delivered,0,176,LB-v1-20260822,50.0,175,35.955423730344364,100.0,C-ALNS-MP,2792.418565959796,2792.418565959796,1,56b1028b63aff45a0f590d85c0431f0aeafbaa7d5ed10ada2c4eb45fcb335027,0.0,35.955423730344364,LB,102,1,time_critical_lightweight,task_time_critical_lightweight_2,emergency,0,1,0.8083948419266088
f42d94b7a35f9f5e14c04ed4146758b88c85995349f206e13dfbc0af426c6024,65,1,uav_2,1300.0,65,1.0,conditional_truck_tc,13800.0,690,50.0,0,,-1,E6,delivered,0,65,LB-v1-20260822,50.0,64,72.83002728532924,100.0,C-ALNS-MP,3010.973647764428,3010.973647764428,1,56b1028b63aff45a0f590d85c0431f0aeafbaa7d5ed10ada2c4eb45fcb335027,0.0,72.83002728532924,LB,102,1,time_critical_lightweight,task_time_critical_lightweight_3,emergency,0,1,0.9739813351739603
f42d94b7a35f9f5e14c04ed4146758b88c85995349f206e13dfbc0af426c6024,169,1,uav_1,3380.0,169,1.0,conditional_truck_tc,14400.0,720,50.0,0,,-1,E6,delivered,0,169,LB-v1-20260822,50.0,168,33.8010039509974,100.0,C-ALNS-MP,7595.6360268286,7595.6360268286,1,56b1028b63aff45a0f590d85c0431f0aeafbaa7d5ed10ada2c4eb45fcb335027,0.0,33.8010039509974,LB,102,1,time_critical_lightweight,task_time_critical_lightweight_4,emergency,0,1,0.8902529497747588
f42d94b7a35f9f5e14c04ed4146758b88c85995349f206e13dfbc0af426c6024,90,1,truck_2,1800.0,90,1.0,conditional_truck_tc,15000.0,750,50.0,0,,-1,E6,delivered,0,90,LB-v1-20260822,50.0,89,67.19429075438966,100.0,C-ALNS-MP,4623.366276010681,4623.366276010681,1,56b1028b63aff45a0f590d85c0431f0aeafbaa7d5ed10ada2c4eb45fcb335027,0.0,67.19429075438966,LB,102,1,time_critical_lightweight,task_time_critical_lightweight_5,emergency,0,1,0.7848123351493127
f42d94b7a35f9f5e14c04ed4146758b88c85995349f206e13dfbc0af426c6024,96,0,None,-1.0,-1,0.0,conditional_truck_tc,16560.0,828,50.0,1,lifeline_zero,258,E6,failed,0,-1,LB-v1-20260822,0.0,95,0.0,100.0,C-ALNS-MP,16324.170659246023,16324.170659246023,0,56b1028b63aff45a0f590d85c0431f0aeafbaa7d5ed10ada2c4eb45fcb335027,50.0,0.0,LB,102,0,time_critical_lightweight,task_time_critical_lightweight_6,emergency,0,1,0.9948248799678303
f42d94b7a35f9f5e14c04ed4146758b88c85995349f206e13dfbc0af426c6024,132,0,None,-1.0,-1,0.0,conditional_truck_tc,17160.0,858,50.0,1,lifeline_zero,288,E6,failed,0,-1,LB-v1-20260822,0.0,214,0.0,100.0,C-ALNS-MP,15873.692094774171,15873.692094774171,0,56b1028b63aff45a0f590d85c0431f0aeafbaa7d5ed10ada2c4eb45fcb335027,50.0,0.0,LB,102,0,time_critical_lightweight,task_time_critical_lightweight_7,emergency,0,1,0.8273965865006737
f42d94b7a35f9f5e14c04ed4146758b88c85995349f206e13dfbc0af426c6024,36,1,truck_3,2200.0,110,1.0,conditional_truck_tc,16800.0,840,50.0,0,,-1,E6,delivered,72,110,LB-v1-20260822,50.0,107,59.207492784988894,100.0,C-ALNS-MP,4562.626701547581,4562.626701547581,1,56b1028b63aff45a0f590d85c0431f0aeafbaa7d5ed10ada2c4eb45fcb335027,0.0,59.207492784988894,LB,102,1,time_critical_lightweight,task_time_critical_lightweight_8,emergency,0,1,0.800241625655852
f42d94b7a35f9f5e14c04ed4146758b88c85995349f206e13dfbc0af426c6024,119,0,None,-1.0,-1,0.0,conditional_truck_tc,17400.0,870,50.0,1,lifeline_zero,290,E6,failed,84,-1,LB-v1-20260822,0.0,214,0.0,100.0,C-ALNS-MP,9178.535368617246,9178.535368617246,0,56b1028b63aff45a0f590d85c0431f0aeafbaa7d5ed10ada2c4eb45fcb335027,50.0,0.0,LB,102,0,time_critical_lightweight,task_time_critical_lightweight_9,emergency,0,1,0.8133445160620112
f42d94b7a35f9f5e14c04ed4146758b88c85995349f206e13dfbc0af426c6024,0,0,None,-1.0,-1,0.0,conditional_truck_tc,18000.0,900,50.0,1,lifeline_zero,304,E6,failed,-1,-1,LB-v1-20260822,0.0,-1,0.0,100.0,C-ALNS-MP,5471.014458554654,5471.014458554654,0,56b1028b63aff45a0f590d85c0431f0aeafbaa7d5ed10ada2c4eb45fcb335027,50.0,0.0,LB,102,0,time_critical_lightweight,task_time_critical_lightweight_10,emergency,0,1,0.7234608659077144
f42d94b7a35f9f5e14c04ed4146758b88c85995349f206e13dfbc0af426c6024,0,0,None,-1.0,-1,0.0,conditional_truck_tc,18600.0,930,50.0,1,lifeline_zero,272,E6,failed,-1,-1,LB-v1-20260822,0.0,-1,0.0,100.0,C-ALNS-MP,10498.587816679308,10498.587816679308,0,56b1028b63aff45a0f590d85c0431f0aeafbaa7d5ed10ada2c4eb45fcb335027,50.0,0.0,LB,102,0,time_critical_lightweight,task_time_critical_lightweight_11,emergency,0,1,0.8885468420710438
f42d94b7a35f9f5e14c04ed4146758b88c85995349f206e13dfbc0af426c6024,203,1,truck_2,5020.0,251,1.0,conditional_truck_tc,19200.0,960,800.0,0,,-1,E6,delivered,48,251,LB-v1-20260822,800.0,250,77.27043246987522,100.0,C-ALNS-MP,10728.26032891467,10728.26032891467,1,55fb4274b7389da741417cffd9c2b3195430432b747fcb4efb05f4e6c6f96b81,0.0,77.27043246987522,LB,103,1,routine_bulk,task_routine_bulk_0,normal,1,0,0.34842619173408906
f42d94b7a35f9f5e14c04ed4146758b88c85995349f206e13dfbc0af426c6024,44,1,truck_2,880.0,44,1.0,conditional_truck_tc,20400.0,1020,800.0,0,,-1,E6,delivered,0,44,LB-v1-20260822,800.0,43,95.9601248825027,100.0,C-ALNS-MP,2909.773055537859,2909.773055537859,1,55fb4274b7389da741417cffd9c2b3195430432b747fcb4efb05f4e6c6f96b81,0.0,95.9601248825027,LB,103,1,routine_bulk,task_routine_bulk_1,normal,1,0,0.36263112143461484
f42d94b7a35f9f5e14c04ed4146758b88c85995349f206e13dfbc0af426c6024,95,1,truck_1,2620.0,131,1.0,conditional_truck_tc,21600.0,1080,800.0,0,,-1,E6,delivered,36,131,LB-v1-20260822,800.0,130,89.89562038777338,100.0,C-ALNS-MP,5891.031930588738,5891.031930588738,1,55fb4274b7389da741417cffd9c2b3195430432b747fcb4efb05f4e6c6f96b81,0.0,89.89562038777338,LB,103,1,routine_bulk,task_routine_bulk_2,normal,1,0,0.22860762501670875
f42d94b7a35f9f5e14c04ed4146758b88c85995349f206e13dfbc0af426c6024,103,1,truck_0,2060.0,103,1.0,conditional_truck_tc,22800.0,1140,800.0,0,,-1,E6,delivered,0,103,LB-v1-20260822,800.0,102,91.83194032629423,100.0,C-ALNS-MP,3679.4188095004256,3679.4188095004256,1,55fb4274b7389da741417cffd9c2b3195430432b747fcb4efb05f4e6c6f96b81,0.0,91.83194032629423,LB,103,1,routine_bulk,task_routine_bulk_3,normal,1,0,0.20341849503107082
f42d94b7a35f9f5e14c04ed4146758b88c85995349f206e13dfbc0af426c6024,21,1,truck_0,420.0,21,1.0,conditional_truck_tc,24000.0,1200,800.0,0,,-1,E6,delivered,0,21,LB-v1-20260822,800.0,20,98.05617214438035,100.0,C-ALNS-MP,1222.77839559386,1222.77839559386,1,55fb4274b7389da741417cffd9c2b3195430432b747fcb4efb05f4e6c6f96b81,0.0,98.05617214438035,LB,103,1,routine_bulk,task_routine_bulk_4,normal,1,0,0.3319591618543233
f42d94b7a35f9f5e14c04ed4146758b88c85995349f206e13dfbc0af426c6024,215,1,truck_2,6300.0,315,1.0,conditional_truck_tc,25200.0,1260,800.0,0,,-1,E6,delivered,84,315,LB-v1-20260822,800.0,310,69.68613437490393,100.0,C-ALNS-MP,12369.193535155884,12369.193535155884,1,55fb4274b7389da741417cffd9c2b3195430432b747fcb4efb05f4e6c6f96b81,0.0,69.68613437490393,LB,103,1,routine_bulk,task_routine_bulk_5,normal,1,0,0.3837354804247379
f42d94b7a35f9f5e14c04ed4146758b88c85995349f206e13dfbc0af426c6024,34,1,truck_1,680.0,34,1.0,conditional_truck_tc,26400.0,1320,800.0,0,,-1,E6,delivered,0,34,LB-v1-20260822,800.0,33,97.04500742049703,100.0,C-ALNS-MP,2190.503861145282,2190.503861145282,1,55fb4274b7389da741417cffd9c2b3195430432b747fcb4efb05f4e6c6f96b81,0.0,97.04500742049703,LB,103,1,routine_bulk,task_routine_bulk_6,normal,1,0,0.29667557872401773
f42d94b7a35f9f5e14c04ed4146758b88c85995349f206e13dfbc0af426c6024,60,1,truck_3,1700.0,85,1.0,conditional_truck_tc,27600.0,1380,800.0,0,,-1,E6,delivered,24,85,LB-v1-20260822,800.0,83,91.42622510949772,100.0,C-ALNS-MP,3849.1587366044114,3849.1587366044114,1,55fb4274b7389da741417cffd9c2b3195430432b747fcb4efb05f4e6c6f96b81,0.0,91.42622510949772,LB,103,1,routine_bulk,task_routine_bulk_7,normal,1,0,0.46822780016891247
f42d94b7a35f9f5e14c04ed4146758b88c85995349f206e13dfbc0af426c6024,12,1,truck_2,3000.0,150,1.0,conditional_truck_tc,12000.0,600,50.0,0,,-1,E6,delivered,120,150,LB-v1-20260822,50.0,131,34.8551659476366,100.0,C-ALNS-MP,3549.9180582011645,3549.9180582011645,1,55fb4274b7389da741417cffd9c2b3195430432b747fcb4efb05f4e6c6f96b81,0.0,34.8551659476366,LB,103,1,time_critical_lightweight,task_time_critical_lightweight_0,emergency,0,1,0.9539752519885072
f42d94b7a35f9f5e14c04ed4146758b88c85995349f206e13dfbc0af426c6024,0,1,uav_3,1460.0,73,1.0,conditional_truck_tc,12600.0,630,50.0,0,,-1,E6,delivered,-1,73,LB-v1-20260822,50.0,-1,69.5240904000795,100.0,C-ALNS-MP,3853.766998414422,3853.766998414422,1,55fb4274b7389da741417cffd9c2b3195430432b747fcb4efb05f4e6c6f96b81,0.0,69.5240904000795,LB,103,1,time_critical_lightweight,task_time_critical_lightweight_1,emergency,0,1,0.9948079019505545
f42d94b7a35f9f5e14c04ed4146758b88c85995349f206e13dfbc0af426c6024,129,1,uav_0,4020.0,201,1.0,conditional_truck_tc,13200.0,660,50.0,0,,-1,E6,delivered,0,201,LB-v1-20260822,50.0,200,32.61185999258815,100.0,C-ALNS-MP,4718.076354042247,4718.076354042247,1,55fb4274b7389da741417cffd9c2b3195430432b747fcb4efb05f4e6c6f96b81,0.0,32.61185999258815,LB,103,1,time_critical_lightweight,task_time_critical_lightweight_2,emergency,0,1,0.7377905179466021
f42d94b7a35f9f5e14c04ed4146758b88c85995349f206e13dfbc0af426c6024,108,1,truck_0,2960.0,148,1.0,conditional_truck_tc,13800.0,690,50.0,0,,-1,E6,delivered,0,148,LB-v1-20260822,50.0,143,38.198588239868926,100.0,C-ALNS-MP,4622.917826000115,4622.917826000115,1,55fb4274b7389da741417cffd9c2b3195430432b747fcb4efb05f4e6c6f96b81,0.0,38.198588239868926,LB,103,1,time_critical_lightweight,task_time_critical_lightweight_3,emergency,0,1,0.993001467773675
f42d94b7a35f9f5e14c04ed4146758b88c85995349f206e13dfbc0af426c6024,180,1,uav_5,4180.0,209,1.0,conditional_truck_tc,14400.0,720,50.0,0,,-1,E6,delivered,0,209,LB-v1-20260822,50.0,203,10.713837356299695,100.0,C-ALNS-MP,7874.47009238337,7874.47009238337,1,55fb4274b7389da741417cffd9c2b3195430432b747fcb4efb05f4e6c6f96b81,0.0,10.713837356299695,LB,103,1,time_critical_lightweight,task_time_critical_lightweight_4,emergency,0,1,0.8793174987113003
f42d94b7a35f9f5e14c04ed4146758b88c85995349f206e13dfbc0af426c6024,180,0,None,-1.0,-1,0.0,conditional_truck_tc,15960.0,798,50.0,1,lifeline_zero,266,E6,failed,0,-1,LB-v1-20260822,0.0,215,0.0,100.0,C-ALNS-MP,15631.763761674247,15631.763761674247,0,55fb4274b7389da741417cffd9c2b3195430432b747fcb4efb05f4e6c6f96b81,50.0,0.0,LB,103,0,time_critical_lightweight,task_time_critical_lightweight_5,emergency,0,1,0.7453071219044164
f42d94b7a35f9f5e14c04ed4146758b88c85995349f206e13dfbc0af426c6024,250,0,None,-1.0,-1,0.0,conditional_truck_tc,16560.0,828,50.0,1,lifeline_zero,262,E6,failed,0,-1,LB-v1-20260822,0.0,261,0.0,100.0,C-ALNS-MP,8424.160448484647,8424.160448484647,0,55fb4274b7389da741417cffd9c2b3195430432b747fcb4efb05f4e6c6f96b81,50.0,0.0,LB,103,0,time_critical_lightweight,task_time_critical_lightweight_6,emergency,0,1,0.9405001457932693
f42d94b7a35f9f5e14c04ed4146758b88c85995349f206e13dfbc0af426c6024,205,1,uav_3,4100.0,205,1.0,conditional_truck_tc,17160.0,858,50.0,0,,-1,E6,delivered,0,205,LB-v1-20260822,50.0,204,14.97339144925526,100.0,C-ALNS-MP,8257.460786599386,8257.460786599386,1,55fb4274b7389da741417cffd9c2b3195430432b747fcb4efb05f4e6c6f96b81,0.0,14.97339144925526,LB,103,1,time_critical_lightweight,task_time_critical_lightweight_7,emergency,0,1,0.9967292359223714
f42d94b7a35f9f5e14c04ed4146758b88c85995349f206e13dfbc0af426c6024,0,1,truck_2,680.0,34,1.0,conditional_truck_tc,16800.0,840,50.0,0,,-1,E6,delivered,-1,34,LB-v1-20260822,50.0,-1,85.94709746506845,100.0,C-ALNS-MP,2438.790356782932,2438.790356782932,1,55fb4274b7389da741417cffd9c2b3195430432b747fcb4efb05f4e6c6f96b81,0.0,85.94709746506845,LB,103,1,time_critical_lightweight,task_time_critical_lightweight_8,emergency,0,1,0.956249863078559
f42d94b7a35f9f5e14c04ed4146758b88c85995349f206e13dfbc0af426c6024,108,1,uav_2,3380.0,169,1.0,conditional_truck_tc,17400.0,870,50.0,0,,-1,E6,delivered,60,169,LB-v1-20260822,50.0,167,24.64299575914411,100.0,C-ALNS-MP,5229.962687587301,5229.962687587301,1,55fb4274b7389da741417cffd9c2b3195430432b747fcb4efb05f4e6c6f96b81,0.0,24.64299575914411,LB,103,1,time_critical_lightweight,task_time_critical_lightweight_9,emergency,0,1,0.99615912292639
f42d94b7a35f9f5e14c04ed4146758b88c85995349f206e13dfbc0af426c6024,0,1,truck_2,1180.0,59,1.0,conditional_truck_tc,18000.0,900,50.0,0,,-1,E6,delivered,-1,59,LB-v1-20260822,50.0,-1,79.34675467756018,100.0,C-ALNS-MP,4101.291462269308,4101.291462269308,1,55fb4274b7389da741417cffd9c2b3195430432b747fcb4efb05f4e6c6f96b81,0.0,79.34675467756018,LB,103,1,time_critical_lightweight,task_time_critical_lightweight_10,emergency,0,1,0.7679542876123209
f42d94b7a35f9f5e14c04ed4146758b88c85995349f206e13dfbc0af426c6024,0,0,None,-1.0,-1,0.0,conditional_truck_tc,18600.0,930,50.0,1,lifeline_zero,250,E6,failed,-1,-1,LB-v1-20260822,0.0,-1,0.0,100.0,C-ALNS-MP,9892.748184234893,9892.748184234893,0,55fb4274b7389da741417cffd9c2b3195430432b747fcb4efb05f4e6c6f96b81,50.0,0.0,LB,103,0,time_critical_lightweight,task_time_critical_lightweight_11,emergency,0,1,0.8558745641192899
f42d94b7a35f9f5e14c04ed4146758b88c85995349f206e13dfbc0af426c6024,24,0,None,-1.0,-1,0.0,conditional_truck_tc,19200.0,960,800.0,1,deadline_exceeded,961,E6,failed,119,-1,LB-v1-20260822,0.0,142,10.085083014575781,100.0,C-ALNS-MP,12577.323912323805,12577.323912323805,0,3b78f010987a760cd1c9ce8fe266f5f3b33848863bd83ebdcd98e5167f448a82,800.0,0.0,LB,105,0,routine_bulk,task_routine_bulk_0,normal,1,0,0.4422958379032641
f42d94b7a35f9f5e14c04ed4146758b88c85995349f206e13dfbc0af426c6024,119,1,truck_1,2460.0,123,1.0,conditional_truck_tc,20400.0,1020,800.0,0,,-1,E6,delivered,0,123,LB-v1-20260822,800.0,118,88.7193996732142,100.0,C-ALNS-MP,8114.793341322871,8114.793341322871,1,3b78f010987a760cd1c9ce8fe266f5f3b33848863bd83ebdcd98e5167f448a82,0.0,88.7193996732142,LB,105,1,routine_bulk,task_routine_bulk_1,normal,1,0,0.35204079810666833
f42d94b7a35f9f5e14c04ed4146758b88c85995349f206e13dfbc0af426c6024,167,1,truck_0,4800.0,240,1.0,conditional_truck_tc,21600.0,1080,800.0,0,,-1,E6,delivered,72,240,LB-v1-20260822,800.0,238,79.00050524056626,100.0,C-ALNS-MP,8729.62675428584,8729.62675428584,1,3b78f010987a760cd1c9ce8fe266f5f3b33848863bd83ebdcd98e5167f448a82,0.0,79.00050524056626,LB,105,1,routine_bulk,task_routine_bulk_2,normal,1,0,0.287785035971319
f42d94b7a35f9f5e14c04ed4146758b88c85995349f206e13dfbc0af426c6024,72,1,truck_1,1440.0,72,1.0,conditional_truck_tc,22800.0,1140,800.0,0,,-1,E6,delivered,0,72,LB-v1-20260822,800.0,71,92.89743810261982,100.0,C-ALNS-MP,5910.696567912473,5910.696567912473,1,3b78f010987a760cd1c9ce8fe266f5f3b33848863bd83ebdcd98e5167f448a82,0.0,92.89743810261982,LB,105,1,routine_bulk,task_routine_bulk_3,normal,1,0,0.350797741406931
f42d94b7a35f9f5e14c04ed4146758b88c85995349f206e13dfbc0af426c6024,52,1,truck_0,2720.0,136,1.0,conditional_truck_tc,24000.0,1200,800.0,0,,-1,E6,delivered,84,136,LB-v1-20260822,800.0,135,86.65119429160026,100.0,C-ALNS-MP,10694.004250403128,10694.004250403128,1,3b78f010987a760cd1c9ce8fe266f5f3b33848863bd83ebdcd98e5167f448a82,0.0,86.65119429160026,LB,105,1,routine_bulk,task_routine_bulk_4,normal,1,0,0.4555758510257406
f42d94b7a35f9f5e14c04ed4146758b88c85995349f206e13dfbc0af426c6024,71,0,None,-1.0,-1,0.0,conditional_truck_tc,25200.0,1260,800.0,1,lifeline_zero,1039,E6,failed,72,-1,LB-v1-20260822,0.0,142,0.0,100.0,C-ALNS-MP,11688.368471261618,11688.368471261618,0,3b78f010987a760cd1c9ce8fe266f5f3b33848863bd83ebdcd98e5167f448a82,800.0,0.0,LB,105,0,routine_bulk,task_routine_bulk_5,normal,1,0,0.4710880429495432
f42d94b7a35f9f5e14c04ed4146758b88c85995349f206e13dfbc0af426c6024,84,1,truck_0,1720.0,86,1.0,conditional_truck_tc,26400.0,1320,800.0,0,,-1,E6,delivered,0,86,LB-v1-20260822,800.0,83,91.28469086368084,100.0,C-ALNS-MP,6465.741892118609,6465.741892118609,1,3b78f010987a760cd1c9ce8fe266f5f3b33848863bd83ebdcd98e5167f448a82,0.0,91.28469086368084,LB,105,1,routine_bulk,task_routine_bulk_6,normal,1,0,0.4027653483499122
f42d94b7a35f9f5e14c04ed4146758b88c85995349f206e13dfbc0af426c6024,71,1,truck_2,1420.0,71,1.0,conditional_truck_tc,27600.0,1380,800.0,0,,-1,E6,delivered,0,71,LB-v1-20260822,800.0,70,92.47866658177351,100.0,C-ALNS-MP,5513.218277176952,5513.218277176952,1,3b78f010987a760cd1c9ce8fe266f5f3b33848863bd83ebdcd98e5167f448a82,0.0,92.47866658177351,LB,105,1,routine_bulk,task_routine_bulk_7,normal,1,0,0.4532664729099701
f42d94b7a35f9f5e14c04ed4146758b88c85995349f206e13dfbc0af426c6024,31,1,uav_4,3720.0,186,1.0,conditional_truck_tc,12000.0,600,50.0,0,,-1,E6,delivered,155,186,LB-v1-20260822,50.0,185,29.35512215676137,100.0,C-ALNS-MP,3632.0997667878946,3632.0997667878946,1,3b78f010987a760cd1c9ce8fe266f5f3b33848863bd83ebdcd98e5167f448a82,0.0,29.35512215676137,LB,105,1,time_critical_lightweight,task_time_critical_lightweight_0,emergency,0,1,0.8976075549457397
f42d94b7a35f9f5e14c04ed4146758b88c85995349f206e13dfbc0af426c6024,0,1,uav_3,1020.0,51,1.0,conditional_truck_tc,12600.0,630,50.0,0,,-1,E6,delivered,-1,51,LB-v1-20260822,50.0,-1,80.0018839323787,100.0,C-ALNS-MP,4785.672150326649,4785.672150326649,1,3b78f010987a760cd1c9ce8fe266f5f3b33848863bd83ebdcd98e5167f448a82,0.0,80.0018839323787,LB,105,1,time_critical_lightweight,task_time_critical_lightweight_1,emergency,0,1,0.778127135572565
f42d94b7a35f9f5e14c04ed4146758b88c85995349f206e13dfbc0af426c6024,103,1,uav_0,3720.0,186,1.0,conditional_truck_tc,13200.0,660,50.0,0,,-1,E6,delivered,0,186,LB-v1-20260822,50.0,185,33.47692367231074,100.0,C-ALNS-MP,4398.113455086746,4398.113455086746,1,3b78f010987a760cd1c9ce8fe266f5f3b33848863bd83ebdcd98e5167f448a82,0.0,33.47692367231074,LB,105,1,time_critical_lightweight,task_time_critical_lightweight_2,emergency,0,1,0.7499811226475924
f42d94b7a35f9f5e14c04ed4146758b88c85995349f206e13dfbc0af426c6024,150,1,uav_2,3240.0,162,1.0,conditional_truck_tc,13800.0,690,50.0,0,,-1,E6,delivered,0,162,LB-v1-20260822,50.0,161,32.00416510178024,100.0,C-ALNS-MP,5420.674333996477,5420.674333996477,1,3b78f010987a760cd1c9ce8fe266f5f3b33848863bd83ebdcd98e5167f448a82,0.0,32.00416510178024,LB,105,1,time_critical_lightweight,task_time_critical_lightweight_3,emergency,0,1,0.9578263112503582
f42d94b7a35f9f5e14c04ed4146758b88c85995349f206e13dfbc0af426c6024,72,0,None,-1.0,-1,0.0,conditional_truck_tc,15360.0,768,50.0,1,lifeline_zero,284,E6,failed,0,-1,LB-v1-20260822,0.0,71,0.0,100.0,C-ALNS-MP,7181.023200554933,7181.023200554933,0,3b78f010987a760cd1c9ce8fe266f5f3b33848863bd83ebdcd98e5167f448a82,50.0,0.0,LB,105,0,time_critical_lightweight,task_time_critical_lightweight_4,emergency,0,1,0.795836380139859
f42d94b7a35f9f5e14c04ed4146758b88c85995349f206e13dfbc0af426c6024,155,1,truck_2,3680.0,184,1.0,conditional_truck_tc,15000.0,750,50.0,0,,-1,E6,delivered,0,184,LB-v1-20260822,50.0,154,31.120520148186134,100.0,C-ALNS-MP,6377.527483238084,6377.527483238084,1,3b78f010987a760cd1c9ce8fe266f5f3b33848863bd83ebdcd98e5167f448a82,0.0,31.120520148186134,LB,105,1,time_critical_lightweight,task_time_critical_lightweight_5,emergency,0,1,0.780918270447546
f42d94b7a35f9f5e14c04ed4146758b88c85995349f206e13dfbc0af426c6024,233,0,None,-1.0,-1,0.0,conditional_truck_tc,16560.0,828,50.0,1,lifeline_zero,281,E6,failed,0,-1,LB-v1-20260822,0.0,280,0.0,100.0,C-ALNS-MP,9029.776283917252,9029.776283917252,0,3b78f010987a760cd1c9ce8fe266f5f3b33848863bd83ebdcd98e5167f448a82,50.0,0.0,LB,105,0,time_critical_lightweight,task_time_critical_lightweight_6,emergency,0,1,0.8689360715219382
f42d94b7a35f9f5e14c04ed4146758b88c85995349f206e13dfbc0af426c6024,179,1,uav_2,3600.0,180,1.0,conditional_truck_tc,17160.0,858,50.0,0,,-1,E6,delivered,0,180,LB-v1-20260822,50.0,178,22.91957303571373,100.0,C-ALNS-MP,6748.743106898455,6748.743106898455,1,3b78f010987a760cd1c9ce8fe266f5f3b33848863bd83ebdcd98e5167f448a82,0.0,22.91957303571373,LB,105,1,time_critical_lightweight,task_time_critical_lightweight_7,emergency,0,1,0.9402474835352292
f42d94b7a35f9f5e14c04ed4146758b88c85995349f206e13dfbc0af426c6024,29,1,truck_2,1780.0,89,1.0,conditional_truck_tc,16800.0,840,50.0,0,,-1,E6,delivered,60,89,LB-v1-20260822,50.0,88,58.07200785741862,100.0,C-ALNS-MP,6916.263526249127,6916.263526249127,1,3b78f010987a760cd1c9ce8fe266f5f3b33848863bd83ebdcd98e5167f448a82,0.0,58.07200785741862,LB,105,1,time_critical_lightweight,task_time_critical_lightweight_8,emergency,0,1,0.9661089449093814
f42d94b7a35f9f5e14c04ed4146758b88c85995349f206e13dfbc0af426c6024,71,0,None,-1.0,-1,0.0,conditional_truck_tc,17400.0,870,50.0,1,lifeline_zero,284,E6,failed,72,-1,LB-v1-20260822,0.0,142,0.0,100.0,C-ALNS-MP,10495.756357098931,10495.756357098931,0,3b78f010987a760cd1c9ce8fe266f5f3b33848863bd83ebdcd98e5167f448a82,50.0,0.0,LB,105,0,time_critical_lightweight,task_time_critical_lightweight_9,emergency,0,1,0.8274854444539167
f42d94b7a35f9f5e14c04ed4146758b88c85995349f206e13dfbc0af426c6024,7,1,uav_0,3000.0,150,1.0,conditional_truck_tc,18000.0,900,50.0,0,,-1,E6,delivered,143,150,LB-v1-20260822,50.0,149,47.32057039044785,100.0,C-ALNS-MP,8510.237238411748,8510.237238411748,1,3b78f010987a760cd1c9ce8fe266f5f3b33848863bd83ebdcd98e5167f448a82,0.0,47.32057039044785,LB,105,1,time_critical_lightweight,task_time_critical_lightweight_10,emergency,0,1,0.7765952172368125
f42d94b7a35f9f5e14c04ed4146758b88c85995349f206e13dfbc0af426c6024,0,0,None,-1.0,-1,0.0,conditional_truck_tc,18600.0,930,50.0,1,lifeline_zero,272,E6,failed,-1,-1,LB-v1-20260822,0.0,-1,0.0,100.0,C-ALNS-MP,10506.128035288262,10506.128035288262,0,3b78f010987a760cd1c9ce8fe266f5f3b33848863bd83ebdcd98e5167f448a82,50.0,0.0,LB,105,0,time_critical_lightweight,task_time_critical_lightweight_11,emergency,0,1,0.8832814159350445
f42d94b7a35f9f5e14c04ed4146758b88c85995349f206e13dfbc0af426c6024,120,0,None,-1.0,-1,0.0,conditional_truck_tc,19200.0,960,800.0,1,deadline_exceeded,961,E6,failed,0,-1,LB-v1-20260822,0.0,143,0.8156339285624098,100.0,C-ALNS-MP,5272.8843626741755,5272.8843626741755,0,6d31b097d769abbeed551a245a2c0e974c976d24176a29c496b0d3149b0259ad,800.0,0.0,LB,104,0,routine_bulk,task_routine_bulk_0,normal,1,0,0.47918201810372657
f42d94b7a35f9f5e14c04ed4146758b88c85995349f206e13dfbc0af426c6024,71,1,truck_1,3100.0,155,1.0,conditional_truck_tc,20400.0,1020,800.0,0,,-1,E6,delivered,84,155,LB-v1-20260822,800.0,154,82.93312459907669,100.0,C-ALNS-MP,7568.357709164488,7568.357709164488,1,6d31b097d769abbeed551a245a2c0e974c976d24176a29c496b0d3149b0259ad,0.0,82.93312459907669,LB,104,1,routine_bulk,task_routine_bulk_1,normal,1,0,0.5886518651509982
f42d94b7a35f9f5e14c04ed4146758b88c85995349f206e13dfbc0af426c6024,84,1,truck_3,1720.0,86,1.0,conditional_truck_tc,21600.0,1080,800.0,0,,-1,E6,delivered,0,86,LB-v1-20260822,800.0,83,91.12712377468277,100.0,C-ALNS-MP,6249.3846204323945,6249.3846204323945,1,6d31b097d769abbeed551a245a2c0e974c976d24176a29c496b0d3149b0259ad,0.0,91.12712377468277,LB,104,1,routine_bulk,task_routine_bulk_2,normal,1,0,0.276105417555162
f42d94b7a35f9f5e14c04ed4146758b88c85995349f206e13dfbc0af426c6024,83,1,truck_2,1660.0,83,1.0,conditional_truck_tc,22800.0,1140,800.0,0,,-1,E6,delivered,0,83,LB-v1-20260822,800.0,82,90.91415411800186,100.0,C-ALNS-MP,6698.28848762556,6698.28848762556,1,6d31b097d769abbeed551a245a2c0e974c976d24176a29c496b0d3149b0259ad,0.0,90.91415411800186,LB,104,1,routine_bulk,task_routine_bulk_3,normal,1,0,0.48560807268183753
f42d94b7a35f9f5e14c04ed4146758b88c85995349f206e13dfbc0af426c6024,41,1,truck_1,2740.0,137,1.0,conditional_truck_tc,24000.0,1200,800.0,0,,-1,E6,delivered,96,137,LB-v1-20260822,800.0,136,85.32532533324063,100.0,C-ALNS-MP,7570.960812820636,7570.960812820636,1,6d31b097d769abbeed551a245a2c0e974c976d24176a29c496b0d3149b0259ad,0.0,85.32532533324063,LB,104,1,routine_bulk,task_routine_bulk_4,normal,1,0,0.5478035996107795
f42d94b7a35f9f5e14c04ed4146758b88c85995349f206e13dfbc0af426c6024,955,0,None,-1.0,-1,0.0,conditional_truck_tc,25200.0,1260,800.0,1,lifeline_zero,1099,E6,failed,144,-1,LB-v1-20260822,0.0,1098,0.0,100.0,C-ALNS-MP,7123.574472651179,7123.574472651179,0,6d31b097d769abbeed551a245a2c0e974c976d24176a29c496b0d3149b0259ad,800.0,0.0,LB,104,0,routine_bulk,task_routine_bulk_5,normal,1,0,0.35137426266199645
f42d94b7a35f9f5e14c04ed4146758b88c85995349f206e13dfbc0af426c6024,93,1,truck_1,1860.0,93,1.0,conditional_truck_tc,26400.0,1320,800.0,0,,-1,E6,delivered,0,93,LB-v1-20260822,800.0,92,90.30293922232143,100.0,C-ALNS-MP,6156.526159856502,6156.526159856502,1,6d31b097d769abbeed551a245a2c0e974c976d24176a29c496b0d3149b0259ad,0.0,90.30293922232143,LB,104,1,routine_bulk,task_routine_bulk_6,normal,1,0,0.4791203724344151
f42d94b7a35f9f5e14c04ed4146758b88c85995349f206e13dfbc0af426c6024,41,1,truck_1,3700.0,185,1.0,conditional_truck_tc,27600.0,1380,800.0,0,,-1,E6,delivered,144,185,LB-v1-20260822,800.0,184,82.71740485485287,100.0,C-ALNS-MP,7985.041925894773,7985.041925894773,1,6d31b097d769abbeed551a245a2c0e974c976d24176a29c496b0d3149b0259ad,0.0,82.71740485485287,LB,104,1,routine_bulk,task_routine_bulk_7,normal,1,0,0.41526441828837324
f42d94b7a35f9f5e14c04ed4146758b88c85995349f206e13dfbc0af426c6024,0,1,uav_3,2120.0,106,1.0,conditional_truck_tc,12000.0,600,50.0,0,,-1,E6,delivered,-1,106,LB-v1-20260822,50.0,-1,58.93118768118588,100.0,C-ALNS-MP,7023.7895527980045,7023.7895527980045,1,6d31b097d769abbeed551a245a2c0e974c976d24176a29c496b0d3149b0259ad,0.0,58.93118768118588,LB,104,1,time_critical_lightweight,task_time_critical_lightweight_0,emergency,0,1,0.7334050411538343
f42d94b7a35f9f5e14c04ed4146758b88c85995349f206e13dfbc0af426c6024,31,0,None,-1.0,-1,0.0,conditional_truck_tc,12600.0,630,50.0,1,lifeline_zero,287,E6,failed,185,-1,LB-v1-20260822,0.0,215,0.0,100.0,C-ALNS-MP,7820.4684819216145,7820.4684819216145,0,6d31b097d769abbeed551a245a2c0e974c976d24176a29c496b0d3149b0259ad,50.0,0.0,LB,104,0,time_critical_lightweight,task_time_critical_lightweight_1,emergency,0,1,0.7756329563794074
f42d94b7a35f9f5e14c04ed4146758b88c85995349f206e13dfbc0af426c6024,196,0,None,-1.0,-1,0.0,conditional_truck_tc,14160.0,708,50.0,1,lifeline_zero,280,E6,failed,0,-1,LB-v1-20260822,0.0,279,0.0,100.0,C-ALNS-MP,10205.303898503826,10205.303898503826,0,6d31b097d769abbeed551a245a2c0e974c976d24176a29c496b0d3149b0259ad,50.0,0.0,LB,104,0,time_critical_lightweight,task_time_critical_lightweight_2,emergency,0,1,0.7888680287525364
f42d94b7a35f9f5e14c04ed4146758b88c85995349f206e13dfbc0af426c6024,134,1,uav_5,2680.0,134,1.0,conditional_truck_tc,13800.0,690,50.0,0,,-1,E6,delivered,0,134,LB-v1-20260822,50.0,133,51.00155295375998,100.0,C-ALNS-MP,16046.827472122433,16046.827472122433,1,6d31b097d769abbeed551a245a2c0e974c976d24176a29c496b0d3149b0259ad,0.0,51.00155295375998,LB,104,1,time_critical_lightweight,task_time_critical_lightweight_3,emergency,0,1,0.8367675481815295
f42d94b7a35f9f5e14c04ed4146758b88c85995349f206e13dfbc0af426c6024,228,0,None,-1.0,-1,0.0,conditional_truck_tc,15360.0,768,50.0,1,lifeline_zero,282,E6,failed,0,-1,LB-v1-20260822,0.0,263,0.0,100.0,C-ALNS-MP,9174.482219933043,9174.482219933043,0,6d31b097d769abbeed551a245a2c0e974c976d24176a29c496b0d3149b0259ad,50.0,0.0,LB,104,0,time_critical_lightweight,task_time_critical_lightweight_4,emergency,0,1,0.8127661232413205
f42d94b7a35f9f5e14c04ed4146758b88c85995349f206e13dfbc0af426c6024,111,0,None,-1.0,-1,0.0,conditional_truck_tc,15960.0,798,50.0,1,lifeline_zero,281,E6,failed,24,-1,LB-v1-20260822,0.0,280,0.0,100.0,C-ALNS-MP,19651.540378591842,19651.540378591842,0,6d31b097d769abbeed551a245a2c0e974c976d24176a29c496b0d3149b0259ad,50.0,0.0,LB,104,0,time_critical_lightweight,task_time_critical_lightweight_5,emergency,0,1,0.8423225708886023
f42d94b7a35f9f5e14c04ed4146758b88c85995349f206e13dfbc0af426c6024,108,1,truck_1,2920.0,146,1.0,conditional_truck_tc,15600.0,780,50.0,0,,-1,E6,delivered,0,146,LB-v1-20260822,50.0,143,45.846975053621094,100.0,C-ALNS-MP,7018.248876048752,7018.248876048752,1,6d31b097d769abbeed551a245a2c0e974c976d24176a29c496b0d3149b0259ad,0.0,45.846975053621094,LB,104,1,time_critical_lightweight,task_time_critical_lightweight_6,emergency,0,1,0.8491294207660127
f42d94b7a35f9f5e14c04ed4146758b88c85995349f206e13dfbc0af426c6024,97,1,uav_2,3140.0,157,1.0,conditional_truck_tc,16200.0,810,50.0,0,,-1,E6,delivered,0,157,LB-v1-20260822,50.0,156,34.57974440570372,100.0,C-ALNS-MP,8377.6446781383,8377.6446781383,1,6d31b097d769abbeed551a245a2c0e974c976d24176a29c496b0d3149b0259ad,0.0,34.57974440570372,LB,104,1,time_critical_lightweight,task_time_critical_lightweight_7,emergency,0,1,0.9286770435131199
f42d94b7a35f9f5e14c04ed4146758b88c85995349f206e13dfbc0af426c6024,162,0,None,-1.0,-1,0.0,conditional_truck_tc,16800.0,840,50.0,1,lifeline_zero,282,E6,failed,0,-1,LB-v1-20260822,0.0,281,0.0,100.0,C-ALNS-MP,9300.70569730297,9300.70569730297,0,6d31b097d769abbeed551a245a2c0e974c976d24176a29c496b0d3149b0259ad,50.0,0.0,LB,104,0,time_critical_lightweight,task_time_critical_lightweight_8,emergency,0,1,0.8211665605115068
f42d94b7a35f9f5e14c04ed4146758b88c85995349f206e13dfbc0af426c6024,15,1,uav_1,3180.0,159,1.0,conditional_truck_tc,17400.0,870,50.0,0,,-1,E6,delivered,144,159,LB-v1-20260822,50.0,158,39.304500655844016,100.0,C-ALNS-MP,7532.933777727172,7532.933777727172,1,6d31b097d769abbeed551a245a2c0e974c976d24176a29c496b0d3149b0259ad,0.0,39.304500655844016,LB,104,1,time_critical_lightweight,task_time_critical_lightweight_9,emergency,0,1,0.8946614200318721
f42d94b7a35f9f5e14c04ed4146758b88c85995349f206e13dfbc0af426c6024,26,1,uav_5,3400.0,170,1.0,conditional_truck_tc,18000.0,900,50.0,0,,-1,E6,delivered,144,170,LB-v1-20260822,50.0,169,35.70320519217779,100.0,C-ALNS-MP,12110.343999723837,12110.343999723837,1,6d31b097d769abbeed551a245a2c0e974c976d24176a29c496b0d3149b0259ad,0.0,35.70320519217779,LB,104,1,time_critical_lightweight,task_time_critical_lightweight_10,emergency,0,1,0.9073734486686894
f42d94b7a35f9f5e14c04ed4146758b88c85995349f206e13dfbc0af426c6024,48,0,None,-1.0,-1,0.0,conditional_truck_tc,18600.0,930,50.0,1,lifeline_zero,255,E6,failed,60,-1,LB-v1-20260822,0.0,107,0.0,100.0,C-ALNS-MP,5010.518718001438,5010.518718001438,0,6d31b097d769abbeed551a245a2c0e974c976d24176a29c496b0d3149b0259ad,50.0,0.0,LB,104,0,time_critical_lightweight,task_time_critical_lightweight_11,emergency,0,1,0.7839172668337464
f42d94b7a35f9f5e14c04ed4146758b88c85995349f206e13dfbc0af426c6024,178,1,truck_2,4520.0,226,1.0,conditional_truck_tc,19200.0,960,800.0,0,,-1,E6,delivered,36,226,LB-v1-20260822,800.0,225,75.95931442135583,100.0,C-ALNS-MP,4676.861376701063,4676.861376701063,1,776514e6a972a08d3c65970387083485b63964843dbab0a59981f94120fdea23,0.0,75.95931442135583,LB,107,1,routine_bulk,task_routine_bulk_0,normal,1,0,0.5706680857831006
f42d94b7a35f9f5e14c04ed4146758b88c85995349f206e13dfbc0af426c6024,70,1,truck_2,1400.0,70,1.0,conditional_truck_tc,20400.0,1020,800.0,0,,-1,E6,delivered,0,70,LB-v1-20260822,800.0,69,94.31910625645607,100.0,C-ALNS-MP,4365.266097324558,4365.266097324558,1,776514e6a972a08d3c65970387083485b63964843dbab0a59981f94120fdea23,0.0,94.31910625645607,LB,107,1,routine_bulk,task_routine_bulk_1,normal,1,0,0.2966517718910157
f42d94b7a35f9f5e14c04ed4146758b88c85995349f206e13dfbc0af426c6024,36,1,truck_2,760.0,38,1.0,conditional_truck_tc,21600.0,1080,800.0,0,,-1,E6,delivered,0,38,LB-v1-20260822,800.0,35,95.95163454467597,100.0,C-ALNS-MP,3168.672550952722,3168.672550952722,1,776514e6a972a08d3c65970387083485b63964843dbab0a59981f94120fdea23,0.0,95.95163454467597,LB,107,1,routine_bulk,task_routine_bulk_2,normal,1,0,0.5547067970949975
f42d94b7a35f9f5e14c04ed4146758b88c85995349f206e13dfbc0af426c6024,67,1,truck_1,1340.0,67,1.0,conditional_truck_tc,22800.0,1140,800.0,0,,-1,E6,delivered,0,67,LB-v1-20260822,800.0,66,94.84671033065752,100.0,C-ALNS-MP,3245.16352904983,3245.16352904983,1,776514e6a972a08d3c65970387083485b63964843dbab0a59981f94120fdea23,0.0,94.84671033065752,LB,107,1,routine_bulk,task_routine_bulk_3,normal,1,0,0.2436562031867523
f42d94b7a35f9f5e14c04ed4146758b88c85995349f206e13dfbc0af426c6024,94,1,truck_1,3400.0,170,1.0,conditional_truck_tc,24000.0,1200,800.0,0,,-1,E6,delivered,72,170,LB-v1-20260822,800.0,165,84.1002484007752,100.0,C-ALNS-MP,5980.171646239756,5980.171646239756,1,776514e6a972a08d3c65970387083485b63964843dbab0a59981f94120fdea23,0.0,84.1002484007752,LB,107,1,routine_bulk,task_routine_bulk_4,normal,1,0,0.4304808019757515
f42d94b7a35f9f5e14c04ed4146758b88c85995349f206e13dfbc0af426c6024,234,1,truck_3,5400.0,270,1.0,conditional_truck_tc,25200.0,1260,800.0,0,,-1,E6,delivered,36,270,LB-v1-20260822,800.0,269,75.51645803958519,100.0,C-ALNS-MP,4790.794991940095,4790.794991940095,1,776514e6a972a08d3c65970387083485b63964843dbab0a59981f94120fdea23,0.0,75.51645803958519,LB,107,1,routine_bulk,task_routine_bulk_5,normal,1,0,0.3804450519899658
f42d94b7a35f9f5e14c04ed4146758b88c85995349f206e13dfbc0af426c6024,227,0,None,-1.0,-1,0.0,conditional_truck_tc,26400.0,1320,800.0,1,lifeline_zero,1299,E6,failed,48,-1,LB-v1-20260822,0.0,452,0.0,100.0,C-ALNS-MP,9323.57765247018,9323.57765247018,0,776514e6a972a08d3c65970387083485b63964843dbab0a59981f94120fdea23,800.0,0.0,LB,107,0,routine_bulk,task_routine_bulk_6,normal,1,0,0.2221731791610967
f42d94b7a35f9f5e14c04ed4146758b88c85995349f206e13dfbc0af426c6024,36,1,truck_0,800.0,40,1.0,conditional_truck_tc,27600.0,1380,800.0,0,,-1,E6,delivered,0,40,LB-v1-20260822,800.0,35,95.92756737033696,100.0,C-ALNS-MP,2675.351273261336,2675.351273261336,1,776514e6a972a08d3c65970387083485b63964843dbab0a59981f94120fdea23,0.0,95.92756737033696,LB,107,1,routine_bulk,task_routine_bulk_7,normal,1,0,0.4377062722154169
f42d94b7a35f9f5e14c04ed4146758b88c85995349f206e13dfbc0af426c6024,4,0,None,-1.0,-1,0.0,conditional_truck_tc,12000.0,600,50.0,1,lifeline_zero,278,E6,failed,270,-1,LB-v1-20260822,0.0,273,0.0,100.0,C-ALNS-MP,5394.62580921223,5394.62580921223,0,776514e6a972a08d3c65970387083485b63964843dbab0a59981f94120fdea23,50.0,0.0,LB,107,0,time_critical_lightweight,task_time_critical_lightweight_0,emergency,0,1,0.8302499593770897
f42d94b7a35f9f5e14c04ed4146758b88c85995349f206e13dfbc0af426c6024,0,1,uav_1,2620.0,131,1.0,conditional_truck_tc,12600.0,630,50.0,0,,-1,E6,delivered,-1,131,LB-v1-20260822,50.0,-1,54.13420366945632,100.0,C-ALNS-MP,1255.9076213524656,1255.9076213524656,1,776514e6a972a08d3c65970387083485b63964843dbab0a59981f94120fdea23,0.0,54.13420366945632,LB,107,1,time_critical_lightweight,task_time_critical_lightweight_1,emergency,1,1,0.7411016998019768
f42d94b7a35f9f5e14c04ed4146758b88c85995349f206e13dfbc0af426c6024,49,1,uav_1,1460.0,73,1.0,conditional_truck_tc,14160.0,708,50.0,0,,-1,E6,delivered,0,73,LB-v1-20260822,50.0,72,75.7228079470001,100.0,C-ALNS-MP,8978.493170966221,8978.493170966221,1,776514e6a972a08d3c65970387083485b63964843dbab0a59981f94120fdea23,0.0,75.7228079470001,LB,107,1,time_critical_lightweight,task_time_critical_lightweight_2,emergency,0,1,0.7545769185202815
f42d94b7a35f9f5e14c04ed4146758b88c85995349f206e13dfbc0af426c6024,96,0,None,-1.0,-1,0.0,conditional_truck_tc,14760.0,738,50.0,1,lifeline_zero,285,E6,failed,0,-1,LB-v1-20260822,0.0,213,0.0,100.0,C-ALNS-MP,9241.05280832803,9241.05280832803,0,776514e6a972a08d3c65970387083485b63964843dbab0a59981f94120fdea23,50.0,0.0,LB,107,0,time_critical_lightweight,task_time_critical_lightweight_3,emergency,0,1,0.8390694278116883
f42d94b7a35f9f5e14c04ed4146758b88c85995349f206e13dfbc0af426c6024,32,1,truck_1,640.0,32,1.0,conditional_truck_tc,14400.0,720,50.0,0,,-1,E6,delivered,0,32,LB-v1-20260822,50.0,31,88.62248267626076,100.0,C-ALNS-MP,2739.1399798010775,2739.1399798010775,1,776514e6a972a08d3c65970387083485b63964843dbab0a59981f94120fdea23,0.0,88.62248267626076,LB,107,1,time_critical_lightweight,task_time_critical_lightweight_4,emergency,0,1,0.8046278717993235
f42d94b7a35f9f5e14c04ed4146758b88c85995349f206e13dfbc0af426c6024,55,1,uav_3,2540.0,127,1.0,conditional_truck_tc,15000.0,750,50.0,0,,-1,E6,delivered,0,127,LB-v1-20260822,50.0,126,51.62762240654309,100.0,C-ALNS-MP,3797.4401881228073,3797.4401881228073,1,776514e6a972a08d3c65970387083485b63964843dbab0a59981f94120fdea23,0.0,51.62762240654309,LB,107,1,time_critical_lightweight,task_time_critical_lightweight_5,emergency,0,1,0.90085693700648
f42d94b7a35f9f5e14c04ed4146758b88c85995349f206e13dfbc0af426c6024,120,1,uav_3,4040.0,202,1.0,conditional_truck_tc,15600.0,780,50.0,0,,-1,E6,delivered,0,202,LB-v1-20260822,50.0,201,28.43978470191326,100.0,C-ALNS-MP,5747.812352952764,5747.812352952764,1,776514e6a972a08d3c65970387083485b63964843dbab0a59981f94120fdea23,0.0,28.43978470191326,LB,107,1,time_critical_lightweight,task_time_critical_lightweight_6,emergency,0,1,0.7731538051901221
f42d94b7a35f9f5e14c04ed4146758b88c85995349f206e13dfbc0af426c6024,116,1,uav_3,3500.0,175,1.0,conditional_truck_tc,17160.0,858,50.0,0,,-1,E6,delivered,0,175,LB-v1-20260822,50.0,174,36.764411787477684,100.0,C-ALNS-MP,9338.434762348648,9338.434762348648,1,776514e6a972a08d3c65970387083485b63964843dbab0a59981f94120fdea23,0.0,36.764411787477684,LB,107,1,time_critical_lightweight,task_time_critical_lightweight_7,emergency,0,1,0.8164838175840352
f42d94b7a35f9f5e14c04ed4146758b88c85995349f206e13dfbc0af426c6024,61,1,uav_1,2180.0,109,1.0,conditional_truck_tc,16800.0,840,50.0,0,,-1,E6,delivered,36,109,LB-v1-20260822,50.0,108,56.52555024571175,100.0,C-ALNS-MP,4433.27498858184,4433.27498858184,1,776514e6a972a08d3c65970387083485b63964843dbab0a59981f94120fdea23,0.0,56.52555024571175,LB,107,1,time_critical_lightweight,task_time_critical_lightweight_8,emergency,0,1,0.969115762600605
f42d94b7a35f9f5e14c04ed4146758b88c85995349f206e13dfbc0af426c6024,51,1,uav_1,2720.0,136,1.0,conditional_truck_tc,17400.0,870,50.0,0,,-1,E6,delivered,57,136,LB-v1-20260822,50.0,119,44.263043743891224,100.0,C-ALNS-MP,1706.9408225484358,1706.9408225484358,1,776514e6a972a08d3c65970387083485b63964843dbab0a59981f94120fdea23,0.0,44.263043743891224,LB,107,1,time_critical_lightweight,task_time_critical_lightweight_9,emergency,0,1,0.9597035886893125
f42d94b7a35f9f5e14c04ed4146758b88c85995349f206e13dfbc0af426c6024,12,1,truck_2,1200.0,60,1.0,conditional_truck_tc,18000.0,900,50.0,0,,-1,E6,delivered,48,60,LB-v1-20260822,50.0,59,78.02642375145214,100.0,C-ALNS-MP,3763.818128189182,3763.818128189182,1,776514e6a972a08d3c65970387083485b63964843dbab0a59981f94120fdea23,0.0,78.02642375145214,LB,107,1,time_critical_lightweight,task_time_critical_lightweight_10,emergency,0,1,0.8653418966582734
f42d94b7a35f9f5e14c04ed4146758b88c85995349f206e13dfbc0af426c6024,9,1,uav_3,1140.0,57,1.0,conditional_truck_tc,18600.0,930,50.0,0,,-1,E6,delivered,48,57,LB-v1-20260822,50.0,56,77.65129627583855,100.0,C-ALNS-MP,5710.389558214626,5710.389558214626,1,776514e6a972a08d3c65970387083485b63964843dbab0a59981f94120fdea23,0.0,77.65129627583855,LB,107,1,time_critical_lightweight,task_time_critical_lightweight_11,emergency,0,1,0.961564265025886
f42d94b7a35f9f5e14c04ed4146758b88c85995349f206e13dfbc0af426c6024,36,1,truck_2,740.0,37,1.0,conditional_truck_tc,19200.0,960,800.0,0,,-1,E6,delivered,0,37,LB-v1-20260822,800.0,35,96.54777720445192,100.0,C-ALNS-MP,3049.050045046094,3049.050045046094,1,fcefbc9abfc66bd7f8a81917f0e29d62e4cdd17ebc8eaf60f04f71086ccb5643,0.0,96.54777720445192,LB,106,1,routine_bulk,task_routine_bulk_0,normal,1,0,0.3041748807187687
f42d94b7a35f9f5e14c04ed4146758b88c85995349f206e13dfbc0af426c6024,225,1,truck_0,6660.0,333,1.0,conditional_truck_tc,20400.0,1020,800.0,0,,-1,E6,delivered,96,333,LB-v1-20260822,800.0,332,74.12001156964446,100.0,C-ALNS-MP,11755.03202291802,11755.03202291802,1,fcefbc9abfc66bd7f8a81917f0e29d62e4cdd17ebc8eaf60f04f71086ccb5643,0.0,74.12001156964446,LB,106,1,routine_bulk,task_routine_bulk_1,normal,1,0,0.23717705835687986
f42d94b7a35f9f5e14c04ed4146758b88c85995349f206e13dfbc0af426c6024,48,0,None,-1.0,-1,0.0,conditional_truck_tc,21600.0,1080,800.0,1,deadline_exceeded,1081,E6,failed,12,-1,LB-v1-20260822,0.0,214,20.801206276397178,100.0,C-ALNS-MP,7762.225913505712,7762.225913505712,0,fcefbc9abfc66bd7f8a81917f0e29d62e4cdd17ebc8eaf60f04f71086ccb5643,800.0,0.0,LB,106,0,routine_bulk,task_routine_bulk_2,normal,1,0,0.20180158138940132
f42d94b7a35f9f5e14c04ed4146758b88c85995349f206e13dfbc0af426c6024,60,1,truck_2,2000.0,100,1.0,conditional_truck_tc,22800.0,1140,800.0,0,,-1,E6,delivered,36,100,LB-v1-20260822,800.0,95,90.11839194586439,100.0,C-ALNS-MP,7568.718729445891,7568.718729445891,1,fcefbc9abfc66bd7f8a81917f0e29d62e4cdd17ebc8eaf60f04f71086ccb5643,0.0,90.11839194586439,LB,106,1,routine_bulk,task_routine_bulk_3,normal,1,0,0.3703078937759816
f42d94b7a35f9f5e14c04ed4146758b88c85995349f206e13dfbc0af426c6024,101,1,truck_0,2260.0,113,1.0,conditional_truck_tc,24000.0,1200,800.0,0,,-1,E6,delivered,12,113,LB-v1-20260822,800.0,112,90.84779312396971,100.0,C-ALNS-MP,7346.585050938757,7346.585050938757,1,fcefbc9abfc66bd7f8a81917f0e29d62e4cdd17ebc8eaf60f04f71086ccb5643,0.0,90.84779312396971,LB,106,1,routine_bulk,task_routine_bulk_4,normal,1,0,0.25635863431386674
f42d94b7a35f9f5e14c04ed4146758b88c85995349f206e13dfbc0af426c6024,9,1,truck_0,180.0,9,1.0,conditional_truck_tc,25200.0,1260,800.0,0,,-1,E6,delivered,0,9,LB-v1-20260822,800.0,8,98.94528326534876,100.0,C-ALNS-MP,321.7564136050573,321.7564136050573,1,fcefbc9abfc66bd7f8a81917f0e29d62e4cdd17ebc8eaf60f04f71086ccb5643,0.0,98.94528326534876,LB,106,1,routine_bulk,task_routine_bulk_5,normal,1,0,0.5920820278261801
f42d94b7a35f9f5e14c04ed4146758b88c85995349f206e13dfbc0af426c6024,12,1,truck_1,280.0,14,1.0,conditional_truck_tc,26400.0,1320,800.0,0,,-1,E6,delivered,0,14,LB-v1-20260822,800.0,11,98.72376561355583,100.0,C-ALNS-MP,741.1163378438463,741.1163378438463,1,fcefbc9abfc66bd7f8a81917f0e29d62e4cdd17ebc8eaf60f04f71086ccb5643,0.0,98.72376561355583,LB,106,1,routine_bulk,task_routine_bulk_6,normal,1,0,0.3294775831790963
f42d94b7a35f9f5e14c04ed4146758b88c85995349f206e13dfbc0af426c6024,203,0,None,-1.0,-1,0.0,conditional_truck_tc,27600.0,1380,800.0,1,lifeline_zero,947,E6,failed,0,-1,LB-v1-20260822,0.0,202,0.0,100.0,C-ALNS-MP,4309.209615779867,4309.209615779867,0,fcefbc9abfc66bd7f8a81917f0e29d62e4cdd17ebc8eaf60f04f71086ccb5643,800.0,0.0,LB,106,0,routine_bulk,task_routine_bulk_7,normal,1,0,0.5555376124004635
f42d94b7a35f9f5e14c04ed4146758b88c85995349f206e13dfbc0af426c6024,18,1,uav_0,3100.0,155,1.0,conditional_truck_tc,12000.0,600,50.0,0,,-1,E6,delivered,113,155,LB-v1-20260822,50.0,154,46.9498046535011,100.0,C-ALNS-MP,11354.674767540788,11354.674767540788,1,fcefbc9abfc66bd7f8a81917f0e29d62e4cdd17ebc8eaf60f04f71086ccb5643,0.0,46.9498046535011,LB,106,1,time_critical_lightweight,task_time_critical_lightweight_0,emergency,0,1,0.774646165207239
f42d94b7a35f9f5e14c04ed4146758b88c85995349f206e13dfbc0af426c6024,0,1,truck_2,2260.0,113,1.0,conditional_truck_tc,12600.0,630,50.0,0,,-1,E6,delivered,-1,113,LB-v1-20260822,50.0,-1,57.42176272621048,100.0,C-ALNS-MP,7230.961196434538,7230.961196434538,1,fcefbc9abfc66bd7f8a81917f0e29d62e4cdd17ebc8eaf60f04f71086ccb5643,0.0,57.42176272621048,LB,106,1,time_critical_lightweight,task_time_critical_lightweight_1,emergency,0,1,0.7809525578988008
f42d94b7a35f9f5e14c04ed4146758b88c85995349f206e13dfbc0af426c6024,192,0,None,-1.0,-1,0.0,conditional_truck_tc,13200.0,660,50.0,1,lifeline_zero,264,E6,failed,0,-1,LB-v1-20260822,0.0,238,0.0,100.0,C-ALNS-MP,9555.659530191586,9555.659530191586,0,fcefbc9abfc66bd7f8a81917f0e29d62e4cdd17ebc8eaf60f04f71086ccb5643,50.0,0.0,LB,106,0,time_critical_lightweight,task_time_critical_lightweight_2,emergency,0,1,0.9049880278821211
f42d94b7a35f9f5e14c04ed4146758b88c85995349f206e13dfbc0af426c6024,60,0,None,-1.0,-1,0.0,conditional_truck_tc,13800.0,690,50.0,1,lifeline_zero,267,E6,failed,0,-1,LB-v1-20260822,0.0,59,0.0,100.0,C-ALNS-MP,2616.5347358552845,2616.5347358552845,0,fcefbc9abfc66bd7f8a81917f0e29d62e4cdd17ebc8eaf60f04f71086ccb5643,50.0,0.0,LB,106,0,time_critical_lightweight,task_time_critical_lightweight_3,emergency,0,1,0.7465918500496874
f42d94b7a35f9f5e14c04ed4146758b88c85995349f206e13dfbc0af426c6024,54,1,uav_2,1080.0,54,1.0,conditional_truck_tc,14400.0,720,50.0,0,,-1,E6,delivered,0,54,LB-v1-20260822,50.0,53,78.3307423942028,100.0,C-ALNS-MP,4481.754838637108,4481.754838637108,1,fcefbc9abfc66bd7f8a81917f0e29d62e4cdd17ebc8eaf60f04f71086ccb5643,0.0,78.3307423942028,LB,106,1,time_critical_lightweight,task_time_critical_lightweight_4,emergency,0,1,0.7312565824232282
f42d94b7a35f9f5e14c04ed4146758b88c85995349f206e13dfbc0af426c6024,123,1,uav_0,2700.0,135,1.0,conditional_truck_tc,15000.0,750,50.0,0,,-1,E6,delivered,0,135,LB-v1-20260822,50.0,134,47.28193430808972,100.0,C-ALNS-MP,9318.293364685915,9318.293364685915,1,fcefbc9abfc66bd7f8a81917f0e29d62e4cdd17ebc8eaf60f04f71086ccb5643,0.0,47.28193430808972,LB,106,1,time_critical_lightweight,task_time_critical_lightweight_5,emergency,0,1,0.9426048541447214
f42d94b7a35f9f5e14c04ed4146758b88c85995349f206e13dfbc0af426c6024,126,1,uav_2,3480.0,174,1.0,conditional_truck_tc,15600.0,780,50.0,0,,-1,E6,delivered,0,174,LB-v1-20260822,50.0,173,34.185481880517706,100.0,C-ALNS-MP,8013.192717317415,8013.192717317415,1,fcefbc9abfc66bd7f8a81917f0e29d62e4cdd17ebc8eaf60f04f71086ccb5643,0.0,34.185481880517706,LB,106,1,time_critical_lightweight,task_time_critical_lightweight_6,emergency,0,1,0.8110072138332803
f42d94b7a35f9f5e14c04ed4146758b88c85995349f206e13dfbc0af426c6024,124,0,None,-1.0,-1,0.0,conditional_truck_tc,17160.0,858,50.0,1,lifeline_zero,232,E6,failed,0,-1,LB-v1-20260822,0.0,231,0.0,100.0,C-ALNS-MP,13599.829777370682,13599.829777370682,0,fcefbc9abfc66bd7f8a81917f0e29d62e4cdd17ebc8eaf60f04f71086ccb5643,50.0,0.0,LB,106,0,time_critical_lightweight,task_time_critical_lightweight_7,emergency,0,1,0.8975879731334194
f42d94b7a35f9f5e14c04ed4146758b88c85995349f206e13dfbc0af426c6024,36,1,uav_4,4060.0,203,1.0,conditional_truck_tc,16800.0,840,50.0,0,,-1,E6,delivered,155,203,LB-v1-20260822,50.0,202,19.527911837480225,100.0,C-ALNS-MP,9583.174302716527,9583.174302716527,1,fcefbc9abfc66bd7f8a81917f0e29d62e4cdd17ebc8eaf60f04f71086ccb5643,0.0,19.527911837480225,LB,106,1,time_critical_lightweight,task_time_critical_lightweight_8,emergency,0,1,0.9606920144075497
f42d94b7a35f9f5e14c04ed4146758b88c85995349f206e13dfbc0af426c6024,72,0,None,-1.0,-1,0.0,conditional_truck_tc,18360.0,918,50.0,1,lifeline_zero,285,E6,failed,179,-1,LB-v1-20260822,0.0,274,0.0,100.0,C-ALNS-MP,11419.695818305287,11419.695818305287,0,fcefbc9abfc66bd7f8a81917f0e29d62e4cdd17ebc8eaf60f04f71086ccb5643,50.0,0.0,LB,106,0,time_critical_lightweight,task_time_critical_lightweight_9,emergency,0,1,0.7350690289126702
f42d94b7a35f9f5e14c04ed4146758b88c85995349f206e13dfbc0af426c6024,12,1,uav_0,3820.0,191,1.0,conditional_truck_tc,18960.0,948,50.0,0,,-1,E6,delivered,179,191,LB-v1-20260822,50.0,190,31.833076986259172,100.0,C-ALNS-MP,9944.256660494088,9944.256660494088,1,fcefbc9abfc66bd7f8a81917f0e29d62e4cdd17ebc8eaf60f04f71086ccb5643,0.0,31.833076986259172,LB,106,1,time_critical_lightweight,task_time_critical_lightweight_10,emergency,0,1,0.8116832852154032
f42d94b7a35f9f5e14c04ed4146758b88c85995349f206e13dfbc0af426c6024,109,1,uav_2,5040.0,252,1.0,conditional_truck_tc,18600.0,930,50.0,0,,-1,E6,delivered,48,252,LB-v1-20260822,50.0,251,8.56133478320137,100.0,C-ALNS-MP,9249.538160907647,9249.538160907647,1,fcefbc9abfc66bd7f8a81917f0e29d62e4cdd17ebc8eaf60f04f71086ccb5643,0.0,8.56133478320137,LB,106,1,time_critical_lightweight,task_time_critical_lightweight_11,emergency,0,1,0.8206547515719875
f42d94b7a35f9f5e14c04ed4146758b88c85995349f206e13dfbc0af426c6024,79,0,None,-1.0,-1,0.0,conditional_truck_tc,19200.0,960,800.0,1,deadline_exceeded,961,E6,failed,112,-1,LB-v1-20260822,0.0,190,25.235682663606955,100.0,C-ALNS-MP,10438.47474817182,10438.47474817182,0,6a6997fca3571b7a21f743448c2dadada5c04f465490a3e5bbf9bc4a92067dab,800.0,0.0,LB,109,0,routine_bulk,task_routine_bulk_0,normal,1,0,0.24372892426675105
f42d94b7a35f9f5e14c04ed4146758b88c85995349f206e13dfbc0af426c6024,112,1,truck_2,2240.0,112,1.0,conditional_truck_tc,20400.0,1020,800.0,0,,-1,E6,delivered,0,112,LB-v1-20260822,800.0,111,88.53805226212803,100.0,C-ALNS-MP,7520.043271903724,7520.043271903724,1,6a6997fca3571b7a21f743448c2dadada5c04f465490a3e5bbf9bc4a92067dab,0.0,88.53805226212803,LB,109,1,routine_bulk,task_routine_bulk_1,normal,1,0,0.5054521103748251
f42d94b7a35f9f5e14c04ed4146758b88c85995349f206e13dfbc0af426c6024,131,1,truck_1,2660.0,133,1.0,conditional_truck_tc,21600.0,1080,800.0,0,,-1,E6,delivered,0,133,LB-v1-20260822,800.0,130,89.82615304147578,100.0,C-ALNS-MP,5862.2526887266995,5862.2526887266995,1,6a6997fca3571b7a21f743448c2dadada5c04f465490a3e5bbf9bc4a92067dab,0.0,89.82615304147578,LB,109,1,routine_bulk,task_routine_bulk_2,normal,1,0,0.22819223062131908
f42d94b7a35f9f5e14c04ed4146758b88c85995349f206e13dfbc0af426c6024,96,0,None,-1.0,-1,0.0,conditional_truck_tc,22800.0,1140,800.0,1,lifeline_zero,902,E6,failed,47,-1,LB-v1-20260822,0.0,214,0.0,100.0,C-ALNS-MP,9233.836204566593,9233.836204566593,0,6a6997fca3571b7a21f743448c2dadada5c04f465490a3e5bbf9bc4a92067dab,800.0,0.0,LB,109,0,routine_bulk,task_routine_bulk_3,normal,1,0,0.5591597629199856
f42d94b7a35f9f5e14c04ed4146758b88c85995349f206e13dfbc0af426c6024,57,1,truck_1,5440.0,272,1.0,conditional_truck_tc,24000.0,1200,800.0,0,,-1,E6,delivered,215,272,LB-v1-20260822,800.0,271,71.82838544053565,100.0,C-ALNS-MP,12264.704525287152,12264.704525287152,1,6a6997fca3571b7a21f743448c2dadada5c04f465490a3e5bbf9bc4a92067dab,0.0,71.82838544053565,LB,109,1,routine_bulk,task_routine_bulk_4,normal,1,0,0.5182976821364798
f42d94b7a35f9f5e14c04ed4146758b88c85995349f206e13dfbc0af426c6024,42,1,truck_0,840.0,42,1.0,conditional_truck_tc,25200.0,1260,800.0,0,,-1,E6,delivered,0,42,LB-v1-20260822,800.0,41,96.5977396463866,100.0,C-ALNS-MP,3180.3161628672265,3180.3161628672265,1,6a6997fca3571b7a21f743448c2dadada5c04f465490a3e5bbf9bc4a92067dab,0.0,96.5977396463866,LB,109,1,routine_bulk,task_routine_bulk_5,normal,1,0,0.27498948731286477
f42d94b7a35f9f5e14c04ed4146758b88c85995349f206e13dfbc0af426c6024,864,0,None,-1.0,-1,0.0,conditional_truck_tc,26400.0,1320,800.0,1,lifeline_zero,1089,E6,failed,0,-1,LB-v1-20260822,0.0,1088,0.0,100.0,C-ALNS-MP,7638.021133490483,7638.021133490483,0,6a6997fca3571b7a21f743448c2dadada5c04f465490a3e5bbf9bc4a92067dab,800.0,0.0,LB,109,0,routine_bulk,task_routine_bulk_6,normal,1,0,0.35938088605341784
f42d94b7a35f9f5e14c04ed4146758b88c85995349f206e13dfbc0af426c6024,129,1,truck_1,4000.0,200,1.0,conditional_truck_tc,27600.0,1380,800.0,0,,-1,E6,delivered,47,200,LB-v1-20260822,800.0,199,81.43905740487162,100.0,C-ALNS-MP,8669.41558612628,8669.41558612628,1,6a6997fca3571b7a21f743448c2dadada5c04f465490a3e5bbf9bc4a92067dab,0.0,81.43905740487162,LB,109,1,routine_bulk,task_routine_bulk_7,normal,1,0,0.4023390026781324
f42d94b7a35f9f5e14c04ed4146758b88c85995349f206e13dfbc0af426c6024,10,1,uav_5,1620.0,81,1.0,conditional_truck_tc,12000.0,600,50.0,0,,-1,E6,delivered,71,81,LB-v1-20260822,50.0,80,67.32975017576415,100.0,C-ALNS-MP,1577.2702063913625,1577.2702063913625,1,6a6997fca3571b7a21f743448c2dadada5c04f465490a3e5bbf9bc4a92067dab,0.0,67.32975017576415,LB,109,1,time_critical_lightweight,task_time_critical_lightweight_0,emergency,0,1,0.9897379983613447
f42d94b7a35f9f5e14c04ed4146758b88c85995349f206e13dfbc0af426c6024,112,0,None,-1.0,-1,0.0,conditional_truck_tc,12600.0,630,50.0,1,lifeline_zero,279,E6,failed,167,-1,LB-v1-20260822,0.0,278,0.0,100.0,C-ALNS-MP,5275.816914731613,5275.816914731613,0,6a6997fca3571b7a21f743448c2dadada5c04f465490a3e5bbf9bc4a92067dab,50.0,0.0,LB,109,0,time_critical_lightweight,task_time_critical_lightweight_1,emergency,0,1,0.706236225687008
f42d94b7a35f9f5e14c04ed4146758b88c85995349f206e13dfbc0af426c6024,47,1,uav_0,1460.0,73,1.0,conditional_truck_tc,14160.0,708,50.0,0,,-1,E6,delivered,0,73,LB-v1-20260822,50.0,70,75.22116626233931,100.0,C-ALNS-MP,7167.574303002123,7167.574303002123,1,6a6997fca3571b7a21f743448c2dadada5c04f465490a3e5bbf9bc4a92067dab,0.0,75.22116626233931,LB,109,1,time_critical_lightweight,task_time_critical_lightweight_2,emergency,0,1,0.7651739864753156
f42d94b7a35f9f5e14c04ed4146758b88c85995349f206e13dfbc0af426c6024,56,1,truck_3,1120.0,56,1.0,conditional_truck_tc,13800.0,690,50.0,0,,-1,E6,delivered,0,56,LB-v1-20260822,50.0,55,79.17741176726858,100.0,C-ALNS-MP,4619.729192645459,4619.729192645459,1,6a6997fca3571b7a21f743448c2dadada5c04f465490a3e5bbf9bc4a92067dab,0.0,79.17741176726858,LB,109,1,time_critical_lightweight,task_time_critical_lightweight_3,emergency,0,1,0.8801124407111246
f42d94b7a35f9f5e14c04ed4146758b88c85995349f206e13dfbc0af426c6024,82,1,truck_1,2360.0,118,1.0,conditional_truck_tc,14400.0,720,50.0,0,,-1,E6,delivered,0,118,LB-v1-20260822,50.0,117,56.85289423529947,100.0,C-ALNS-MP,6105.193827786443,6105.193827786443,1,6a6997fca3571b7a21f743448c2dadada5c04f465490a3e5bbf9bc4a92067dab,0.0,56.85289423529947,LB,109,1,time_critical_lightweight,task_time_critical_lightweight_4,emergency,0,1,0.8306203940527022
f42d94b7a35f9f5e14c04ed4146758b88c85995349f206e13dfbc0af426c6024,121,1,uav_0,2900.0,145,1.0,conditional_truck_tc,15000.0,750,50.0,0,,-1,E6,delivered,0,145,LB-v1-20260822,50.0,144,48.508261270851555,100.0,C-ALNS-MP,6540.461456185408,6540.461456185408,1,6a6997fca3571b7a21f743448c2dadada5c04f465490a3e5bbf9bc4a92067dab,0.0,48.508261270851555,LB,109,1,time_critical_lightweight,task_time_critical_lightweight_5,emergency,0,1,0.7964834075936699
f42d94b7a35f9f5e14c04ed4146758b88c85995349f206e13dfbc0af426c6024,103,1,uav_0,2060.0,103,1.0,conditional_truck_tc,15600.0,780,50.0,0,,-1,E6,delivered,0,103,LB-v1-20260822,50.0,102,64.89131094964671,100.0,C-ALNS-MP,3351.9343996195735,3351.9343996195735,1,6a6997fca3571b7a21f743448c2dadada5c04f465490a3e5bbf9bc4a92067dab,0.0,64.89131094964671,LB,109,1,time_critical_lightweight,task_time_critical_lightweight_6,emergency,0,1,0.7422776363571023
f42d94b7a35f9f5e14c04ed4146758b88c85995349f206e13dfbc0af426c6024,107,0,None,-1.0,-1,0.0,conditional_truck_tc,17160.0,858,50.0,1,lifeline_zero,265,E6,failed,0,-1,LB-v1-20260822,0.0,166,0.0,100.0,C-ALNS-MP,13138.274295739013,13138.274295739013,0,6a6997fca3571b7a21f743448c2dadada5c04f465490a3e5bbf9bc4a92067dab,50.0,0.0,LB,109,0,time_critical_lightweight,task_time_critical_lightweight_7,emergency,0,1,0.9318751313700842
f42d94b7a35f9f5e14c04ed4146758b88c85995349f206e13dfbc0af426c6024,40,1,uav_4,1680.0,84,1.0,conditional_truck_tc,16800.0,840,50.0,0,,-1,E6,delivered,35,84,LB-v1-20260822,50.0,83,68.16363870955111,100.0,C-ALNS-MP,11519.668044062157,11519.668044062157,1,6a6997fca3571b7a21f743448c2dadada5c04f465490a3e5bbf9bc4a92067dab,0.0,68.16363870955111,LB,109,1,time_critical_lightweight,task_time_critical_lightweight_8,emergency,0,1,0.923149714829651
f42d94b7a35f9f5e14c04ed4146758b88c85995349f206e13dfbc0af426c6024,60,1,uav_1,2460.0,123,1.0,conditional_truck_tc,18360.0,918,50.0,0,,-1,E6,delivered,47,123,LB-v1-20260822,50.0,118,53.508732724928,100.0,C-ALNS-MP,11888.945353220079,11888.945353220079,1,6a6997fca3571b7a21f743448c2dadada5c04f465490a3e5bbf9bc4a92067dab,0.0,53.508732724928,LB,109,1,time_critical_lightweight,task_time_critical_lightweight_9,emergency,0,1,0.9021797238988898
f42d94b7a35f9f5e14c04ed4146758b88c85995349f206e13dfbc0af426c6024,0,1,uav_1,1700.0,85,1.0,conditional_truck_tc,18000.0,900,50.0,0,,-1,E6,delivered,-1,85,LB-v1-20260822,50.0,-1,70.33857504616749,100.0,C-ALNS-MP,7732.639919099127,7732.639919099127,1,6a6997fca3571b7a21f743448c2dadada5c04f465490a3e5bbf9bc4a92067dab,0.0,70.33857504616749,LB,109,1,time_critical_lightweight,task_time_critical_lightweight_10,emergency,0,1,0.7471077952711116
f42d94b7a35f9f5e14c04ed4146758b88c85995349f206e13dfbc0af426c6024,0,1,uav_4,700.0,35,1.0,conditional_truck_tc,18600.0,930,50.0,0,,-1,E6,delivered,-1,35,LB-v1-20260822,50.0,-1,85.94251765303937,100.0,C-ALNS-MP,3412.6611524252316,3412.6611524252316,1,6a6997fca3571b7a21f743448c2dadada5c04f465490a3e5bbf9bc4a92067dab,0.0,85.94251765303937,LB,109,1,time_critical_lightweight,task_time_critical_lightweight_11,emergency,0,1,0.9989661728188876
f42d94b7a35f9f5e14c04ed4146758b88c85995349f206e13dfbc0af426c6024,43,1,truck_0,860.0,43,1.0,conditional_truck_tc,19200.0,960,800.0,0,,-1,E6,delivered,0,43,LB-v1-20260822,800.0,42,95.10407731926675,100.0,C-ALNS-MP,2859.966141595017,2859.966141595017,1,7e532ee3b4456b7689ed3fe0d83024b0ff20f066b0dd0af8d48950b7b0df61f3,0.0,95.10407731926675,LB,108,1,routine_bulk,task_routine_bulk_0,normal,1,0,0.5609855287075038
f42d94b7a35f9f5e14c04ed4146758b88c85995349f206e13dfbc0af426c6024,71,1,truck_3,1460.0,73,1.0,conditional_truck_tc,20400.0,1020,800.0,0,,-1,E6,delivered,0,73,LB-v1-20260822,800.0,70,92.06973452021485,100.0,C-ALNS-MP,5637.344423392569,5637.344423392569,1,7e532ee3b4456b7689ed3fe0d83024b0ff20f066b0dd0af8d48950b7b0df61f3,0.0,92.06973452021485,LB,108,1,routine_bulk,task_routine_bulk_1,normal,1,0,0.501236365885313
f42d94b7a35f9f5e14c04ed4146758b88c85995349f206e13dfbc0af426c6024,153,1,truck_1,4000.0,200,1.0,conditional_truck_tc,21600.0,1080,800.0,0,,-1,E6,delivered,47,200,LB-v1-20260822,800.0,199,78.05851258912467,100.0,C-ALNS-MP,9942.057192264663,9942.057192264663,1,7e532ee3b4456b7689ed3fe0d83024b0ff20f066b0dd0af8d48950b7b0df61f3,0.0,78.05851258912467,LB,108,1,routine_bulk,task_routine_bulk_2,normal,1,0,0.5555026708663071
f42d94b7a35f9f5e14c04ed4146758b88c85995349f206e13dfbc0af426c6024,47,1,truck_2,1020.0,51,1.0,conditional_truck_tc,22800.0,1140,800.0,0,,-1,E6,delivered,0,51,LB-v1-20260822,800.0,46,95.56548672714192,100.0,C-ALNS-MP,4666.121541604554,4666.121541604554,1,7e532ee3b4456b7689ed3fe0d83024b0ff20f066b0dd0af8d48950b7b0df61f3,0.0,95.56548672714192,LB,108,1,routine_bulk,task_routine_bulk_3,normal,1,0,0.3185650985937015
f42d94b7a35f9f5e14c04ed4146758b88c85995349f206e13dfbc0af426c6024,108,1,truck_3,3820.0,191,1.0,conditional_truck_tc,24000.0,1200,800.0,0,,-1,E6,delivered,71,191,LB-v1-20260822,800.0,190,82.71924376932166,100.0,C-ALNS-MP,6781.35066497251,6781.35066497251,1,7e532ee3b4456b7689ed3fe0d83024b0ff20f066b0dd0af8d48950b7b0df61f3,0.0,82.71924376932166,LB,108,1,routine_bulk,task_routine_bulk_4,normal,1,0,0.34064574335616304
f42d94b7a35f9f5e14c04ed4146758b88c85995349f206e13dfbc0af426c6024,57,1,truck_1,1140.0,57,1.0,conditional_truck_tc,25200.0,1260,800.0,0,,-1,E6,delivered,0,57,LB-v1-20260822,800.0,56,95.20410833797288,100.0,C-ALNS-MP,4155.704745337662,4155.704745337662,1,7e532ee3b4456b7689ed3fe0d83024b0ff20f066b0dd0af8d48950b7b0df61f3,0.0,95.20410833797288,LB,108,1,routine_bulk,task_routine_bulk_5,normal,1,0,0.25864485362533485
f42d94b7a35f9f5e14c04ed4146758b88c85995349f206e13dfbc0af426c6024,119,1,truck_0,3560.0,178,1.0,conditional_truck_tc,26400.0,1320,800.0,0,,-1,E6,delivered,59,178,LB-v1-20260822,800.0,177,82.7387893052854,100.0,C-ALNS-MP,10185.81922082076,10185.81922082076,1,7e532ee3b4456b7689ed3fe0d83024b0ff20f066b0dd0af8d48950b7b0df61f3,0.0,82.7387893052854,LB,108,1,routine_bulk,task_routine_bulk_6,normal,1,0,0.343202237017046
f42d94b7a35f9f5e14c04ed4146758b88c85995349f206e13dfbc0af426c6024,60,1,truck_3,2140.0,107,1.0,conditional_truck_tc,27600.0,1380,800.0,0,,-1,E6,delivered,47,107,LB-v1-20260822,800.0,106,87.29050068034827,100.0,C-ALNS-MP,7723.085120746713,7723.085120746713,1,7e532ee3b4456b7689ed3fe0d83024b0ff20f066b0dd0af8d48950b7b0df61f3,0.0,87.29050068034827,LB,108,1,routine_bulk,task_routine_bulk_7,normal,1,0,0.5744015331175518
f42d94b7a35f9f5e14c04ed4146758b88c85995349f206e13dfbc0af426c6024,16,0,None,-1.0,-1,0.0,conditional_truck_tc,12000.0,600,50.0,1,lifeline_zero,290,E6,failed,43,-1,LB-v1-20260822,0.0,130,0.0,100.0,C-ALNS-MP,6586.287052661501,6586.287052661501,0,7e532ee3b4456b7689ed3fe0d83024b0ff20f066b0dd0af8d48950b7b0df61f3,50.0,0.0,LB,108,0,time_critical_lightweight,task_time_critical_lightweight_0,emergency,0,1,0.7335914098601112
f42d94b7a35f9f5e14c04ed4146758b88c85995349f206e13dfbc0af426c6024,36,1,uav_3,3580.0,179,1.0,conditional_truck_tc,12600.0,630,50.0,0,,-1,E6,delivered,131,179,LB-v1-20260822,50.0,178,28.445993143401772,100.0,C-ALNS-MP,7574.794648674728,7574.794648674728,1,7e532ee3b4456b7689ed3fe0d83024b0ff20f066b0dd0af8d48950b7b0df61f3,0.0,28.445993143401772,LB,108,1,time_critical_lightweight,task_time_critical_lightweight_1,emergency,0,1,0.8868543307242109
f42d94b7a35f9f5e14c04ed4146758b88c85995349f206e13dfbc0af426c6024,96,0,None,-1.0,-1,0.0,conditional_truck_tc,14160.0,708,50.0,1,lifeline_zero,240,E6,failed,0,-1,LB-v1-20260822,0.0,239,0.0,100.0,C-ALNS-MP,11991.929167998902,11991.929167998902,0,7e532ee3b4456b7689ed3fe0d83024b0ff20f066b0dd0af8d48950b7b0df61f3,50.0,0.0,LB,108,0,time_critical_lightweight,task_time_critical_lightweight_2,emergency,0,1,0.8622104462015817
f42d94b7a35f9f5e14c04ed4146758b88c85995349f206e13dfbc0af426c6024,131,0,None,-1.0,-1,0.0,conditional_truck_tc,13800.0,690,50.0,1,lifeline_zero,239,E6,failed,0,-1,LB-v1-20260822,0.0,238,0.0,100.0,C-ALNS-MP,14817.022911695385,14817.022911695385,0,7e532ee3b4456b7689ed3fe0d83024b0ff20f066b0dd0af8d48950b7b0df61f3,50.0,0.0,LB,108,0,time_critical_lightweight,task_time_critical_lightweight_3,emergency,0,1,0.8776064072695569
f42d94b7a35f9f5e14c04ed4146758b88c85995349f206e13dfbc0af426c6024,83,1,truck_2,1700.0,85,1.0,conditional_truck_tc,14400.0,720,50.0,0,,-1,E6,delivered,0,85,LB-v1-20260822,50.0,82,64.68238982114642,100.0,C-ALNS-MP,4754.029733786183,4754.029733786183,1,7e532ee3b4456b7689ed3fe0d83024b0ff20f066b0dd0af8d48950b7b0df61f3,0.0,64.68238982114642,LB,108,1,time_critical_lightweight,task_time_critical_lightweight_4,emergency,0,1,0.9812414865193095
f42d94b7a35f9f5e14c04ed4146758b88c85995349f206e13dfbc0af426c6024,245,1,uav_2,5620.0,281,1.0,conditional_truck_tc,15960.0,798,50.0,0,,-1,E6,delivered,0,281,LB-v1-20260822,50.0,280,5.0811306514510814,100.0,C-ALNS-MP,5403.282100579913,5403.282100579913,1,7e532ee3b4456b7689ed3fe0d83024b0ff20f066b0dd0af8d48950b7b0df61f3,0.0,5.0811306514510814,LB,108,1,time_critical_lightweight,task_time_critical_lightweight_5,emergency,0,1,0.7361653400527843
f42d94b7a35f9f5e14c04ed4146758b88c85995349f206e13dfbc0af426c6024,71,1,truck_1,1420.0,71,1.0,conditional_truck_tc,15600.0,780,50.0,0,,-1,E6,delivered,0,71,LB-v1-20260822,50.0,70,72.62988715031706,100.0,C-ALNS-MP,3513.9142900961356,3513.9142900961356,1,7e532ee3b4456b7689ed3fe0d83024b0ff20f066b0dd0af8d48950b7b0df61f3,0.0,72.62988715031706,LB,108,1,time_critical_lightweight,task_time_critical_lightweight_6,emergency,0,1,0.8281854223501783
f42d94b7a35f9f5e14c04ed4146758b88c85995349f206e13dfbc0af426c6024,143,1,truck_3,2880.0,144,1.0,conditional_truck_tc,16200.0,810,50.0,0,,-1,E6,delivered,0,144,LB-v1-20260822,50.0,142,38.06722845224534,100.0,C-ALNS-MP,7067.058621787813,7067.058621787813,1,7e532ee3b4456b7689ed3fe0d83024b0ff20f066b0dd0af8d48950b7b0df61f3,0.0,38.06722845224534,LB,108,1,time_critical_lightweight,task_time_critical_lightweight_7,emergency,0,1,0.9473833365764368
f42d94b7a35f9f5e14c04ed4146758b88c85995349f206e13dfbc0af426c6024,211,0,None,-1.0,-1,0.0,conditional_truck_tc,17760.0,888,50.0,1,lifeline_zero,282,E6,failed,59,-1,LB-v1-20260822,0.0,281,0.0,100.0,C-ALNS-MP,5522.774919186775,5522.774919186775,0,7e532ee3b4456b7689ed3fe0d83024b0ff20f066b0dd0af8d48950b7b0df61f3,50.0,0.0,LB,108,0,time_critical_lightweight,task_time_critical_lightweight_8,emergency,0,1,0.7862908118294443
f42d94b7a35f9f5e14c04ed4146758b88c85995349f206e13dfbc0af426c6024,93,1,truck_3,3280.0,164,1.0,conditional_truck_tc,17400.0,870,50.0,0,,-1,E6,delivered,71,164,LB-v1-20260822,50.0,163,37.16314723435647,100.0,C-ALNS-MP,7007.472939544873,7007.472939544873,1,7e532ee3b4456b7689ed3fe0d83024b0ff20f066b0dd0af8d48950b7b0df61f3,0.0,37.16314723435647,LB,108,1,time_critical_lightweight,task_time_critical_lightweight_9,emergency,0,1,0.8110961246662984
f42d94b7a35f9f5e14c04ed4146758b88c85995349f206e13dfbc0af426c6024,0,0,None,-1.0,-1,0.0,conditional_truck_tc,18000.0,900,50.0,1,lifeline_zero,258,E6,failed,-1,-1,LB-v1-20260822,0.0,-1,0.0,100.0,C-ALNS-MP,6550.917811156877,6550.917811156877,0,7e532ee3b4456b7689ed3fe0d83024b0ff20f066b0dd0af8d48950b7b0df61f3,50.0,0.0,LB,108,0,time_critical_lightweight,task_time_critical_lightweight_10,emergency,0,1,0.9060906911985231
f42d94b7a35f9f5e14c04ed4146758b88c85995349f206e13dfbc0af426c6024,0,1,truck_3,1040.0,52,1.0,conditional_truck_tc,18600.0,930,50.0,0,,-1,E6,delivered,-1,52,LB-v1-20260822,50.0,-1,79.63276792594901,100.0,C-ALNS-MP,4254.156063356919,4254.156063356919,1,7e532ee3b4456b7689ed3fe0d83024b0ff20f066b0dd0af8d48950b7b0df61f3,0.0,79.63276792594901,LB,108,1,time_critical_lightweight,task_time_critical_lightweight_11,emergency,0,1,0.8683274098138106
90171fbe6c43d824744bf74c21cfb67be192844fb30442991e2a129a5952d714,0,1,truck_2,2460.0,123,1.0,conditional_truck_tc,19200.0,960,800.0,0,,-1,E6,delivered,-1,123,LB-v1-20260822,800.0,-1,86.38717318492745,100.0,ER-HLNS-parallel-rescue,4712.939965300228,4712.939965300228,1,493883870712d200d20d0aad873515d9a01e7228309c7343e3f64e459f6a0b8f,0.0,86.38717318492745,LB,100,1,routine_bulk,task_routine_bulk_0,normal,1,0,0.5914487685478238
90171fbe6c43d824744bf74c21cfb67be192844fb30442991e2a129a5952d714,0,1,truck_3,840.0,42,1.0,conditional_truck_tc,20400.0,1020,800.0,0,,-1,E6,delivered,-1,42,LB-v1-20260822,800.0,-1,96.22981873500012,100.0,ER-HLNS-parallel-rescue,2651.3638511663926,2651.3638511663926,1,493883870712d200d20d0aad873515d9a01e7228309c7343e3f64e459f6a0b8f,0.0,96.22981873500012,LB,100,1,routine_bulk,task_routine_bulk_1,normal,1,0,0.328770105116882
90171fbe6c43d824744bf74c21cfb67be192844fb30442991e2a129a5952d714,0,0,None,-1.0,-1,0.0,conditional_truck_tc,21600.0,1080,800.0,1,lifeline_zero,935,E6,failed,-1,-1,LB-v1-20260822,0.0,-1,0.0,100.0,ER-HLNS-parallel-rescue,9455.797786582447,9455.797786582447,0,493883870712d200d20d0aad873515d9a01e7228309c7343e3f64e459f6a0b8f,800.0,0.0,LB,100,0,routine_bulk,task_routine_bulk_2,normal,1,0,0.5197299581475797
90171fbe6c43d824744bf74c21cfb67be192844fb30442991e2a129a5952d714,54,1,truck_0,5400.0,270,1.0,conditional_truck_tc,22800.0,1140,800.0,0,,-1,E6,delivered,216,270,LB-v1-20260822,800.0,269,73.79144175926672,100.0,ER-HLNS-parallel-rescue,7467.100925813267,7467.100925813267,1,493883870712d200d20d0aad873515d9a01e7228309c7343e3f64e459f6a0b8f,0.0,73.79144175926672,LB,100,1,routine_bulk,task_routine_bulk_3,normal,1,0,0.363407140663305
90171fbe6c43d824744bf74c21cfb67be192844fb30442991e2a129a5952d714,88,1,truck_1,4840.0,242,1.0,conditional_truck_tc,24000.0,1200,800.0,0,,-1,E6,delivered,112,242,LB-v1-20260822,800.0,199,80.36055271875779,100.0,ER-HLNS-parallel-rescue,4256.447388010565,4256.447388010565,1,493883870712d200d20d0aad873515d9a01e7228309c7343e3f64e459f6a0b8f,0.0,80.36055271875779,LB,100,1,routine_bulk,task_routine_bulk_4,normal,1,0,0.2526593582373026
90171fbe6c43d824744bf74c21cfb67be192844fb30442991e2a129a5952d714,0,1,truck_2,2260.0,113,1.0,conditional_truck_tc,25200.0,1260,800.0,0,,-1,E6,delivered,-1,113,LB-v1-20260822,800.0,-1,91.1918856119176,100.0,ER-HLNS-parallel-rescue,4838.850094689374,4838.850094689374,1,493883870712d200d20d0aad873515d9a01e7228309c7343e3f64e459f6a0b8f,0.0,91.1918856119176,LB,100,1,routine_bulk,task_routine_bulk_5,normal,1,0,0.23296054817545986
90171fbe6c43d824744bf74c21cfb67be192844fb30442991e2a129a5952d714,0,0,None,-1.0,-1,0.0,conditional_truck_tc,26400.0,1320,800.0,1,lifeline_zero,1009,E6,failed,-1,-1,LB-v1-20260822,0.0,-1,0.0,100.0,ER-HLNS-parallel-rescue,11793.267377757751,11793.267377757751,0,493883870712d200d20d0aad873515d9a01e7228309c7343e3f64e459f6a0b8f,800.0,0.0,LB,100,0,routine_bulk,task_routine_bulk_6,normal,1,0,0.46244681084905065
90171fbe6c43d824744bf74c21cfb67be192844fb30442991e2a129a5952d714,139,1,truck_2,5660.0,283,1.0,conditional_truck_tc,27600.0,1380,800.0,0,,-1,E6,delivered,144,283,LB-v1-20260822,800.0,282,69.61304648816377,100.0,ER-HLNS-parallel-rescue,4587.683945260957,4587.683945260957,1,493883870712d200d20d0aad873515d9a01e7228309c7343e3f64e459f6a0b8f,0.0,69.61304648816377,LB,100,1,routine_bulk,task_routine_bulk_7,normal,1,0,0.5338128687931456
90171fbe6c43d824744bf74c21cfb67be192844fb30442991e2a129a5952d714,27,1,truck_2,1400.0,70,1.0,conditional_truck_tc,12000.0,600,50.0,0,,-1,E6,delivered,43,70,LB-v1-20260822,50.0,69,73.95542890646496,100.0,ER-HLNS-parallel-rescue,4043.5148887186647,4043.5148887186647,1,493883870712d200d20d0aad873515d9a01e7228309c7343e3f64e459f6a0b8f,0.0,73.95542890646496,LB,100,1,time_critical_lightweight,task_time_critical_lightweight_0,emergency,0,1,0.8572362469902544
90171fbe6c43d824744bf74c21cfb67be192844fb30442991e2a129a5952d714,50,1,truck_0,1000.0,50,1.0,conditional_truck_tc,12600.0,630,50.0,0,,-1,E6,delivered,0,50,LB-v1-20260822,50.0,49,80.56857604195666,100.0,ER-HLNS-parallel-rescue,3938.2462884286088,3938.2462884286088,1,493883870712d200d20d0aad873515d9a01e7228309c7343e3f64e459f6a0b8f,0.0,80.56857604195666,LB,100,1,time_critical_lightweight,task_time_critical_lightweight_1,emergency,0,1,0.7681740887900437
90171fbe6c43d824744bf74c21cfb67be192844fb30442991e2a129a5952d714,29,1,truck_1,580.0,29,1.0,conditional_truck_tc,13200.0,660,50.0,0,,-1,E6,delivered,0,29,LB-v1-20260822,50.0,28,89.75792311666646,100.0,ER-HLNS-parallel-rescue,1841.754606923464,1841.754606923464,1,493883870712d200d20d0aad873515d9a01e7228309c7343e3f64e459f6a0b8f,0.0,89.75792311666646,LB,100,1,time_critical_lightweight,task_time_critical_lightweight_2,emergency,0,1,0.8022891552475101
90171fbe6c43d824744bf74c21cfb67be192844fb30442991e2a129a5952d714,184,1,uav_5,4260.0,213,1.0,conditional_truck_tc,14760.0,738,50.0,0,,-1,E6,delivered,29,213,LB-v1-20260822,50.0,212,7.884594614675862,100.0,ER-HLNS-parallel-rescue,5652.839795309424,5652.839795309424,1,493883870712d200d20d0aad873515d9a01e7228309c7343e3f64e459f6a0b8f,0.0,7.884594614675862,LB,100,1,time_critical_lightweight,task_time_critical_lightweight_3,emergency,0,1,0.960215083465178
90171fbe6c43d824744bf74c21cfb67be192844fb30442991e2a129a5952d714,55,1,uav_2,2880.0,144,1.0,conditional_truck_tc,14400.0,720,50.0,0,,-1,E6,delivered,89,144,LB-v1-20260822,50.0,143,49.67398545929597,100.0,ER-HLNS-parallel-rescue,5313.398671961474,5313.398671961474,1,493883870712d200d20d0aad873515d9a01e7228309c7343e3f64e459f6a0b8f,0.0,49.67398545929597,LB,100,1,time_critical_lightweight,task_time_critical_lightweight_4,emergency,0,1,0.8154167223421255
90171fbe6c43d824744bf74c21cfb67be192844fb30442991e2a129a5952d714,18,0,None,-1.0,-1,0.0,conditional_truck_tc,15960.0,798,50.0,1,lifeline_zero,237,E6,failed,215,-1,LB-v1-20260822,0.0,232,0.0,100.0,ER-HLNS-parallel-rescue,12029.47975909369,12029.47975909369,0,493883870712d200d20d0aad873515d9a01e7228309c7343e3f64e459f6a0b8f,50.0,0.0,LB,100,0,time_critical_lightweight,task_time_critical_lightweight_5,emergency,0,1,0.9867416871112791
90171fbe6c43d824744bf74c21cfb67be192844fb30442991e2a129a5952d714,43,1,truck_2,840.0,42,1.0,conditional_truck_tc,15600.0,780,50.0,0,,-1,E6,delivered,0,42,LB-v1-20260822,50.0,42,84.33421993006594,100.0,ER-HLNS-parallel-rescue,2945.1941967981666,2945.1941967981666,1,493883870712d200d20d0aad873515d9a01e7228309c7343e3f64e459f6a0b8f,0.0,84.33421993006594,LB,100,1,time_critical_lightweight,task_time_critical_lightweight_6,emergency,0,1,0.8746488677361269
90171fbe6c43d824744bf74c21cfb67be192844fb30442991e2a129a5952d714,130,1,uav_0,4320.0,216,1.0,conditional_truck_tc,17160.0,858,50.0,0,,-1,E6,delivered,86,216,LB-v1-20260822,50.0,215,16.410874236129384,100.0,ER-HLNS-parallel-rescue,8166.972222335975,8166.972222335975,1,493883870712d200d20d0aad873515d9a01e7228309c7343e3f64e459f6a0b8f,0.0,16.410874236129384,LB,100,1,time_critical_lightweight,task_time_critical_lightweight_7,emergency,0,1,0.7446621799769354
90171fbe6c43d824744bf74c21cfb67be192844fb30442991e2a129a5952d714,50,1,truck_3,1000.0,50,1.0,conditional_truck_tc,16800.0,840,50.0,0,,-1,E6,delivered,0,50,LB-v1-20260822,50.0,49,80.66421675037398,100.0,ER-HLNS-parallel-rescue,2311.2789292757247,2311.2789292757247,1,493883870712d200d20d0aad873515d9a01e7228309c7343e3f64e459f6a0b8f,0.0,80.66421675037398,LB,100,1,time_critical_lightweight,task_time_critical_lightweight_8,emergency,0,1,0.8689502560984448
90171fbe6c43d824744bf74c21cfb67be192844fb30442991e2a129a5952d714,62,1,uav_3,2240.0,112,1.0,conditional_truck_tc,17400.0,870,50.0,0,,-1,E6,delivered,50,112,LB-v1-20260822,50.0,111,63.09948187893599,100.0,ER-HLNS-parallel-rescue,6760.559725492877,6760.559725492877,1,493883870712d200d20d0aad873515d9a01e7228309c7343e3f64e459f6a0b8f,0.0,63.09948187893599,LB,100,1,time_critical_lightweight,task_time_critical_lightweight_9,emergency,0,1,0.7554846985257647
90171fbe6c43d824744bf74c21cfb67be192844fb30442991e2a129a5952d714,19,1,truck_2,1740.0,87,1.0,conditional_truck_tc,18000.0,900,50.0,0,,-1,E6,delivered,70,87,LB-v1-20260822,50.0,88,70.2727946028113,100.0,ER-HLNS-parallel-rescue,3952.8289116955493,3952.8289116955493,1,493883870712d200d20d0aad873515d9a01e7228309c7343e3f64e459f6a0b8f,0.0,70.2727946028113,LB,100,1,time_critical_lightweight,task_time_critical_lightweight_10,emergency,0,1,0.7210061967003056
90171fbe6c43d824744bf74c21cfb67be192844fb30442991e2a129a5952d714,36,1,truck_0,1720.0,86,1.0,conditional_truck_tc,18600.0,930,50.0,0,,-1,E6,delivered,50,86,LB-v1-20260822,50.0,85,64.84870290685969,100.0,ER-HLNS-parallel-rescue,6188.028410283936,6188.028410283936,1,493883870712d200d20d0aad873515d9a01e7228309c7343e3f64e459f6a0b8f,0.0,64.84870290685969,LB,100,1,time_critical_lightweight,task_time_critical_lightweight_11,emergency,0,1,0.732056640977218
90171fbe6c43d824744bf74c21cfb67be192844fb30442991e2a129a5952d714,65,1,truck_1,6280.0,314,1.0,conditional_truck_tc,19200.0,960,800.0,0,,-1,E6,delivered,249,314,LB-v1-20260822,800.0,313,70.99931797184031,100.0,ER-HLNS-parallel-rescue,14039.592726000365,14039.592726000365,1,be9dbbdf14e8c082ba2c568ecd582fb7532c3cb20a73c46a062021419516c67d,0.0,70.99931797184031,LB,101,1,routine_bulk,task_routine_bulk_0,normal,1,0,0.34837428108412444
90171fbe6c43d824744bf74c21cfb67be192844fb30442991e2a129a5952d714,61,1,truck_1,3500.0,175,1.0,conditional_truck_tc,20400.0,1020,800.0,0,,-1,E6,delivered,93,175,LB-v1-20260822,800.0,162,82.85116794860956,100.0,ER-HLNS-parallel-rescue,7511.760618564474,7511.760618564474,1,be9dbbdf14e8c082ba2c568ecd582fb7532c3cb20a73c46a062021419516c67d,0.0,82.85116794860956,LB,101,1,routine_bulk,task_routine_bulk_1,normal,1,0,0.30016368013188016
90171fbe6c43d824744bf74c21cfb67be192844fb30442991e2a129a5952d714,78,1,truck_1,7100.0,355,1.0,conditional_truck_tc,21600.0,1080,800.0,0,,-1,E6,delivered,249,355,LB-v1-20260822,800.0,354,59.50565107332999,100.0,ER-HLNS-parallel-rescue,15315.096891728663,15315.096891728663,1,be9dbbdf14e8c082ba2c568ecd582fb7532c3cb20a73c46a062021419516c67d,0.0,59.50565107332999,LB,101,1,routine_bulk,task_routine_bulk_2,normal,1,0,0.527261765850137
90171fbe6c43d824744bf74c21cfb67be192844fb30442991e2a129a5952d714,140,0,None,-1.0,-1,0.0,conditional_truck_tc,22800.0,1140,800.0,1,lifeline_zero,1023,E6,failed,355,-1,LB-v1-20260822,0.0,494,0.0,100.0,ER-HLNS-parallel-rescue,14102.848363601865,14102.848363601865,0,be9dbbdf14e8c082ba2c568ecd582fb7532c3cb20a73c46a062021419516c67d,800.0,0.0,LB,101,0,routine_bulk,task_routine_bulk_3,normal,1,0,0.3882350364392335
90171fbe6c43d824744bf74c21cfb67be192844fb30442991e2a129a5952d714,5,1,truck_1,2400.0,120,1.0,conditional_truck_tc,24000.0,1200,800.0,0,,-1,E6,delivered,115,120,LB-v1-20260822,800.0,119,86.88316254236358,100.0,ER-HLNS-parallel-rescue,7302.1073017293165,7302.1073017293165,1,be9dbbdf14e8c082ba2c568ecd582fb7532c3cb20a73c46a062021419516c67d,0.0,86.88316254236358,LB,101,1,routine_bulk,task_routine_bulk_4,normal,1,0,0.5361043015918403
90171fbe6c43d824744bf74c21cfb67be192844fb30442991e2a129a5952d714,98,1,truck_0,7240.0,362,1.0,conditional_truck_tc,25200.0,1260,800.0,0,,-1,E6,delivered,183,362,LB-v1-20260822,800.0,361,64.05389937974479,100.0,ER-HLNS-parallel-rescue,3909.3896971690133,3909.3896971690133,1,be9dbbdf14e8c082ba2c568ecd582fb7532c3cb20a73c46a062021419516c67d,0.0,64.05389937974479,LB,101,1,routine_bulk,task_routine_bulk_5,normal,1,0,0.42701883575488137
90171fbe6c43d824744bf74c21cfb67be192844fb30442991e2a129a5952d714,34,1,truck_1,4200.0,210,1.0,conditional_truck_tc,26400.0,1320,800.0,0,,-1,E6,delivered,163,210,LB-v1-20260822,800.0,204,76.47471632217793,100.0,ER-HLNS-parallel-rescue,9533.630318869733,9533.630318869733,1,be9dbbdf14e8c082ba2c568ecd582fb7532c3cb20a73c46a062021419516c67d,0.0,76.47471632217793,LB,101,1,routine_bulk,task_routine_bulk_6,normal,1,0,0.5142470258374676
90171fbe6c43d824744bf74c21cfb67be192844fb30442991e2a129a5952d714,13,1,truck_2,3520.0,176,1.0,conditional_truck_tc,27600.0,1380,800.0,0,,-1,E6,delivered,163,176,LB-v1-20260822,800.0,175,83.7556787053623,100.0,ER-HLNS-parallel-rescue,10348.908405801398,10348.908405801398,1,be9dbbdf14e8c082ba2c568ecd582fb7532c3cb20a73c46a062021419516c67d,0.0,83.7556787053623,LB,101,1,routine_bulk,task_routine_bulk_7,normal,1,0,0.3879694663765369
90171fbe6c43d824744bf74c21cfb67be192844fb30442991e2a129a5952d714,11,0,None,-1.0,-1,0.0,conditional_truck_tc,12000.0,600,50.0,1,lifeline_zero,224,E6,failed,205,-1,LB-v1-20260822,0.0,223,0.0,100.0,ER-HLNS-parallel-rescue,14151.4620521434,14151.4620521434,0,be9dbbdf14e8c082ba2c568ecd582fb7532c3cb20a73c46a062021419516c67d,50.0,0.0,LB,101,0,time_critical_lightweight,task_time_critical_lightweight_0,emergency,0,1,0.9705680205086198
90171fbe6c43d824744bf74c21cfb67be192844fb30442991e2a129a5952d714,152,1,uav_2,4900.0,245,1.0,conditional_truck_tc,13560.0,678,50.0,0,,-1,E6,delivered,97,245,LB-v1-20260822,50.0,248,12.495837314651101,100.0,ER-HLNS-parallel-rescue,9099.797527415509,9099.797527415509,1,be9dbbdf14e8c082ba2c568ecd582fb7532c3cb20a73c46a062021419516c67d,0.0,12.495837314651101,LB,101,1,time_critical_lightweight,task_time_critical_lightweight_1,emergency,0,1,0.8194413770540239
90171fbe6c43d824744bf74c21cfb67be192844fb30442991e2a129a5952d714,101,1,truck_2,1980.0,99,1.0,conditional_truck_tc,13200.0,660,50.0,0,,-1,E6,delivered,0,99,LB-v1-20260822,50.0,104,63.72832445558949,100.0,ER-HLNS-parallel-rescue,8636.287551441419,8636.287551441419,1,be9dbbdf14e8c082ba2c568ecd582fb7532c3cb20a73c46a062021419516c67d,0.0,63.72832445558949,LB,101,1,time_critical_lightweight,task_time_critical_lightweight_2,emergency,0,1,0.7276929418213184
90171fbe6c43d824744bf74c21cfb67be192844fb30442991e2a129a5952d714,7,1,uav_2,3660.0,183,1.0,conditional_truck_tc,14760.0,738,50.0,0,,-1,E6,delivered,176,183,LB-v1-20260822,50.0,182,35.58751880318803,100.0,ER-HLNS-parallel-rescue,10171.88886835233,10171.88886835233,1,be9dbbdf14e8c082ba2c568ecd582fb7532c3cb20a73c46a062021419516c67d,0.0,35.58751880318803,LB,101,1,time_critical_lightweight,task_time_critical_lightweight_3,emergency,0,1,0.7687067091449796
90171fbe6c43d824744bf74c21cfb67be192844fb30442991e2a129a5952d714,44,1,uav_1,4980.0,249,1.0,conditional_truck_tc,14400.0,720,50.0,0,,-1,E6,delivered,205,249,LB-v1-20260822,50.0,248,9.285932818447918,100.0,ER-HLNS-parallel-rescue,8972.910969096309,8972.910969096309,1,be9dbbdf14e8c082ba2c568ecd582fb7532c3cb20a73c46a062021419516c67d,0.0,9.285932818447918,LB,101,1,time_critical_lightweight,task_time_critical_lightweight_4,emergency,0,1,0.7273830460494194
90171fbe6c43d824744bf74c21cfb67be192844fb30442991e2a129a5952d714,36,0,None,-1.0,-1,0.0,conditional_truck_tc,15960.0,798,50.0,1,lifeline_zero,236,E6,failed,60,-1,LB-v1-20260822,0.0,230,0.0,100.0,ER-HLNS-parallel-rescue,14148.754445771634,14148.754445771634,0,be9dbbdf14e8c082ba2c568ecd582fb7532c3cb20a73c46a062021419516c67d,50.0,0.0,LB,101,0,time_critical_lightweight,task_time_critical_lightweight_5,emergency,0,1,0.909737917292143
90171fbe6c43d824744bf74c21cfb67be192844fb30442991e2a129a5952d714,30,1,truck_3,1060.0,53,1.0,conditional_truck_tc,15600.0,780,50.0,0,,-1,E6,delivered,30,53,LB-v1-20260822,50.0,59,76.97087091743724,100.0,ER-HLNS-parallel-rescue,2913.7706040409153,2913.7706040409153,1,be9dbbdf14e8c082ba2c568ecd582fb7532c3cb20a73c46a062021419516c67d,0.0,76.97087091743724,LB,101,1,time_critical_lightweight,task_time_critical_lightweight_6,emergency,0,1,0.8705161474912566
90171fbe6c43d824744bf74c21cfb67be192844fb30442991e2a129a5952d714,97,1,truck_0,1940.0,97,1.0,conditional_truck_tc,16200.0,810,50.0,0,,-1,E6,delivered,0,97,LB-v1-20260822,50.0,96,56.738871159335815,100.0,ER-HLNS-parallel-rescue,8419.216536800033,8419.216536800033,1,be9dbbdf14e8c082ba2c568ecd582fb7532c3cb20a73c46a062021419516c67d,0.0,56.738871159335815,LB,101,1,time_critical_lightweight,task_time_critical_lightweight_7,emergency,0,1,0.989879628037199
90171fbe6c43d824744bf74c21cfb67be192844fb30442991e2a129a5952d714,74,1,uav_2,3260.0,163,1.0,conditional_truck_tc,16800.0,840,50.0,0,,-1,E6,delivered,89,163,LB-v1-20260822,50.0,162,35.33995821314321,100.0,ER-HLNS-parallel-rescue,9649.370387536506,9649.370387536506,1,be9dbbdf14e8c082ba2c568ecd582fb7532c3cb20a73c46a062021419516c67d,0.0,35.33995821314321,LB,101,1,time_critical_lightweight,task_time_critical_lightweight_8,emergency,0,1,0.9323581933558626
90171fbe6c43d824744bf74c21cfb67be192844fb30442991e2a129a5952d714,30,1,uav_3,560.0,28,1.0,conditional_truck_tc,17400.0,870,50.0,0,,-1,E6,delivered,0,28,LB-v1-20260822,50.0,29,87.98550481797261,100.0,ER-HLNS-parallel-rescue,2591.7846470285945,2591.7846470285945,1,be9dbbdf14e8c082ba2c568ecd582fb7532c3cb20a73c46a062021419516c67d,0.0,87.98550481797261,LB,101,1,time_critical_lightweight,task_time_critical_lightweight_9,emergency,0,1,0.8933819856045042
90171fbe6c43d824744bf74c21cfb67be192844fb30442991e2a129a5952d714,71,1,truck_1,1840.0,92,1.0,conditional_truck_tc,18000.0,900,50.0,0,,-1,E6,delivered,22,92,LB-v1-20260822,50.0,92,67.68418974718837,100.0,ER-HLNS-parallel-rescue,5472.170625762758,5472.170625762758,1,be9dbbdf14e8c082ba2c568ecd582fb7532c3cb20a73c46a062021419516c67d,0.0,67.68418974718837,LB,101,1,time_critical_lightweight,task_time_critical_lightweight_10,emergency,0,1,0.7142148384795817
90171fbe6c43d824744bf74c21cfb67be192844fb30442991e2a129a5952d714,22,1,truck_1,440.0,22,1.0,conditional_truck_tc,18600.0,930,50.0,0,,-1,E6,delivered,0,22,LB-v1-20260822,50.0,21,92.05101563359223,100.0,ER-HLNS-parallel-rescue,1506.2906048252266,1506.2906048252266,1,be9dbbdf14e8c082ba2c568ecd582fb7532c3cb20a73c46a062021419516c67d,0.0,92.05101563359223,LB,101,1,time_critical_lightweight,task_time_critical_lightweight_11,emergency,0,1,0.7467335094406772
90171fbe6c43d824744bf74c21cfb67be192844fb30442991e2a129a5952d714,0,0,None,-1.0,-1,0.0,conditional_truck_tc,19200.0,960,800.0,1,deadline_exceeded,961,E6,failed,-1,-1,LB-v1-20260822,0.0,-1,11.11850352989833,100.0,ER-HLNS-parallel-rescue,6119.550842362341,6119.550842362341,0,56b1028b63aff45a0f590d85c0431f0aeafbaa7d5ed10ada2c4eb45fcb335027,800.0,0.0,LB,102,0,routine_bulk,task_routine_bulk_0,normal,1,0,0.4291837918236352
90171fbe6c43d824744bf74c21cfb67be192844fb30442991e2a129a5952d714,45,1,truck_2,3740.0,187,1.0,conditional_truck_tc,20400.0,1020,800.0,0,,-1,E6,delivered,142,187,LB-v1-20260822,800.0,186,84.39450392018749,100.0,ER-HLNS-parallel-rescue,7442.506245460831,7442.506245460831,1,56b1028b63aff45a0f590d85c0431f0aeafbaa7d5ed10ada2c4eb45fcb335027,0.0,84.39450392018749,LB,102,1,routine_bulk,task_routine_bulk_1,normal,1,0,0.24547112032784654
90171fbe6c43d824744bf74c21cfb67be192844fb30442991e2a129a5952d714,0,0,None,-1.0,-1,0.0,conditional_truck_tc,21600.0,1080,800.0,1,deadline_exceeded,1081,E6,failed,-1,-1,LB-v1-20260822,0.0,-1,2.8465075966141518,100.0,ER-HLNS-parallel-rescue,5688.3871828179535,5688.3871828179535,0,56b1028b63aff45a0f590d85c0431f0aeafbaa7d5ed10ada2c4eb45fcb335027,800.0,0.0,LB,102,0,routine_bulk,task_routine_bulk_2,normal,1,0,0.3976042905163367
90171fbe6c43d824744bf74c21cfb67be192844fb30442991e2a129a5952d714,0,0,None,-1.0,-1,0.0,conditional_truck_tc,22800.0,1140,800.0,1,lifeline_zero,936,E6,failed,-1,-1,LB-v1-20260822,0.0,-1,0.0,100.0,ER-HLNS-parallel-rescue,5530.50432997441,5530.50432997441,0,56b1028b63aff45a0f590d85c0431f0aeafbaa7d5ed10ada2c4eb45fcb335027,800.0,0.0,LB,102,0,routine_bulk,task_routine_bulk_3,normal,1,0,0.5908338171405074
90171fbe6c43d824744bf74c21cfb67be192844fb30442991e2a129a5952d714,0,0,None,-1.0,-1,0.0,conditional_truck_tc,24000.0,1200,800.0,1,lifeline_zero,1198,E6,failed,-1,-1,LB-v1-20260822,0.0,-1,0.0,100.0,ER-HLNS-parallel-rescue,14165.534902512349,14165.534902512349,0,56b1028b63aff45a0f590d85c0431f0aeafbaa7d5ed10ada2c4eb45fcb335027,800.0,0.0,LB,102,0,routine_bulk,task_routine_bulk_4,normal,1,0,0.31826058549111486
90171fbe6c43d824744bf74c21cfb67be192844fb30442991e2a129a5952d714,82,1,truck_2,4380.0,219,1.0,conditional_truck_tc,25200.0,1260,800.0,0,,-1,E6,delivered,137,219,LB-v1-20260822,800.0,218,80.60688981101828,100.0,ER-HLNS-parallel-rescue,8329.032619537471,8329.032619537471,1,56b1028b63aff45a0f590d85c0431f0aeafbaa7d5ed10ada2c4eb45fcb335027,0.0,80.60688981101828,LB,102,1,routine_bulk,task_routine_bulk_5,normal,1,0,0.316760490021223
90171fbe6c43d824744bf74c21cfb67be192844fb30442991e2a129a5952d714,258,1,truck_1,6620.0,331,1.0,conditional_truck_tc,26400.0,1320,800.0,0,,-1,E6,delivered,73,331,LB-v1-20260822,800.0,330,71.91556194653349,100.0,ER-HLNS-parallel-rescue,2207.167531132571,2207.167531132571,1,56b1028b63aff45a0f590d85c0431f0aeafbaa7d5ed10ada2c4eb45fcb335027,0.0,71.91556194653349,LB,102,1,routine_bulk,task_routine_bulk_6,normal,1,0,0.3055363954601743
90171fbe6c43d824744bf74c21cfb67be192844fb30442991e2a129a5952d714,0,0,None,-1.0,-1,0.0,conditional_truck_tc,27600.0,1380,800.0,1,lifeline_zero,1066,E6,failed,-1,-1,LB-v1-20260822,0.0,-1,0.0,100.0,ER-HLNS-parallel-rescue,8538.945436848508,8538.945436848508,0,56b1028b63aff45a0f590d85c0431f0aeafbaa7d5ed10ada2c4eb45fcb335027,800.0,0.0,LB,102,0,routine_bulk,task_routine_bulk_7,normal,1,0,0.44156154877026366
90171fbe6c43d824744bf74c21cfb67be192844fb30442991e2a129a5952d714,22,1,truck_2,1080.0,54,1.0,conditional_truck_tc,12000.0,600,50.0,0,,-1,E6,delivered,41,54,LB-v1-20260822,50.0,62,80.17474966757091,100.0,ER-HLNS-parallel-rescue,2988.5323177974346,2988.5323177974346,1,56b1028b63aff45a0f590d85c0431f0aeafbaa7d5ed10ada2c4eb45fcb335027,0.0,80.17474966757091,LB,102,1,time_critical_lightweight,task_time_critical_lightweight_0,emergency,0,1,0.7521593742751356
90171fbe6c43d824744bf74c21cfb67be192844fb30442991e2a129a5952d714,0,0,None,-1.0,-1,0.0,conditional_truck_tc,13560.0,678,50.0,1,lifeline_zero,306,E6,failed,-1,-1,LB-v1-20260822,0.0,-1,0.0,100.0,ER-HLNS-parallel-rescue,11294.290080097262,11294.290080097262,0,56b1028b63aff45a0f590d85c0431f0aeafbaa7d5ed10ada2c4eb45fcb335027,50.0,0.0,LB,102,0,time_critical_lightweight,task_time_critical_lightweight_1,emergency,0,1,0.7491376000307091
90171fbe6c43d824744bf74c21cfb67be192844fb30442991e2a129a5952d714,41,1,truck_2,800.0,40,1.0,conditional_truck_tc,13200.0,660,50.0,0,,-1,E6,delivered,0,40,LB-v1-20260822,50.0,40,84.69449895135534,100.0,ER-HLNS-parallel-rescue,2792.418565959796,2792.418565959796,1,56b1028b63aff45a0f590d85c0431f0aeafbaa7d5ed10ada2c4eb45fcb335027,0.0,84.69449895135534,LB,102,1,time_critical_lightweight,task_time_critical_lightweight_2,emergency,0,1,0.8083948419266088
90171fbe6c43d824744bf74c21cfb67be192844fb30442991e2a129a5952d714,45,1,truck_1,900.0,45,1.0,conditional_truck_tc,13800.0,690,50.0,0,,-1,E6,delivered,0,45,LB-v1-20260822,50.0,44,81.06489590994471,100.0,ER-HLNS-parallel-rescue,3010.973647764428,3010.973647764428,1,56b1028b63aff45a0f590d85c0431f0aeafbaa7d5ed10ada2c4eb45fcb335027,0.0,81.06489590994471,LB,102,1,time_critical_lightweight,task_time_critical_lightweight_3,emergency,0,1,0.9739813351739603
90171fbe6c43d824744bf74c21cfb67be192844fb30442991e2a129a5952d714,47,1,uav_2,2840.0,142,1.0,conditional_truck_tc,14400.0,720,50.0,0,,-1,E6,delivered,95,142,LB-v1-20260822,50.0,141,43.64309010849921,100.0,ER-HLNS-parallel-rescue,7595.6360268286,7595.6360268286,1,56b1028b63aff45a0f590d85c0431f0aeafbaa7d5ed10ada2c4eb45fcb335027,0.0,43.64309010849921,LB,102,1,time_critical_lightweight,task_time_critical_lightweight_4,emergency,0,1,0.8902529497747588
90171fbe6c43d824744bf74c21cfb67be192844fb30442991e2a129a5952d714,28,1,truck_1,1400.0,70,1.0,conditional_truck_tc,15000.0,750,50.0,0,,-1,E6,delivered,45,70,LB-v1-20260822,50.0,72,74.35434715605938,100.0,ER-HLNS-parallel-rescue,4623.366276010681,4623.366276010681,1,56b1028b63aff45a0f590d85c0431f0aeafbaa7d5ed10ada2c4eb45fcb335027,0.0,74.35434715605938,LB,102,1,time_critical_lightweight,task_time_critical_lightweight_5,emergency,0,1,0.7848123351493127
90171fbe6c43d824744bf74c21cfb67be192844fb30442991e2a129a5952d714,4,1,uav_0,4880.0,244,1.0,conditional_truck_tc,16560.0,828,50.0,0,,-1,E6,delivered,211,244,LB-v1-20260822,50.0,214,5.2680073499467355,100.0,ER-HLNS-parallel-rescue,16324.170659246023,16324.170659246023,1,56b1028b63aff45a0f590d85c0431f0aeafbaa7d5ed10ada2c4eb45fcb335027,0.0,5.2680073499467355,LB,102,1,time_critical_lightweight,task_time_critical_lightweight_6,emergency,0,1,0.9948248799678303
90171fbe6c43d824744bf74c21cfb67be192844fb30442991e2a129a5952d714,1,1,uav_4,4900.0,245,1.0,conditional_truck_tc,17160.0,858,50.0,0,,-1,E6,delivered,215,245,LB-v1-20260822,50.0,215,14.699473656652682,100.0,ER-HLNS-parallel-rescue,15873.692094774171,15873.692094774171,1,56b1028b63aff45a0f590d85c0431f0aeafbaa7d5ed10ada2c4eb45fcb335027,0.0,14.699473656652682,LB,102,1,time_critical_lightweight,task_time_critical_lightweight_7,emergency,0,1,0.8273965865006737
90171fbe6c43d824744bf74c21cfb67be192844fb30442991e2a129a5952d714,32,1,truck_2,1780.0,89,1.0,conditional_truck_tc,16800.0,840,50.0,0,,-1,E6,delivered,63,89,LB-v1-20260822,50.0,94,66.81288039204401,100.0,ER-HLNS-parallel-rescue,4562.626701547581,4562.626701547581,1,56b1028b63aff45a0f590d85c0431f0aeafbaa7d5ed10ada2c4eb45fcb335027,0.0,66.81288039204401,LB,102,1,time_critical_lightweight,task_time_critical_lightweight_8,emergency,0,1,0.800241625655852
90171fbe6c43d824744bf74c21cfb67be192844fb30442991e2a129a5952d714,137,1,uav_0,2740.0,137,1.0,conditional_truck_tc,17400.0,870,50.0,0,,-1,E6,delivered,0,137,LB-v1-20260822,50.0,136,51.52335790575139,100.0,ER-HLNS-parallel-rescue,9178.535368617246,9178.535368617246,1,56b1028b63aff45a0f590d85c0431f0aeafbaa7d5ed10ada2c4eb45fcb335027,0.0,51.52335790575139,LB,102,1,time_critical_lightweight,task_time_critical_lightweight_9,emergency,0,1,0.8133445160620112
90171fbe6c43d824744bf74c21cfb67be192844fb30442991e2a129a5952d714,144,1,uav_3,3080.0,154,1.0,conditional_truck_tc,18000.0,900,50.0,0,,-1,E6,delivered,0,154,LB-v1-20260822,50.0,153,47.168136523225975,100.0,ER-HLNS-parallel-rescue,5471.014458554654,5471.014458554654,1,56b1028b63aff45a0f590d85c0431f0aeafbaa7d5ed10ada2c4eb45fcb335027,0.0,47.168136523225975,LB,102,1,time_critical_lightweight,task_time_critical_lightweight_10,emergency,0,1,0.7234608659077144
90171fbe6c43d824744bf74c21cfb67be192844fb30442991e2a129a5952d714,31,1,uav_0,3740.0,187,1.0,conditional_truck_tc,18600.0,930,50.0,0,,-1,E6,delivered,73,187,LB-v1-20260822,50.0,186,30.009491241049766,100.0,ER-HLNS-parallel-rescue,10498.587816679308,10498.587816679308,1,56b1028b63aff45a0f590d85c0431f0aeafbaa7d5ed10ada2c4eb45fcb335027,0.0,30.009491241049766,LB,102,1,time_critical_lightweight,task_time_critical_lightweight_11,emergency,0,1,0.8885468420710438
90171fbe6c43d824744bf74c21cfb67be192844fb30442991e2a129a5952d714,41,1,truck_3,6140.0,307,1.0,conditional_truck_tc,19200.0,960,800.0,0,,-1,E6,delivered,266,307,LB-v1-20260822,800.0,306,72.27645651038051,100.0,ER-HLNS-parallel-rescue,10728.26032891467,10728.26032891467,1,55fb4274b7389da741417cffd9c2b3195430432b747fcb4efb05f4e6c6f96b81,0.0,72.27645651038051,LB,103,1,routine_bulk,task_routine_bulk_0,normal,1,0,0.34842619173408906
90171fbe6c43d824744bf74c21cfb67be192844fb30442991e2a129a5952d714,0,1,truck_1,920.0,46,1.0,conditional_truck_tc,20400.0,1020,800.0,0,,-1,E6,delivered,-1,46,LB-v1-20260822,800.0,-1,95.77716657371293,100.0,ER-HLNS-parallel-rescue,2909.773055537859,2909.773055537859,1,55fb4274b7389da741417cffd9c2b3195430432b747fcb4efb05f4e6c6f96b81,0.0,95.77716657371293,LB,103,1,routine_bulk,task_routine_bulk_1,normal,1,0,0.36263112143461484
90171fbe6c43d824744bf74c21cfb67be192844fb30442991e2a129a5952d714,322,1,truck_3,12400.0,620,1.0,conditional_truck_tc,21600.0,1080,800.0,0,,-1,E6,delivered,298,620,LB-v1-20260822,800.0,619,51.340756060341874,100.0,ER-HLNS-parallel-rescue,5891.031930588738,5891.031930588738,1,55fb4274b7389da741417cffd9c2b3195430432b747fcb4efb05f4e6c6f96b81,0.0,51.340756060341874,LB,103,1,routine_bulk,task_routine_bulk_2,normal,1,0,0.22860762501670875
90171fbe6c43d824744bf74c21cfb67be192844fb30442991e2a129a5952d714,100,1,truck_0,7620.0,381,1.0,conditional_truck_tc,22800.0,1140,800.0,0,,-1,E6,delivered,206,381,LB-v1-20260822,800.0,380,70.60797039178163,100.0,ER-HLNS-parallel-rescue,3679.4188095004256,3679.4188095004256,1,55fb4274b7389da741417cffd9c2b3195430432b747fcb4efb05f4e6c6f96b81,0.0,70.60797039178163,LB,103,1,routine_bulk,task_routine_bulk_3,normal,1,0,0.20341849503107082
90171fbe6c43d824744bf74c21cfb67be192844fb30442991e2a129a5952d714,31,1,truck_1,2500.0,125,1.0,conditional_truck_tc,24000.0,1200,800.0,0,,-1,E6,delivered,82,125,LB-v1-20260822,800.0,120,88.8783021224286,100.0,ER-HLNS-parallel-rescue,1222.77839559386,1222.77839559386,1,55fb4274b7389da741417cffd9c2b3195430432b747fcb4efb05f4e6c6f96b81,0.0,88.8783021224286,LB,103,1,routine_bulk,task_routine_bulk_4,normal,1,0,0.3319591618543233
90171fbe6c43d824744bf74c21cfb67be192844fb30442991e2a129a5952d714,199,1,truck_3,7540.0,377,1.0,conditional_truck_tc,25200.0,1260,800.0,0,,-1,E6,delivered,126,377,LB-v1-20260822,800.0,376,63.205921793420195,100.0,ER-HLNS-parallel-rescue,12369.193535155884,12369.193535155884,1,55fb4274b7389da741417cffd9c2b3195430432b747fcb4efb05f4e6c6f96b81,0.0,63.205921793420195,LB,103,1,routine_bulk,task_routine_bulk_5,normal,1,0,0.3837354804247379
90171fbe6c43d824744bf74c21cfb67be192844fb30442991e2a129a5952d714,92,1,truck_0,9040.0,452,1.0,conditional_truck_tc,26400.0,1320,800.0,0,,-1,E6,delivered,65,452,LB-v1-20260822,800.0,451,61.524307747252365,100.0,ER-HLNS-parallel-rescue,2190.503861145282,2190.503861145282,1,55fb4274b7389da741417cffd9c2b3195430432b747fcb4efb05f4e6c6f96b81,0.0,61.524307747252365,LB,103,1,routine_bulk,task_routine_bulk_6,normal,1,0,0.29667557872401773
90171fbe6c43d824744bf74c21cfb67be192844fb30442991e2a129a5952d714,0,1,truck_3,1080.0,54,1.0,conditional_truck_tc,27600.0,1380,800.0,0,,-1,E6,delivered,-1,54,LB-v1-20260822,800.0,-1,94.49972051824626,100.0,ER-HLNS-parallel-rescue,3849.1587366044114,3849.1587366044114,1,55fb4274b7389da741417cffd9c2b3195430432b747fcb4efb05f4e6c6f96b81,0.0,94.49972051824626,LB,103,1,routine_bulk,task_routine_bulk_7,normal,1,0,0.46822780016891247
90171fbe6c43d824744bf74c21cfb67be192844fb30442991e2a129a5952d714,51,1,truck_0,1020.0,51,1.0,conditional_truck_tc,12000.0,600,50.0,0,,-1,E6,delivered,0,51,LB-v1-20260822,50.0,50,75.12381535504913,100.0,ER-HLNS-parallel-rescue,3549.9180582011645,3549.9180582011645,1,55fb4274b7389da741417cffd9c2b3195430432b747fcb4efb05f4e6c6f96b81,0.0,75.12381535504913,LB,103,1,time_critical_lightweight,task_time_critical_lightweight_0,emergency,0,1,0.9539752519885072
90171fbe6c43d824744bf74c21cfb67be192844fb30442991e2a129a5952d714,65,1,truck_3,1280.0,64,1.0,conditional_truck_tc,12600.0,630,50.0,0,,-1,E6,delivered,0,64,LB-v1-20260822,50.0,64,73.19799028758787,100.0,ER-HLNS-parallel-rescue,3853.766998414422,3853.766998414422,1,55fb4274b7389da741417cffd9c2b3195430432b747fcb4efb05f4e6c6f96b81,0.0,73.19799028758787,LB,103,1,time_critical_lightweight,task_time_critical_lightweight_1,emergency,0,1,0.9948079019505545
90171fbe6c43d824744bf74c21cfb67be192844fb30442991e2a129a5952d714,77,0,None,-1.0,-1,0.0,conditional_truck_tc,13200.0,660,50.0,1,lifeline_zero,298,E6,failed,193,-1,LB-v1-20260822,0.0,297,0.0,100.0,ER-HLNS-parallel-rescue,4718.076354042247,4718.076354042247,0,55fb4274b7389da741417cffd9c2b3195430432b747fcb4efb05f4e6c6f96b81,50.0,0.0,LB,103,0,time_critical_lightweight,task_time_critical_lightweight_2,emergency,0,1,0.7377905179466021
90171fbe6c43d824744bf74c21cfb67be192844fb30442991e2a129a5952d714,92,1,truck_3,2960.0,148,1.0,conditional_truck_tc,13800.0,690,50.0,0,,-1,E6,delivered,65,148,LB-v1-20260822,50.0,156,38.198588239868926,100.0,ER-HLNS-parallel-rescue,4622.917826000115,4622.917826000115,1,55fb4274b7389da741417cffd9c2b3195430432b747fcb4efb05f4e6c6f96b81,0.0,38.198588239868926,LB,103,1,time_critical_lightweight,task_time_critical_lightweight_3,emergency,0,1,0.993001467773675
90171fbe6c43d824744bf74c21cfb67be192844fb30442991e2a129a5952d714,181,1,uav_2,3620.0,181,1.0,conditional_truck_tc,14400.0,720,50.0,0,,-1,E6,delivered,0,181,LB-v1-20260822,50.0,180,21.161104215800528,100.0,ER-HLNS-parallel-rescue,7874.47009238337,7874.47009238337,1,55fb4274b7389da741417cffd9c2b3195430432b747fcb4efb05f4e6c6f96b81,0.0,21.161104215800528,LB,103,1,time_critical_lightweight,task_time_critical_lightweight_4,emergency,0,1,0.8793174987113003
90171fbe6c43d824744bf74c21cfb67be192844fb30442991e2a129a5952d714,109,0,None,-1.0,-1,0.0,conditional_truck_tc,15960.0,798,50.0,1,lifeline_zero,266,E6,failed,157,-1,LB-v1-20260822,0.0,265,0.0,100.0,ER-HLNS-parallel-rescue,15631.763761674247,15631.763761674247,0,55fb4274b7389da741417cffd9c2b3195430432b747fcb4efb05f4e6c6f96b81,50.0,0.0,LB,103,0,time_critical_lightweight,task_time_critical_lightweight_5,emergency,0,1,0.7453071219044164
90171fbe6c43d824744bf74c21cfb67be192844fb30442991e2a129a5952d714,124,1,uav_0,4120.0,206,1.0,conditional_truck_tc,16560.0,828,50.0,0,,-1,E6,delivered,82,206,LB-v1-20260822,50.0,205,21.79059224743331,100.0,ER-HLNS-parallel-rescue,8424.160448484647,8424.160448484647,1,55fb4274b7389da741417cffd9c2b3195430432b747fcb4efb05f4e6c6f96b81,0.0,21.79059224743331,LB,103,1,time_critical_lightweight,task_time_critical_lightweight_6,emergency,0,1,0.9405001457932693
90171fbe6c43d824744bf74c21cfb67be192844fb30442991e2a129a5952d714,31,1,uav_1,4000.0,200,1.0,conditional_truck_tc,17160.0,858,50.0,0,,-1,E6,delivered,169,200,LB-v1-20260822,50.0,199,16.91809603358552,100.0,ER-HLNS-parallel-rescue,8257.460786599386,8257.460786599386,1,55fb4274b7389da741417cffd9c2b3195430432b747fcb4efb05f4e6c6f96b81,0.0,16.91809603358552,LB,103,1,time_critical_lightweight,task_time_critical_lightweight_7,emergency,0,1,0.9967292359223714
90171fbe6c43d824744bf74c21cfb67be192844fb30442991e2a129a5952d714,36,1,truck_1,720.0,36,1.0,conditional_truck_tc,16800.0,840,50.0,0,,-1,E6,delivered,0,36,LB-v1-20260822,50.0,35,85.12316879620215,100.0,ER-HLNS-parallel-rescue,2438.790356782932,2438.790356782932,1,55fb4274b7389da741417cffd9c2b3195430432b747fcb4efb05f4e6c6f96b81,0.0,85.12316879620215,LB,103,1,time_critical_lightweight,task_time_critical_lightweight_8,emergency,0,1,0.956249863078559
90171fbe6c43d824744bf74c21cfb67be192844fb30442991e2a129a5952d714,31,1,truck_0,1560.0,78,1.0,conditional_truck_tc,17400.0,870,50.0,0,,-1,E6,delivered,51,78,LB-v1-20260822,50.0,81,62.490621059265166,100.0,ER-HLNS-parallel-rescue,5229.962687587301,5229.962687587301,1,55fb4274b7389da741417cffd9c2b3195430432b747fcb4efb05f4e6c6f96b81,0.0,62.490621059265166,LB,103,1,time_critical_lightweight,task_time_critical_lightweight_9,emergency,0,1,0.99615912292639
90171fbe6c43d824744bf74c21cfb67be192844fb30442991e2a129a5952d714,29,1,truck_1,1220.0,61,1.0,conditional_truck_tc,18000.0,900,50.0,0,,-1,E6,delivered,36,61,LB-v1-20260822,50.0,64,78.64901007798376,100.0,ER-HLNS-parallel-rescue,4101.291462269308,4101.291462269308,1,55fb4274b7389da741417cffd9c2b3195430432b747fcb4efb05f4e6c6f96b81,0.0,78.64901007798376,LB,103,1,time_critical_lightweight,task_time_critical_lightweight_10,emergency,0,1,0.7679542876123209
90171fbe6c43d824744bf74c21cfb67be192844fb30442991e2a129a5952d714,50,0,None,-1.0,-1,0.0,conditional_truck_tc,18600.0,930,50.0,1,lifeline_zero,250,E6,failed,200,-1,LB-v1-20260822,0.0,249,0.0,100.0,ER-HLNS-parallel-rescue,9892.748184234893,9892.748184234893,0,55fb4274b7389da741417cffd9c2b3195430432b747fcb4efb05f4e6c6f96b81,50.0,0.0,LB,103,0,time_critical_lightweight,task_time_critical_lightweight_11,emergency,0,1,0.8558745641192899
90171fbe6c43d824744bf74c21cfb67be192844fb30442991e2a129a5952d714,182,0,None,-1.0,-1,0.0,conditional_truck_tc,19200.0,960,800.0,1,deadline_exceeded,961,E6,failed,290,-1,LB-v1-20260822,0.0,471,0.8156339285624098,100.0,ER-HLNS-parallel-rescue,5272.8843626741755,5272.8843626741755,0,6d31b097d769abbeed551a245a2c0e974c976d24176a29c496b0d3149b0259ad,800.0,0.0,LB,104,0,routine_bulk,task_routine_bulk_0,normal,1,0,0.47918201810372657
90171fbe6c43d824744bf74c21cfb67be192844fb30442991e2a129a5952d714,0,1,truck_3,2060.0,103,1.0,conditional_truck_tc,20400.0,1020,800.0,0,,-1,E6,delivered,-1,103,LB-v1-20260822,800.0,-1,88.52794122154731,100.0,ER-HLNS-parallel-rescue,7568.357709164488,7568.357709164488,1,6d31b097d769abbeed551a245a2c0e974c976d24176a29c496b0d3149b0259ad,0.0,88.52794122154731,LB,104,1,routine_bulk,task_routine_bulk_1,normal,1,0,0.5886518651509982
90171fbe6c43d824744bf74c21cfb67be192844fb30442991e2a129a5952d714,182,0,None,-1.0,-1,0.0,conditional_truck_tc,21600.0,1080,800.0,1,deadline_exceeded,1081,E6,failed,290,-1,LB-v1-20260822,0.0,471,10.030242788472851,100.0,ER-HLNS-parallel-rescue,6249.3846204323945,6249.3846204323945,0,6d31b097d769abbeed551a245a2c0e974c976d24176a29c496b0d3149b0259ad,800.0,0.0,LB,104,0,routine_bulk,task_routine_bulk_2,normal,1,0,0.276105417555162
90171fbe6c43d824744bf74c21cfb67be192844fb30442991e2a129a5952d714,0,0,None,-1.0,-1,0.0,conditional_truck_tc,22800.0,1140,800.0,1,lifeline_zero,997,E6,failed,-1,-1,LB-v1-20260822,0.0,-1,0.0,100.0,ER-HLNS-parallel-rescue,6698.28848762556,6698.28848762556,0,6d31b097d769abbeed551a245a2c0e974c976d24176a29c496b0d3149b0259ad,800.0,0.0,LB,104,0,routine_bulk,task_routine_bulk_3,normal,1,0,0.48560807268183753
90171fbe6c43d824744bf74c21cfb67be192844fb30442991e2a129a5952d714,1,1,truck_2,3080.0,154,1.0,conditional_truck_tc,24000.0,1200,800.0,0,,-1,E6,delivered,153,154,LB-v1-20260822,800.0,153,83.57217343922838,100.0,ER-HLNS-parallel-rescue,7570.960812820636,7570.960812820636,1,6d31b097d769abbeed551a245a2c0e974c976d24176a29c496b0d3149b0259ad,0.0,83.57217343922838,LB,104,1,routine_bulk,task_routine_bulk_4,normal,1,0,0.5478035996107795
90171fbe6c43d824744bf74c21cfb67be192844fb30442991e2a129a5952d714,265,0,None,-1.0,-1,0.0,conditional_truck_tc,25200.0,1260,800.0,1,lifeline_zero,1099,E6,failed,127,-1,LB-v1-20260822,0.0,670,0.0,100.0,ER-HLNS-parallel-rescue,7123.574472651179,7123.574472651179,0,6d31b097d769abbeed551a245a2c0e974c976d24176a29c496b0d3149b0259ad,800.0,0.0,LB,104,0,routine_bulk,task_routine_bulk_5,normal,1,0,0.35137426266199645
90171fbe6c43d824744bf74c21cfb67be192844fb30442991e2a129a5952d714,32,1,truck_3,6440.0,322,1.0,conditional_truck_tc,26400.0,1320,800.0,0,,-1,E6,delivered,153,322,LB-v1-20260822,800.0,289,67.91983288098186,100.0,ER-HLNS-parallel-rescue,6156.526159856502,6156.526159856502,1,6d31b097d769abbeed551a245a2c0e974c976d24176a29c496b0d3149b0259ad,0.0,67.91983288098186,LB,104,1,routine_bulk,task_routine_bulk_6,normal,1,0,0.4791203724344151
90171fbe6c43d824744bf74c21cfb67be192844fb30442991e2a129a5952d714,26,1,truck_3,2860.0,143,1.0,conditional_truck_tc,27600.0,1380,800.0,0,,-1,E6,delivered,111,143,LB-v1-20260822,800.0,136,86.51084646360961,100.0,ER-HLNS-parallel-rescue,7985.041925894773,7985.041925894773,1,6d31b097d769abbeed551a245a2c0e974c976d24176a29c496b0d3149b0259ad,0.0,86.51084646360961,LB,104,1,routine_bulk,task_routine_bulk_7,normal,1,0,0.41526441828837324
90171fbe6c43d824744bf74c21cfb67be192844fb30442991e2a129a5952d714,113,0,None,-1.0,-1,0.0,conditional_truck_tc,12000.0,600,50.0,1,lifeline_zero,278,E6,failed,50,-1,LB-v1-20260822,0.0,277,0.0,100.0,ER-HLNS-parallel-rescue,7023.7895527980045,7023.7895527980045,0,6d31b097d769abbeed551a245a2c0e974c976d24176a29c496b0d3149b0259ad,50.0,0.0,LB,104,0,time_critical_lightweight,task_time_critical_lightweight_0,emergency,0,1,0.7334050411538343
90171fbe6c43d824744bf74c21cfb67be192844fb30442991e2a129a5952d714,29,1,uav_3,4040.0,202,1.0,conditional_truck_tc,12600.0,630,50.0,0,,-1,E6,delivered,173,202,LB-v1-20260822,50.0,201,29.965019565698363,100.0,ER-HLNS-parallel-rescue,7820.4684819216145,7820.4684819216145,1,6d31b097d769abbeed551a245a2c0e974c976d24176a29c496b0d3149b0259ad,0.0,29.965019565698363,LB,104,1,time_critical_lightweight,task_time_critical_lightweight_1,emergency,0,1,0.7756329563794074
90171fbe6c43d824744bf74c21cfb67be192844fb30442991e2a129a5952d714,0,0,None,-1.0,-1,0.0,conditional_truck_tc,14160.0,708,50.0,1,lifeline_zero,280,E6,failed,-1,-1,LB-v1-20260822,0.0,-1,0.0,100.0,ER-HLNS-parallel-rescue,10205.303898503826,10205.303898503826,0,6d31b097d769abbeed551a245a2c0e974c976d24176a29c496b0d3149b0259ad,50.0,0.0,LB,104,0,time_critical_lightweight,task_time_critical_lightweight_2,emergency,0,1,0.7888680287525364
90171fbe6c43d824744bf74c21cfb67be192844fb30442991e2a129a5952d714,35,1,uav_3,2380.0,119,1.0,conditional_truck_tc,13800.0,690,50.0,0,,-1,E6,delivered,92,119,LB-v1-20260822,50.0,126,56.36930164364855,100.0,ER-HLNS-parallel-rescue,16046.827472122433,16046.827472122433,1,6d31b097d769abbeed551a245a2c0e974c976d24176a29c496b0d3149b0259ad,0.0,56.36930164364855,LB,104,1,time_critical_lightweight,task_time_critical_lightweight_3,emergency,0,1,0.8367675481815295
90171fbe6c43d824744bf74c21cfb67be192844fb30442991e2a129a5952d714,23,1,uav_2,3220.0,161,1.0,conditional_truck_tc,15360.0,768,50.0,0,,-1,E6,delivered,137,161,LB-v1-20260822,50.0,160,42.75982916236321,100.0,ER-HLNS-parallel-rescue,9174.482219933043,9174.482219933043,1,6d31b097d769abbeed551a245a2c0e974c976d24176a29c496b0d3149b0259ad,0.0,42.75982916236321,LB,104,1,time_critical_lightweight,task_time_critical_lightweight_4,emergency,0,1,0.8127661232413205
90171fbe6c43d824744bf74c21cfb67be192844fb30442991e2a129a5952d714,72,0,None,-1.0,-1,0.0,conditional_truck_tc,15960.0,798,50.0,1,lifeline_zero,281,E6,failed,116,-1,LB-v1-20260822,0.0,187,0.0,100.0,ER-HLNS-parallel-rescue,19651.540378591842,19651.540378591842,0,6d31b097d769abbeed551a245a2c0e974c976d24176a29c496b0d3149b0259ad,50.0,0.0,LB,104,0,time_critical_lightweight,task_time_critical_lightweight_5,emergency,0,1,0.8423225708886023
90171fbe6c43d824744bf74c21cfb67be192844fb30442991e2a129a5952d714,92,1,truck_3,1840.0,92,1.0,conditional_truck_tc,15600.0,780,50.0,0,,-1,E6,delivered,0,92,LB-v1-20260822,50.0,91,65.45952485839194,100.0,ER-HLNS-parallel-rescue,7018.248876048752,7018.248876048752,1,6d31b097d769abbeed551a245a2c0e974c976d24176a29c496b0d3149b0259ad,0.0,65.45952485839194,LB,104,1,time_critical_lightweight,task_time_critical_lightweight_6,emergency,0,1,0.8491294207660127
90171fbe6c43d824744bf74c21cfb67be192844fb30442991e2a129a5952d714,37,0,None,-1.0,-1,0.0,conditional_truck_tc,16200.0,810,50.0,1,lifeline_zero,248,E6,failed,153,-1,LB-v1-20260822,0.0,201,0.0,100.0,ER-HLNS-parallel-rescue,8377.6446781383,8377.6446781383,0,6d31b097d769abbeed551a245a2c0e974c976d24176a29c496b0d3149b0259ad,50.0,0.0,LB,104,0,time_critical_lightweight,task_time_critical_lightweight_7,emergency,0,1,0.9286770435131199
90171fbe6c43d824744bf74c21cfb67be192844fb30442991e2a129a5952d714,111,1,uav_1,2220.0,111,1.0,conditional_truck_tc,16800.0,840,50.0,0,,-1,E6,delivered,0,111,LB-v1-20260822,50.0,110,60.04662216435867,100.0,ER-HLNS-parallel-rescue,9300.70569730297,9300.70569730297,1,6d31b097d769abbeed551a245a2c0e974c976d24176a29c496b0d3149b0259ad,0.0,60.04662216435867,LB,104,1,time_critical_lightweight,task_time_critical_lightweight_8,emergency,0,1,0.8211665605115068
90171fbe6c43d824744bf74c21cfb67be192844fb30442991e2a129a5952d714,115,1,uav_5,4540.0,227,1.0,conditional_truck_tc,17400.0,870,50.0,0,,-1,E6,delivered,0,227,LB-v1-20260822,50.0,201,14.29193711191829,100.0,ER-HLNS-parallel-rescue,7532.933777727172,7532.933777727172,1,6d31b097d769abbeed551a245a2c0e974c976d24176a29c496b0d3149b0259ad,0.0,14.29193711191829,LB,104,1,time_critical_lightweight,task_time_critical_lightweight_9,emergency,0,1,0.8946614200318721
90171fbe6c43d824744bf74c21cfb67be192844fb30442991e2a129a5952d714,5,1,uav_5,2300.0,115,1.0,conditional_truck_tc,18000.0,900,50.0,0,,-1,E6,delivered,111,115,LB-v1-20260822,50.0,115,56.072536392839446,100.0,ER-HLNS-parallel-rescue,12110.343999723837,12110.343999723837,1,6d31b097d769abbeed551a245a2c0e974c976d24176a29c496b0d3149b0259ad,0.0,56.072536392839446,LB,104,1,time_critical_lightweight,task_time_critical_lightweight_10,emergency,0,1,0.9073734486686894
90171fbe6c43d824744bf74c21cfb67be192844fb30442991e2a129a5952d714,210,0,None,-1.0,-1,0.0,conditional_truck_tc,18600.0,930,50.0,1,lifeline_zero,255,E6,failed,0,-1,LB-v1-20260822,0.0,254,0.0,100.0,ER-HLNS-parallel-rescue,5010.518718001438,5010.518718001438,0,6d31b097d769abbeed551a245a2c0e974c976d24176a29c496b0d3149b0259ad,50.0,0.0,LB,104,0,time_critical_lightweight,task_time_critical_lightweight_11,emergency,0,1,0.7839172668337464
90171fbe6c43d824744bf74c21cfb67be192844fb30442991e2a129a5952d714,0,0,None,-1.0,-1,0.0,conditional_truck_tc,19200.0,960,800.0,1,deadline_exceeded,961,E6,failed,-1,-1,LB-v1-20260822,0.0,-1,10.085083014575781,100.0,ER-HLNS-parallel-rescue,12577.323912323805,12577.323912323805,0,3b78f010987a760cd1c9ce8fe266f5f3b33848863bd83ebdcd98e5167f448a82,800.0,0.0,LB,105,0,routine_bulk,task_routine_bulk_0,normal,1,0,0.4422958379032641
90171fbe6c43d824744bf74c21cfb67be192844fb30442991e2a129a5952d714,207,1,truck_1,7340.0,367,1.0,conditional_truck_tc,20400.0,1020,800.0,0,,-1,E6,delivered,159,367,LB-v1-20260822,800.0,366,68.40638850482306,100.0,ER-HLNS-parallel-rescue,8114.793341322871,8114.793341322871,1,3b78f010987a760cd1c9ce8fe266f5f3b33848863bd83ebdcd98e5167f448a82,0.0,68.40638850482306,LB,105,1,routine_bulk,task_routine_bulk_1,normal,1,0,0.35204079810666833
90171fbe6c43d824744bf74c21cfb67be192844fb30442991e2a129a5952d714,0,1,truck_2,3480.0,174,1.0,conditional_truck_tc,21600.0,1080,800.0,0,,-1,E6,delivered,-1,174,LB-v1-20260822,800.0,-1,84.24856666591577,100.0,ER-HLNS-parallel-rescue,8729.62675428584,8729.62675428584,1,3b78f010987a760cd1c9ce8fe266f5f3b33848863bd83ebdcd98e5167f448a82,0.0,84.24856666591577,LB,105,1,routine_bulk,task_routine_bulk_2,normal,1,0,0.287785035971319
90171fbe6c43d824744bf74c21cfb67be192844fb30442991e2a129a5952d714,93,0,None,-1.0,-1,0.0,conditional_truck_tc,22800.0,1140,800.0,1,lifeline_zero,1139,E6,failed,173,-1,LB-v1-20260822,0.0,265,0.0,100.0,ER-HLNS-parallel-rescue,5910.696567912473,5910.696567912473,0,3b78f010987a760cd1c9ce8fe266f5f3b33848863bd83ebdcd98e5167f448a82,800.0,0.0,LB,105,0,routine_bulk,task_routine_bulk_3,normal,1,0,0.350797741406931
90171fbe6c43d824744bf74c21cfb67be192844fb30442991e2a129a5952d714,156,1,truck_2,6420.0,321,1.0,conditional_truck_tc,24000.0,1200,800.0,0,,-1,E6,delivered,165,321,LB-v1-20260822,800.0,320,69.05434980763201,100.0,ER-HLNS-parallel-rescue,10694.004250403128,10694.004250403128,1,3b78f010987a760cd1c9ce8fe266f5f3b33848863bd83ebdcd98e5167f448a82,0.0,69.05434980763201,LB,105,1,routine_bulk,task_routine_bulk_4,normal,1,0,0.4555758510257406
90171fbe6c43d824744bf74c21cfb67be192844fb30442991e2a129a5952d714,53,0,None,-1.0,-1,0.0,conditional_truck_tc,25200.0,1260,800.0,1,lifeline_zero,1039,E6,failed,112,-1,LB-v1-20260822,0.0,164,0.0,100.0,ER-HLNS-parallel-rescue,11688.368471261618,11688.368471261618,0,3b78f010987a760cd1c9ce8fe266f5f3b33848863bd83ebdcd98e5167f448a82,800.0,0.0,LB,105,0,routine_bulk,task_routine_bulk_5,normal,1,0,0.4710880429495432
90171fbe6c43d824744bf74c21cfb67be192844fb30442991e2a129a5952d714,55,1,truck_2,4560.0,228,1.0,conditional_truck_tc,26400.0,1320,800.0,0,,-1,E6,delivered,173,228,LB-v1-20260822,800.0,227,78.41560180544136,100.0,ER-HLNS-parallel-rescue,6465.741892118609,6465.741892118609,1,3b78f010987a760cd1c9ce8fe266f5f3b33848863bd83ebdcd98e5167f448a82,0.0,78.41560180544136,LB,105,1,routine_bulk,task_routine_bulk_6,normal,1,0,0.4027653483499122
90171fbe6c43d824744bf74c21cfb67be192844fb30442991e2a129a5952d714,13,1,truck_0,2240.0,112,1.0,conditional_truck_tc,27600.0,1380,800.0,0,,-1,E6,delivered,99,112,LB-v1-20260822,800.0,111,88.41122595691289,100.0,ER-HLNS-parallel-rescue,5513.218277176952,5513.218277176952,1,3b78f010987a760cd1c9ce8fe266f5f3b33848863bd83ebdcd98e5167f448a82,0.0,88.41122595691289,LB,105,1,routine_bulk,task_routine_bulk_7,normal,1,0,0.4532664729099701
90171fbe6c43d824744bf74c21cfb67be192844fb30442991e2a129a5952d714,47,1,truck_3,940.0,47,1.0,conditional_truck_tc,12000.0,600,50.0,0,,-1,E6,delivered,0,47,LB-v1-20260822,50.0,46,81.27032178143024,100.0,ER-HLNS-parallel-rescue,3632.0997667878946,3632.0997667878946,1,3b78f010987a760cd1c9ce8fe266f5f3b33848863bd83ebdcd98e5167f448a82,0.0,81.27032178143024,LB,105,1,time_critical_lightweight,task_time_critical_lightweight_0,emergency,0,1,0.8976075549457397
90171fbe6c43d824744bf74c21cfb67be192844fb30442991e2a129a5952d714,57,1,truck_1,1140.0,57,1.0,conditional_truck_tc,12600.0,630,50.0,0,,-1,E6,delivered,0,57,LB-v1-20260822,50.0,56,77.71682390949934,100.0,ER-HLNS-parallel-rescue,4785.672150326649,4785.672150326649,1,3b78f010987a760cd1c9ce8fe266f5f3b33848863bd83ebdcd98e5167f448a82,0.0,77.71682390949934,LB,105,1,time_critical_lightweight,task_time_critical_lightweight_1,emergency,0,1,0.778127135572565
90171fbe6c43d824744bf74c21cfb67be192844fb30442991e2a129a5952d714,59,1,truck_0,1180.0,59,1.0,conditional_truck_tc,13200.0,660,50.0,0,,-1,E6,delivered,0,59,LB-v1-20260822,50.0,58,76.89140380511162,100.0,ER-HLNS-parallel-rescue,4398.113455086746,4398.113455086746,1,3b78f010987a760cd1c9ce8fe266f5f3b33848863bd83ebdcd98e5167f448a82,0.0,76.89140380511162,LB,105,1,time_critical_lightweight,task_time_critical_lightweight_2,emergency,0,1,0.7499811226475924
90171fbe6c43d824744bf74c21cfb67be192844fb30442991e2a129a5952d714,13,1,truck_1,1380.0,69,1.0,conditional_truck_tc,13800.0,690,50.0,0,,-1,E6,delivered,57,69,LB-v1-20260822,50.0,69,69.84603402252395,100.0,ER-HLNS-parallel-rescue,5420.674333996477,5420.674333996477,1,3b78f010987a760cd1c9ce8fe266f5f3b33848863bd83ebdcd98e5167f448a82,0.0,69.84603402252395,LB,105,1,time_critical_lightweight,task_time_critical_lightweight_3,emergency,0,1,0.9578263112503582
90171fbe6c43d824744bf74c21cfb67be192844fb30442991e2a129a5952d714,8,1,uav_2,4700.0,235,1.0,conditional_truck_tc,15360.0,768,50.0,0,,-1,E6,delivered,209,235,LB-v1-20260822,50.0,234,16.03252190439176,100.0,ER-HLNS-parallel-rescue,7181.023200554933,7181.023200554933,1,3b78f010987a760cd1c9ce8fe266f5f3b33848863bd83ebdcd98e5167f448a82,0.0,16.03252190439176,LB,105,1,time_critical_lightweight,task_time_critical_lightweight_4,emergency,0,1,0.795836380139859
90171fbe6c43d824744bf74c21cfb67be192844fb30442991e2a129a5952d714,0,1,truck_2,1480.0,74,1.0,conditional_truck_tc,15000.0,750,50.0,0,,-1,E6,delivered,-1,74,LB-v1-20260822,50.0,-1,70.62204205474112,100.0,ER-HLNS-parallel-rescue,6377.527483238084,6377.527483238084,1,3b78f010987a760cd1c9ce8fe266f5f3b33848863bd83ebdcd98e5167f448a82,0.0,70.62204205474112,LB,105,1,time_critical_lightweight,task_time_critical_lightweight_5,emergency,0,1,0.780918270447546
90171fbe6c43d824744bf74c21cfb67be192844fb30442991e2a129a5952d714,47,0,None,-1.0,-1,0.0,conditional_truck_tc,16560.0,828,50.0,1,lifeline_zero,281,E6,failed,47,-1,LB-v1-20260822,0.0,93,0.0,100.0,ER-HLNS-parallel-rescue,9029.776283917252,9029.776283917252,0,3b78f010987a760cd1c9ce8fe266f5f3b33848863bd83ebdcd98e5167f448a82,50.0,0.0,LB,105,0,time_critical_lightweight,task_time_critical_lightweight_6,emergency,0,1,0.8689360715219382
90171fbe6c43d824744bf74c21cfb67be192844fb30442991e2a129a5952d714,159,1,uav_2,3180.0,159,1.0,conditional_truck_tc,17160.0,858,50.0,0,,-1,E6,delivered,0,159,LB-v1-20260822,50.0,158,30.834582317702264,100.0,ER-HLNS-parallel-rescue,6748.743106898455,6748.743106898455,1,3b78f010987a760cd1c9ce8fe266f5f3b33848863bd83ebdcd98e5167f448a82,0.0,30.834582317702264,LB,105,1,time_critical_lightweight,task_time_critical_lightweight_7,emergency,0,1,0.9402474835352292
90171fbe6c43d824744bf74c21cfb67be192844fb30442991e2a129a5952d714,74,1,truck_0,2600.0,130,1.0,conditional_truck_tc,16800.0,840,50.0,0,,-1,E6,delivered,59,130,LB-v1-20260822,50.0,132,41.39084297963172,100.0,ER-HLNS-parallel-rescue,6916.263526249127,6916.263526249127,1,3b78f010987a760cd1c9ce8fe266f5f3b33848863bd83ebdcd98e5167f448a82,0.0,41.39084297963172,LB,105,1,time_critical_lightweight,task_time_critical_lightweight_8,emergency,0,1,0.9661089449093814
90171fbe6c43d824744bf74c21cfb67be192844fb30442991e2a129a5952d714,33,1,uav_5,3320.0,166,1.0,conditional_truck_tc,17400.0,870,50.0,0,,-1,E6,delivered,133,166,LB-v1-20260822,50.0,165,39.603122417118165,100.0,ER-HLNS-parallel-rescue,10495.756357098931,10495.756357098931,1,3b78f010987a760cd1c9ce8fe266f5f3b33848863bd83ebdcd98e5167f448a82,0.0,39.603122417118165,LB,105,1,time_critical_lightweight,task_time_critical_lightweight_9,emergency,0,1,0.8274854444539167
90171fbe6c43d824744bf74c21cfb67be192844fb30442991e2a129a5952d714,40,1,uav_0,3460.0,173,1.0,conditional_truck_tc,18000.0,900,50.0,0,,-1,E6,delivered,133,173,LB-v1-20260822,50.0,172,39.72128177177756,100.0,ER-HLNS-parallel-rescue,8510.237238411748,8510.237238411748,1,3b78f010987a760cd1c9ce8fe266f5f3b33848863bd83ebdcd98e5167f448a82,0.0,39.72128177177756,LB,105,1,time_critical_lightweight,task_time_critical_lightweight_10,emergency,0,1,0.7765952172368125
90171fbe6c43d824744bf74c21cfb67be192844fb30442991e2a129a5952d714,70,1,uav_1,3460.0,173,1.0,conditional_truck_tc,18600.0,930,50.0,0,,-1,E6,delivered,70,173,LB-v1-20260822,50.0,172,34.640530619174726,100.0,ER-HLNS-parallel-rescue,10506.128035288262,10506.128035288262,1,3b78f010987a760cd1c9ce8fe266f5f3b33848863bd83ebdcd98e5167f448a82,0.0,34.640530619174726,LB,105,1,time_critical_lightweight,task_time_critical_lightweight_11,emergency,0,1,0.8832814159350445
90171fbe6c43d824744bf74c21cfb67be192844fb30442991e2a129a5952d714,0,1,truck_2,740.0,37,1.0,conditional_truck_tc,19200.0,960,800.0,0,,-1,E6,delivered,-1,37,LB-v1-20260822,800.0,-1,96.54777720445192,100.0,ER-HLNS-parallel-rescue,3049.050045046094,3049.050045046094,1,fcefbc9abfc66bd7f8a81917f0e29d62e4cdd17ebc8eaf60f04f71086ccb5643,0.0,96.54777720445192,LB,106,1,routine_bulk,task_routine_bulk_0,normal,1,0,0.3041748807187687
90171fbe6c43d824744bf74c21cfb67be192844fb30442991e2a129a5952d714,0,1,truck_3,4160.0,208,1.0,conditional_truck_tc,20400.0,1020,800.0,0,,-1,E6,delivered,-1,208,LB-v1-20260822,800.0,-1,83.5239304444253,100.0,ER-HLNS-parallel-rescue,11755.03202291802,11755.03202291802,1,fcefbc9abfc66bd7f8a81917f0e29d62e4cdd17ebc8eaf60f04f71086ccb5643,0.0,83.5239304444253,LB,106,1,routine_bulk,task_routine_bulk_1,normal,1,0,0.23717705835687986
90171fbe6c43d824744bf74c21cfb67be192844fb30442991e2a129a5952d714,66,0,None,-1.0,-1,0.0,conditional_truck_tc,21600.0,1080,800.0,1,deadline_exceeded,1081,E6,failed,157,-1,LB-v1-20260822,0.0,285,20.801206276397178,100.0,ER-HLNS-parallel-rescue,7762.225913505712,7762.225913505712,0,fcefbc9abfc66bd7f8a81917f0e29d62e4cdd17ebc8eaf60f04f71086ccb5643,800.0,0.0,LB,106,0,routine_bulk,task_routine_bulk_2,normal,1,0,0.20180158138940132
90171fbe6c43d824744bf74c21cfb67be192844fb30442991e2a129a5952d714,66,0,None,-1.0,-1,0.0,conditional_truck_tc,22800.0,1140,800.0,1,lifeline_zero,1126,E6,failed,182,-1,LB-v1-20260822,0.0,285,0.0,100.0,ER-HLNS-parallel-rescue,7568.718729445891,7568.718729445891,0,fcefbc9abfc66bd7f8a81917f0e29d62e4cdd17ebc8eaf60f04f71086ccb5643,800.0,0.0,LB,106,0,routine_bulk,task_routine_bulk_3,normal,1,0,0.3703078937759816
90171fbe6c43d824744bf74c21cfb67be192844fb30442991e2a129a5952d714,0,1,truck_3,2120.0,106,1.0,conditional_truck_tc,24000.0,1200,800.0,0,,-1,E6,delivered,-1,106,LB-v1-20260822,800.0,-1,91.41083586159287,100.0,ER-HLNS-parallel-rescue,7346.585050938757,7346.585050938757,1,fcefbc9abfc66bd7f8a81917f0e29d62e4cdd17ebc8eaf60f04f71086ccb5643,0.0,91.41083586159287,LB,106,1,routine_bulk,task_routine_bulk_4,normal,1,0,0.25635863431386674
90171fbe6c43d824744bf74c21cfb67be192844fb30442991e2a129a5952d714,9,1,truck_0,180.0,9,1.0,conditional_truck_tc,25200.0,1260,800.0,0,,-1,E6,delivered,0,9,LB-v1-20260822,800.0,8,98.94528326534876,100.0,ER-HLNS-parallel-rescue,321.7564136050573,321.7564136050573,1,fcefbc9abfc66bd7f8a81917f0e29d62e4cdd17ebc8eaf60f04f71086ccb5643,0.0,98.94528326534876,LB,106,1,routine_bulk,task_routine_bulk_5,normal,1,0,0.5920820278261801
90171fbe6c43d824744bf74c21cfb67be192844fb30442991e2a129a5952d714,14,1,truck_3,280.0,14,1.0,conditional_truck_tc,26400.0,1320,800.0,0,,-1,E6,delivered,0,14,LB-v1-20260822,800.0,13,98.72376561355583,100.0,ER-HLNS-parallel-rescue,741.1163378438463,741.1163378438463,1,fcefbc9abfc66bd7f8a81917f0e29d62e4cdd17ebc8eaf60f04f71086ccb5643,0.0,98.72376561355583,LB,106,1,routine_bulk,task_routine_bulk_6,normal,1,0,0.3294775831790963
90171fbe6c43d824744bf74c21cfb67be192844fb30442991e2a129a5952d714,27,0,None,-1.0,-1,0.0,conditional_truck_tc,27600.0,1380,800.0,1,lifeline_zero,947,E6,failed,138,-1,LB-v1-20260822,0.0,266,0.0,100.0,ER-HLNS-parallel-rescue,4309.209615779867,4309.209615779867,0,fcefbc9abfc66bd7f8a81917f0e29d62e4cdd17ebc8eaf60f04f71086ccb5643,800.0,0.0,LB,106,0,routine_bulk,task_routine_bulk_7,normal,1,0,0.5555376124004635
90171fbe6c43d824744bf74c21cfb67be192844fb30442991e2a129a5952d714,23,1,uav_2,5040.0,252,1.0,conditional_truck_tc,12000.0,600,50.0,0,,-1,E6,delivered,229,252,LB-v1-20260822,50.0,251,14.34858841763863,100.0,ER-HLNS-parallel-rescue,11354.674767540788,11354.674767540788,1,fcefbc9abfc66bd7f8a81917f0e29d62e4cdd17ebc8eaf60f04f71086ccb5643,0.0,14.34858841763863,LB,106,1,time_critical_lightweight,task_time_critical_lightweight_0,emergency,0,1,0.774646165207239
90171fbe6c43d824744bf74c21cfb67be192844fb30442991e2a129a5952d714,90,1,truck_2,1780.0,89,1.0,conditional_truck_tc,12600.0,630,50.0,0,,-1,E6,delivered,0,89,LB-v1-20260822,50.0,89,66.57741904682068,100.0,ER-HLNS-parallel-rescue,7230.961196434538,7230.961196434538,1,fcefbc9abfc66bd7f8a81917f0e29d62e4cdd17ebc8eaf60f04f71086ccb5643,0.0,66.57741904682068,LB,106,1,time_critical_lightweight,task_time_critical_lightweight_1,emergency,0,1,0.7809525578988008
90171fbe6c43d824744bf74c21cfb67be192844fb30442991e2a129a5952d714,70,1,truck_3,3040.0,152,1.0,conditional_truck_tc,13200.0,660,50.0,0,,-1,E6,delivered,27,152,LB-v1-20260822,50.0,156,41.6264820640276,100.0,ER-HLNS-parallel-rescue,9555.659530191586,9555.659530191586,1,fcefbc9abfc66bd7f8a81917f0e29d62e4cdd17ebc8eaf60f04f71086ccb5643,0.0,41.6264820640276,LB,106,1,time_critical_lightweight,task_time_critical_lightweight_2,emergency,0,1,0.9049880278821211
90171fbe6c43d824744bf74c21cfb67be192844fb30442991e2a129a5952d714,27,1,uav_1,540.0,27,1.0,conditional_truck_tc,13800.0,690,50.0,0,,-1,E6,delivered,0,27,LB-v1-20260822,50.0,26,90.38111971911025,100.0,ER-HLNS-parallel-rescue,2616.5347358552845,2616.5347358552845,1,fcefbc9abfc66bd7f8a81917f0e29d62e4cdd17ebc8eaf60f04f71086ccb5643,0.0,90.38111971911025,LB,106,1,time_critical_lightweight,task_time_critical_lightweight_3,emergency,0,1,0.7465918500496874
90171fbe6c43d824744bf74c21cfb67be192844fb30442991e2a129a5952d714,88,1,truck_0,1940.0,97,1.0,conditional_truck_tc,14400.0,720,50.0,0,,-1,E6,delivered,9,97,LB-v1-20260822,50.0,96,62.219586672239984,100.0,ER-HLNS-parallel-rescue,4481.754838637108,4481.754838637108,1,fcefbc9abfc66bd7f8a81917f0e29d62e4cdd17ebc8eaf60f04f71086ccb5643,0.0,62.219586672239984,LB,106,1,time_critical_lightweight,task_time_critical_lightweight_4,emergency,0,1,0.7312565824232282
90171fbe6c43d824744bf74c21cfb67be192844fb30442991e2a129a5952d714,79,1,truck_2,3640.0,182,1.0,conditional_truck_tc,15000.0,750,50.0,0,,-1,E6,delivered,103,182,LB-v1-20260822,50.0,181,29.145303303710076,100.0,ER-HLNS-parallel-rescue,9318.293364685915,9318.293364685915,1,fcefbc9abfc66bd7f8a81917f0e29d62e4cdd17ebc8eaf60f04f71086ccb5643,0.0,29.145303303710076,LB,106,1,time_critical_lightweight,task_time_critical_lightweight_5,emergency,0,1,0.9426048541447214
90171fbe6c43d824744bf74c21cfb67be192844fb30442991e2a129a5952d714,13,1,truck_2,2060.0,103,1.0,conditional_truck_tc,15600.0,780,50.0,0,,-1,E6,delivered,90,103,LB-v1-20260822,50.0,102,60.924938025840866,100.0,ER-HLNS-parallel-rescue,8013.192717317415,8013.192717317415,1,fcefbc9abfc66bd7f8a81917f0e29d62e4cdd17ebc8eaf60f04f71086ccb5643,0.0,60.924938025840866,LB,106,1,time_critical_lightweight,task_time_critical_lightweight_6,emergency,0,1,0.8110072138332803
90171fbe6c43d824744bf74c21cfb67be192844fb30442991e2a129a5952d714,71,0,None,-1.0,-1,0.0,conditional_truck_tc,17160.0,858,50.0,1,lifeline_zero,232,E6,failed,147,-1,LB-v1-20260822,0.0,231,0.0,100.0,ER-HLNS-parallel-rescue,13599.829777370682,13599.829777370682,0,fcefbc9abfc66bd7f8a81917f0e29d62e4cdd17ebc8eaf60f04f71086ccb5643,50.0,0.0,LB,106,0,time_critical_lightweight,task_time_critical_lightweight_7,emergency,0,1,0.8975879731334194
90171fbe6c43d824744bf74c21cfb67be192844fb30442991e2a129a5952d714,101,1,uav_3,4660.0,233,1.0,conditional_truck_tc,16800.0,840,50.0,0,,-1,E6,delivered,99,233,LB-v1-20260822,50.0,232,7.856796994368383,100.0,ER-HLNS-parallel-rescue,9583.174302716527,9583.174302716527,1,fcefbc9abfc66bd7f8a81917f0e29d62e4cdd17ebc8eaf60f04f71086ccb5643,0.0,7.856796994368383,LB,106,1,time_critical_lightweight,task_time_critical_lightweight_8,emergency,0,1,0.9606920144075497
90171fbe6c43d824744bf74c21cfb67be192844fb30442991e2a129a5952d714,28,1,uav_1,5140.0,257,1.0,conditional_truck_tc,18360.0,918,50.0,0,,-1,E6,delivered,229,257,LB-v1-20260822,50.0,256,9.100455930042399,100.0,ER-HLNS-parallel-rescue,11419.695818305287,11419.695818305287,1,fcefbc9abfc66bd7f8a81917f0e29d62e4cdd17ebc8eaf60f04f71086ccb5643,0.0,9.100455930042399,LB,106,1,time_critical_lightweight,task_time_critical_lightweight_9,emergency,0,1,0.7350690289126702
90171fbe6c43d824744bf74c21cfb67be192844fb30442991e2a129a5952d714,158,1,uav_3,5340.0,267,1.0,conditional_truck_tc,18960.0,948,50.0,0,,-1,E6,delivered,14,267,LB-v1-20260822,50.0,266,5.6478571370639346,100.0,ER-HLNS-parallel-rescue,9944.256660494088,9944.256660494088,1,fcefbc9abfc66bd7f8a81917f0e29d62e4cdd17ebc8eaf60f04f71086ccb5643,0.0,5.6478571370639346,LB,106,1,time_critical_lightweight,task_time_critical_lightweight_10,emergency,0,1,0.8116832852154032
90171fbe6c43d824744bf74c21cfb67be192844fb30442991e2a129a5952d714,68,1,uav_3,3400.0,170,1.0,conditional_truck_tc,18600.0,930,50.0,0,,-1,E6,delivered,90,170,LB-v1-20260822,50.0,169,37.59228394860349,100.0,ER-HLNS-parallel-rescue,9249.538160907647,9249.538160907647,1,fcefbc9abfc66bd7f8a81917f0e29d62e4cdd17ebc8eaf60f04f71086ccb5643,0.0,37.59228394860349,LB,106,1,time_critical_lightweight,task_time_critical_lightweight_11,emergency,0,1,0.8206547515719875
90171fbe6c43d824744bf74c21cfb67be192844fb30442991e2a129a5952d714,730,0,None,-1.0,-1,0.0,conditional_truck_tc,19200.0,960,800.0,1,lifeline_zero,908,E6,failed,178,-1,LB-v1-20260822,0.0,907,0.0,100.0,ER-HLNS-parallel-rescue,4676.861376701063,4676.861376701063,0,776514e6a972a08d3c65970387083485b63964843dbab0a59981f94120fdea23,800.0,0.0,LB,107,0,routine_bulk,task_routine_bulk_0,normal,1,0,0.5706680857831006
90171fbe6c43d824744bf74c21cfb67be192844fb30442991e2a129a5952d714,60,1,truck_0,2340.0,117,1.0,conditional_truck_tc,20400.0,1020,800.0,0,,-1,E6,delivered,57,117,LB-v1-20260822,800.0,116,90.53764006725626,100.0,ER-HLNS-parallel-rescue,4365.266097324558,4365.266097324558,1,776514e6a972a08d3c65970387083485b63964843dbab0a59981f94120fdea23,0.0,90.53764006725626,LB,107,1,routine_bulk,task_routine_bulk_1,normal,1,0,0.2966517718910157
90171fbe6c43d824744bf74c21cfb67be192844fb30442991e2a129a5952d714,0,1,truck_0,760.0,38,1.0,conditional_truck_tc,21600.0,1080,800.0,0,,-1,E6,delivered,-1,38,LB-v1-20260822,800.0,-1,95.95163454467597,100.0,ER-HLNS-parallel-rescue,3168.672550952722,3168.672550952722,1,776514e6a972a08d3c65970387083485b63964843dbab0a59981f94120fdea23,0.0,95.95163454467597,LB,107,1,routine_bulk,task_routine_bulk_2,normal,1,0,0.5547067970949975
90171fbe6c43d824744bf74c21cfb67be192844fb30442991e2a129a5952d714,9,1,truck_0,2640.0,132,1.0,conditional_truck_tc,22800.0,1140,800.0,0,,-1,E6,delivered,123,132,LB-v1-20260822,800.0,131,89.91020381216939,100.0,ER-HLNS-parallel-rescue,3245.16352904983,3245.16352904983,1,776514e6a972a08d3c65970387083485b63964843dbab0a59981f94120fdea23,0.0,89.91020381216939,LB,107,1,routine_bulk,task_routine_bulk_3,normal,1,0,0.2436562031867523
90171fbe6c43d824744bf74c21cfb67be192844fb30442991e2a129a5952d714,128,1,truck_0,5080.0,254,1.0,conditional_truck_tc,24000.0,1200,800.0,0,,-1,E6,delivered,103,254,LB-v1-20260822,800.0,253,76.4397403537009,100.0,ER-HLNS-parallel-rescue,5980.171646239756,5980.171646239756,1,776514e6a972a08d3c65970387083485b63964843dbab0a59981f94120fdea23,0.0,76.4397403537009,LB,107,1,routine_bulk,task_routine_bulk_4,normal,1,0,0.4304808019757515
90171fbe6c43d824744bf74c21cfb67be192844fb30442991e2a129a5952d714,98,1,truck_1,4240.0,212,1.0,conditional_truck_tc,25200.0,1260,800.0,0,,-1,E6,delivered,102,212,LB-v1-20260822,800.0,211,80.60446703649663,100.0,ER-HLNS-parallel-rescue,4790.794991940095,4790.794991940095,1,776514e6a972a08d3c65970387083485b63964843dbab0a59981f94120fdea23,0.0,80.60446703649663,LB,107,1,routine_bulk,task_routine_bulk_5,normal,1,0,0.3804450519899658
90171fbe6c43d824744bf74c21cfb67be192844fb30442991e2a129a5952d714,162,0,None,-1.0,-1,0.0,conditional_truck_tc,26400.0,1320,800.0,1,lifeline_zero,1299,E6,failed,212,-1,LB-v1-20260822,0.0,373,0.0,100.0,ER-HLNS-parallel-rescue,9323.57765247018,9323.57765247018,0,776514e6a972a08d3c65970387083485b63964843dbab0a59981f94120fdea23,800.0,0.0,LB,107,0,routine_bulk,task_routine_bulk_6,normal,1,0,0.2221731791610967
90171fbe6c43d824744bf74c21cfb67be192844fb30442991e2a129a5952d714,107,1,truck_2,4900.0,245,1.0,conditional_truck_tc,27600.0,1380,800.0,0,,-1,E6,delivered,117,245,LB-v1-20260822,800.0,244,76.47517362452754,100.0,ER-HLNS-parallel-rescue,2675.351273261336,2675.351273261336,1,776514e6a972a08d3c65970387083485b63964843dbab0a59981f94120fdea23,0.0,76.47517362452754,LB,107,1,routine_bulk,task_routine_bulk_7,normal,1,0,0.4377062722154169
90171fbe6c43d824744bf74c21cfb67be192844fb30442991e2a129a5952d714,100,1,uav_2,2820.0,141,1.0,conditional_truck_tc,12000.0,600,50.0,0,,-1,E6,delivered,27,141,LB-v1-20260822,50.0,140,48.03019824985072,100.0,ER-HLNS-parallel-rescue,5394.62580921223,5394.62580921223,1,776514e6a972a08d3c65970387083485b63964843dbab0a59981f94120fdea23,0.0,48.03019824985072,LB,107,1,time_critical_lightweight,task_time_critical_lightweight_0,emergency,0,1,0.8302499593770897
90171fbe6c43d824744bf74c21cfb67be192844fb30442991e2a129a5952d714,40,1,truck_2,740.0,37,1.0,conditional_truck_tc,12600.0,630,50.0,0,,-1,E6,delivered,0,37,LB-v1-20260822,50.0,39,86.57720368581776,100.0,ER-HLNS-parallel-rescue,1255.9076213524656,1255.9076213524656,1,776514e6a972a08d3c65970387083485b63964843dbab0a59981f94120fdea23,0.0,86.57720368581776,LB,107,1,time_critical_lightweight,task_time_critical_lightweight_1,emergency,1,1,0.7411016998019768
90171fbe6c43d824744bf74c21cfb67be192844fb30442991e2a129a5952d714,17,1,uav_1,1780.0,89,1.0,conditional_truck_tc,14160.0,708,50.0,0,,-1,E6,delivered,72,89,LB-v1-20260822,50.0,88,70.40879593704827,100.0,ER-HLNS-parallel-rescue,8978.493170966221,8978.493170966221,1,776514e6a972a08d3c65970387083485b63964843dbab0a59981f94120fdea23,0.0,70.40879593704827,LB,107,1,time_critical_lightweight,task_time_critical_lightweight_2,emergency,0,1,0.7545769185202815
90171fbe6c43d824744bf74c21cfb67be192844fb30442991e2a129a5952d714,13,1,uav_5,2300.0,115,1.0,conditional_truck_tc,14760.0,738,50.0,0,,-1,E6,delivered,89,115,LB-v1-20260822,50.0,101,59.556945749422304,100.0,ER-HLNS-parallel-rescue,9241.05280832803,9241.05280832803,1,776514e6a972a08d3c65970387083485b63964843dbab0a59981f94120fdea23,0.0,59.556945749422304,LB,107,1,time_critical_lightweight,task_time_critical_lightweight_3,emergency,0,1,0.8390694278116883
90171fbe6c43d824744bf74c21cfb67be192844fb30442991e2a129a5952d714,28,1,uav_0,560.0,28,1.0,conditional_truck_tc,14400.0,720,50.0,0,,-1,E6,delivered,0,28,LB-v1-20260822,50.0,27,90.0398870849192,100.0,ER-HLNS-parallel-rescue,2739.1399798010775,2739.1399798010775,1,776514e6a972a08d3c65970387083485b63964843dbab0a59981f94120fdea23,0.0,90.0398870849192,LB,107,1,time_critical_lightweight,task_time_critical_lightweight_4,emergency,0,1,0.8046278717993235
90171fbe6c43d824744bf74c21cfb67be192844fb30442991e2a129a5952d714,63,1,uav_3,2060.0,103,1.0,conditional_truck_tc,15000.0,750,50.0,0,,-1,E6,delivered,40,103,LB-v1-20260822,50.0,102,60.607258493627995,100.0,ER-HLNS-parallel-rescue,3797.4401881228073,3797.4401881228073,1,776514e6a972a08d3c65970387083485b63964843dbab0a59981f94120fdea23,0.0,60.607258493627995,LB,107,1,time_critical_lightweight,task_time_critical_lightweight_5,emergency,0,1,0.90085693700648
90171fbe6c43d824744bf74c21cfb67be192844fb30442991e2a129a5952d714,35,1,uav_0,3780.0,189,1.0,conditional_truck_tc,15600.0,780,50.0,0,,-1,E6,delivered,105,189,LB-v1-20260822,50.0,188,32.87336453136052,100.0,ER-HLNS-parallel-rescue,5747.812352952764,5747.812352952764,1,776514e6a972a08d3c65970387083485b63964843dbab0a59981f94120fdea23,0.0,32.87336453136052,LB,107,1,time_critical_lightweight,task_time_critical_lightweight_6,emergency,0,1,0.7731538051901221
90171fbe6c43d824744bf74c21cfb67be192844fb30442991e2a129a5952d714,25,1,uav_2,3560.0,178,1.0,conditional_truck_tc,17160.0,858,50.0,0,,-1,E6,delivered,153,178,LB-v1-20260822,50.0,177,35.70484256619692,100.0,ER-HLNS-parallel-rescue,9338.434762348648,9338.434762348648,1,776514e6a972a08d3c65970387083485b63964843dbab0a59981f94120fdea23,0.0,35.70484256619692,LB,107,1,time_critical_lightweight,task_time_critical_lightweight_7,emergency,0,1,0.8164838175840352
90171fbe6c43d824744bf74c21cfb67be192844fb30442991e2a129a5952d714,29,1,truck_0,1140.0,57,1.0,conditional_truck_tc,16800.0,840,50.0,0,,-1,E6,delivered,28,57,LB-v1-20260822,50.0,56,77.0668716600288,100.0,ER-HLNS-parallel-rescue,4433.27498858184,4433.27498858184,1,776514e6a972a08d3c65970387083485b63964843dbab0a59981f94120fdea23,0.0,77.0668716600288,LB,107,1,time_critical_lightweight,task_time_critical_lightweight_8,emergency,0,1,0.969115762600605
90171fbe6c43d824744bf74c21cfb67be192844fb30442991e2a129a5952d714,27,1,truck_2,540.0,27,1.0,conditional_truck_tc,17400.0,870,50.0,0,,-1,E6,delivered,0,27,LB-v1-20260822,50.0,26,88.36753957314518,100.0,ER-HLNS-parallel-rescue,1706.9408225484358,1706.9408225484358,1,776514e6a972a08d3c65970387083485b63964843dbab0a59981f94120fdea23,0.0,88.36753957314518,LB,107,1,time_critical_lightweight,task_time_critical_lightweight_9,emergency,0,1,0.9597035886893125
90171fbe6c43d824744bf74c21cfb67be192844fb30442991e2a129a5952d714,59,1,truck_1,1180.0,59,1.0,conditional_truck_tc,18000.0,900,50.0,0,,-1,E6,delivered,0,59,LB-v1-20260822,50.0,58,78.39077720994516,100.0,ER-HLNS-parallel-rescue,3763.818128189182,3763.818128189182,1,776514e6a972a08d3c65970387083485b63964843dbab0a59981f94120fdea23,0.0,78.39077720994516,LB,107,1,time_critical_lightweight,task_time_critical_lightweight_10,emergency,0,1,0.8653418966582734
90171fbe6c43d824744bf74c21cfb67be192844fb30442991e2a129a5952d714,13,1,uav_5,1360.0,68,1.0,conditional_truck_tc,18600.0,930,50.0,0,,-1,E6,delivered,59,68,LB-v1-20260822,50.0,71,73.36206117460976,100.0,ER-HLNS-parallel-rescue,5710.389558214626,5710.389558214626,1,776514e6a972a08d3c65970387083485b63964843dbab0a59981f94120fdea23,0.0,73.36206117460976,LB,107,1,time_critical_lightweight,task_time_critical_lightweight_11,emergency,0,1,0.961564265025886
90171fbe6c43d824744bf74c21cfb67be192844fb30442991e2a129a5952d714,26,1,truck_0,4260.0,213,1.0,conditional_truck_tc,19200.0,960,800.0,0,,-1,E6,delivered,83,213,LB-v1-20260822,800.0,108,76.37999597180223,100.0,ER-HLNS-parallel-rescue,2859.966141595017,2859.966141595017,1,7e532ee3b4456b7689ed3fe0d83024b0ff20f066b0dd0af8d48950b7b0df61f3,0.0,76.37999597180223,LB,108,1,routine_bulk,task_routine_bulk_0,normal,1,0,0.5609855287075038
90171fbe6c43d824744bf74c21cfb67be192844fb30442991e2a129a5952d714,0,1,truck_1,2960.0,148,1.0,conditional_truck_tc,20400.0,1020,800.0,0,,-1,E6,delivered,-1,148,LB-v1-20260822,800.0,-1,83.9631604523834,100.0,ER-HLNS-parallel-rescue,5637.344423392569,5637.344423392569,1,7e532ee3b4456b7689ed3fe0d83024b0ff20f066b0dd0af8d48950b7b0df61f3,0.0,83.9631604523834,LB,108,1,routine_bulk,task_routine_bulk_1,normal,1,0,0.501236365885313
90171fbe6c43d824744bf74c21cfb67be192844fb30442991e2a129a5952d714,179,0,None,-1.0,-1,0.0,conditional_truck_tc,21600.0,1080,800.0,1,lifeline_zero,962,E6,failed,235,-1,LB-v1-20260822,0.0,413,0.0,100.0,ER-HLNS-parallel-rescue,9942.057192264663,9942.057192264663,0,7e532ee3b4456b7689ed3fe0d83024b0ff20f066b0dd0af8d48950b7b0df61f3,800.0,0.0,LB,108,0,routine_bulk,task_routine_bulk_2,normal,1,0,0.5555026708663071
90171fbe6c43d824744bf74c21cfb67be192844fb30442991e2a129a5952d714,0,1,truck_0,1020.0,51,1.0,conditional_truck_tc,22800.0,1140,800.0,0,,-1,E6,delivered,-1,51,LB-v1-20260822,800.0,-1,95.56548672714192,100.0,ER-HLNS-parallel-rescue,4666.121541604554,4666.121541604554,1,7e532ee3b4456b7689ed3fe0d83024b0ff20f066b0dd0af8d48950b7b0df61f3,0.0,95.56548672714192,LB,108,1,routine_bulk,task_routine_bulk_3,normal,1,0,0.3185650985937015
90171fbe6c43d824744bf74c21cfb67be192844fb30442991e2a129a5952d714,880,0,None,-1.0,-1,0.0,conditional_truck_tc,24000.0,1200,800.0,1,lifeline_zero,1157,E6,failed,277,-1,LB-v1-20260822,0.0,1156,0.0,100.0,ER-HLNS-parallel-rescue,6781.35066497251,6781.35066497251,0,7e532ee3b4456b7689ed3fe0d83024b0ff20f066b0dd0af8d48950b7b0df61f3,800.0,0.0,LB,108,0,routine_bulk,task_routine_bulk_4,normal,1,0,0.34064574335616304
90171fbe6c43d824744bf74c21cfb67be192844fb30442991e2a129a5952d714,0,1,truck_1,1140.0,57,1.0,conditional_truck_tc,25200.0,1260,800.0,0,,-1,E6,delivered,-1,57,LB-v1-20260822,800.0,-1,95.20410833797288,100.0,ER-HLNS-parallel-rescue,4155.704745337662,4155.704745337662,1,7e532ee3b4456b7689ed3fe0d83024b0ff20f066b0dd0af8d48950b7b0df61f3,0.0,95.20410833797288,LB,108,1,routine_bulk,task_routine_bulk_5,normal,1,0,0.25864485362533485
90171fbe6c43d824744bf74c21cfb67be192844fb30442991e2a129a5952d714,122,0,None,-1.0,-1,0.0,conditional_truck_tc,26400.0,1320,800.0,1,lifeline_zero,1141,E6,failed,240,-1,LB-v1-20260822,0.0,361,0.0,100.0,ER-HLNS-parallel-rescue,10185.81922082076,10185.81922082076,0,7e532ee3b4456b7689ed3fe0d83024b0ff20f066b0dd0af8d48950b7b0df61f3,800.0,0.0,LB,108,0,routine_bulk,task_routine_bulk_6,normal,1,0,0.343202237017046
90171fbe6c43d824744bf74c21cfb67be192844fb30442991e2a129a5952d714,0,1,truck_1,5420.0,271,1.0,conditional_truck_tc,27600.0,1380,800.0,0,,-1,E6,delivered,-1,271,LB-v1-20260822,800.0,-1,69.01537066471337,100.0,ER-HLNS-parallel-rescue,7723.085120746713,7723.085120746713,1,7e532ee3b4456b7689ed3fe0d83024b0ff20f066b0dd0af8d48950b7b0df61f3,0.0,69.01537066471337,LB,108,1,routine_bulk,task_routine_bulk_7,normal,1,0,0.5744015331175518
90171fbe6c43d824744bf74c21cfb67be192844fb30442991e2a129a5952d714,32,1,truck_2,1680.0,84,1.0,conditional_truck_tc,12000.0,600,50.0,0,,-1,E6,delivered,52,84,LB-v1-20260822,50.0,83,70.49181563146924,100.0,ER-HLNS-parallel-rescue,6586.287052661501,6586.287052661501,1,7e532ee3b4456b7689ed3fe0d83024b0ff20f066b0dd0af8d48950b7b0df61f3,0.0,70.49181563146924,LB,108,1,time_critical_lightweight,task_time_critical_lightweight_0,emergency,0,1,0.7335914098601112
90171fbe6c43d824744bf74c21cfb67be192844fb30442991e2a129a5952d714,10,1,uav_1,4700.0,235,1.0,conditional_truck_tc,12600.0,630,50.0,0,,-1,E6,delivered,225,235,LB-v1-20260822,50.0,234,7.601075548062951,100.0,ER-HLNS-parallel-rescue,7574.794648674728,7574.794648674728,1,7e532ee3b4456b7689ed3fe0d83024b0ff20f066b0dd0af8d48950b7b0df61f3,0.0,7.601075548062951,LB,108,1,time_critical_lightweight,task_time_critical_lightweight_1,emergency,0,1,0.8868543307242109
90171fbe6c43d824744bf74c21cfb67be192844fb30442991e2a129a5952d714,6,0,None,-1.0,-1,0.0,conditional_truck_tc,14160.0,708,50.0,1,lifeline_zero,240,E6,failed,233,-1,LB-v1-20260822,0.0,239,0.0,100.0,ER-HLNS-parallel-rescue,11991.929167998902,11991.929167998902,0,7e532ee3b4456b7689ed3fe0d83024b0ff20f066b0dd0af8d48950b7b0df61f3,50.0,0.0,LB,108,0,time_critical_lightweight,task_time_critical_lightweight_2,emergency,0,1,0.8622104462015817
90171fbe6c43d824744bf74c21cfb67be192844fb30442991e2a129a5952d714,31,0,None,-1.0,-1,0.0,conditional_truck_tc,13800.0,690,50.0,1,lifeline_zero,239,E6,failed,187,-1,LB-v1-20260822,0.0,222,0.0,100.0,ER-HLNS-parallel-rescue,14817.022911695385,14817.022911695385,0,7e532ee3b4456b7689ed3fe0d83024b0ff20f066b0dd0af8d48950b7b0df61f3,50.0,0.0,LB,108,0,time_critical_lightweight,task_time_critical_lightweight_3,emergency,0,1,0.8776064072695569
90171fbe6c43d824744bf74c21cfb67be192844fb30442991e2a129a5952d714,75,1,truck_0,1500.0,75,1.0,conditional_truck_tc,14400.0,720,50.0,0,,-1,E6,delivered,0,75,LB-v1-20260822,50.0,74,68.85985482631354,100.0,ER-HLNS-parallel-rescue,4754.029733786183,4754.029733786183,1,7e532ee3b4456b7689ed3fe0d83024b0ff20f066b0dd0af8d48950b7b0df61f3,0.0,68.85985482631354,LB,108,1,time_critical_lightweight,task_time_critical_lightweight_4,emergency,0,1,0.9812414865193095
90171fbe6c43d824744bf74c21cfb67be192844fb30442991e2a129a5952d714,60,1,uav_0,5660.0,283,1.0,conditional_truck_tc,15960.0,798,50.0,0,,-1,E6,delivered,223,283,LB-v1-20260822,50.0,282,4.4537816893628115,100.0,ER-HLNS-parallel-rescue,5403.282100579913,5403.282100579913,1,7e532ee3b4456b7689ed3fe0d83024b0ff20f066b0dd0af8d48950b7b0df61f3,0.0,4.4537816893628115,LB,108,1,time_critical_lightweight,task_time_critical_lightweight_5,emergency,0,1,0.7361653400527843
90171fbe6c43d824744bf74c21cfb67be192844fb30442991e2a129a5952d714,71,1,truck_1,1420.0,71,1.0,conditional_truck_tc,15600.0,780,50.0,0,,-1,E6,delivered,0,71,LB-v1-20260822,50.0,70,72.62988715031706,100.0,ER-HLNS-parallel-rescue,3513.9142900961356,3513.9142900961356,1,7e532ee3b4456b7689ed3fe0d83024b0ff20f066b0dd0af8d48950b7b0df61f3,0.0,72.62988715031706,LB,108,1,time_critical_lightweight,task_time_critical_lightweight_6,emergency,0,1,0.8281854223501783
90171fbe6c43d824744bf74c21cfb67be192844fb30442991e2a129a5952d714,152,1,truck_1,4420.0,221,1.0,conditional_truck_tc,16200.0,810,50.0,0,,-1,E6,delivered,71,221,LB-v1-20260822,50.0,222,7.780309517436759,100.0,ER-HLNS-parallel-rescue,7067.058621787813,7067.058621787813,1,7e532ee3b4456b7689ed3fe0d83024b0ff20f066b0dd0af8d48950b7b0df61f3,0.0,7.780309517436759,LB,108,1,time_critical_lightweight,task_time_critical_lightweight_7,emergency,0,1,0.9473833365764368
90171fbe6c43d824744bf74c21cfb67be192844fb30442991e2a129a5952d714,131,1,uav_2,5540.0,277,1.0,conditional_truck_tc,17760.0,888,50.0,0,,-1,E6,delivered,75,277,LB-v1-20260822,50.0,276,1.5375907438343424,100.0,ER-HLNS-parallel-rescue,5522.774919186775,5522.774919186775,1,7e532ee3b4456b7689ed3fe0d83024b0ff20f066b0dd0af8d48950b7b0df61f3,0.0,1.5375907438343424,LB,108,1,time_critical_lightweight,task_time_critical_lightweight_8,emergency,0,1,0.7862908118294443
90171fbe6c43d824744bf74c21cfb67be192844fb30442991e2a129a5952d714,168,1,uav_3,4540.0,227,1.0,conditional_truck_tc,17400.0,870,50.0,0,,-1,E6,delivered,0,227,LB-v1-20260822,50.0,222,14.74504043821729,100.0,ER-HLNS-parallel-rescue,7007.472939544873,7007.472939544873,1,7e532ee3b4456b7689ed3fe0d83024b0ff20f066b0dd0af8d48950b7b0df61f3,0.0,14.74504043821729,LB,108,1,time_critical_lightweight,task_time_critical_lightweight_9,emergency,0,1,0.8110961246662984
90171fbe6c43d824744bf74c21cfb67be192844fb30442991e2a129a5952d714,174,0,None,-1.0,-1,0.0,conditional_truck_tc,18000.0,900,50.0,1,lifeline_zero,258,E6,failed,84,-1,LB-v1-20260822,0.0,257,0.0,100.0,ER-HLNS-parallel-rescue,6550.917811156877,6550.917811156877,0,7e532ee3b4456b7689ed3fe0d83024b0ff20f066b0dd0af8d48950b7b0df61f3,50.0,0.0,LB,108,0,time_critical_lightweight,task_time_critical_lightweight_10,emergency,0,1,0.9060906911985231
90171fbe6c43d824744bf74c21cfb67be192844fb30442991e2a129a5952d714,52,1,truck_2,1040.0,52,1.0,conditional_truck_tc,18600.0,930,50.0,0,,-1,E6,delivered,0,52,LB-v1-20260822,50.0,51,79.63276792594901,100.0,ER-HLNS-parallel-rescue,4254.156063356919,4254.156063356919,1,7e532ee3b4456b7689ed3fe0d83024b0ff20f066b0dd0af8d48950b7b0df61f3,0.0,79.63276792594901,LB,108,1,time_critical_lightweight,task_time_critical_lightweight_11,emergency,0,1,0.8683274098138106
90171fbe6c43d824744bf74c21cfb67be192844fb30442991e2a129a5952d714,35,0,None,-1.0,-1,0.0,conditional_truck_tc,19200.0,960,800.0,1,deadline_exceeded,961,E6,failed,124,-1,LB-v1-20260822,0.0,170,25.235682663606955,100.0,ER-HLNS-parallel-rescue,10438.47474817182,10438.47474817182,0,6a6997fca3571b7a21f743448c2dadada5c04f465490a3e5bbf9bc4a92067dab,800.0,0.0,LB,109,0,routine_bulk,task_routine_bulk_0,normal,1,0,0.24372892426675105
90171fbe6c43d824744bf74c21cfb67be192844fb30442991e2a129a5952d714,33,1,truck_1,2660.0,133,1.0,conditional_truck_tc,20400.0,1020,800.0,0,,-1,E6,delivered,100,133,LB-v1-20260822,800.0,132,86.44392685882272,100.0,ER-HLNS-parallel-rescue,7520.043271903724,7520.043271903724,1,6a6997fca3571b7a21f743448c2dadada5c04f465490a3e5bbf9bc4a92067dab,0.0,86.44392685882272,LB,109,1,routine_bulk,task_routine_bulk_1,normal,1,0,0.5054521103748251
90171fbe6c43d824744bf74c21cfb67be192844fb30442991e2a129a5952d714,18,1,truck_3,2080.0,104,1.0,conditional_truck_tc,21600.0,1080,800.0,0,,-1,E6,delivered,82,104,LB-v1-20260822,800.0,99,92.0226283228128,100.0,ER-HLNS-parallel-rescue,5862.2526887266995,5862.2526887266995,1,6a6997fca3571b7a21f743448c2dadada5c04f465490a3e5bbf9bc4a92067dab,0.0,92.0226283228128,LB,109,1,routine_bulk,task_routine_bulk_2,normal,1,0,0.22819223062131908
90171fbe6c43d824744bf74c21cfb67be192844fb30442991e2a129a5952d714,425,1,truck_0,12620.0,631,1.0,conditional_truck_tc,22800.0,1140,800.0,0,,-1,E6,delivered,206,631,LB-v1-20260822,800.0,630,30.246798618259305,100.0,ER-HLNS-parallel-rescue,9233.836204566593,9233.836204566593,1,6a6997fca3571b7a21f743448c2dadada5c04f465490a3e5bbf9bc4a92067dab,0.0,30.246798618259305,LB,109,1,routine_bulk,task_routine_bulk_3,normal,1,0,0.5591597629199856
90171fbe6c43d824744bf74c21cfb67be192844fb30442991e2a129a5952d714,164,1,truck_0,8560.0,428,1.0,conditional_truck_tc,24000.0,1200,800.0,0,,-1,E6,delivered,168,428,LB-v1-20260822,800.0,427,55.112601336546724,100.0,ER-HLNS-parallel-rescue,12264.704525287152,12264.704525287152,1,6a6997fca3571b7a21f743448c2dadada5c04f465490a3e5bbf9bc4a92067dab,0.0,55.112601336546724,LB,109,1,routine_bulk,task_routine_bulk_4,normal,1,0,0.5182976821364798
90171fbe6c43d824744bf74c21cfb67be192844fb30442991e2a129a5952d714,44,0,None,-1.0,-1,0.0,conditional_truck_tc,25200.0,1260,800.0,1,lifeline_zero,1149,E6,failed,124,-1,LB-v1-20260822,0.0,167,0.0,100.0,ER-HLNS-parallel-rescue,3180.3161628672265,3180.3161628672265,0,6a6997fca3571b7a21f743448c2dadada5c04f465490a3e5bbf9bc4a92067dab,800.0,0.0,LB,109,0,routine_bulk,task_routine_bulk_5,normal,1,0,0.27498948731286477
90171fbe6c43d824744bf74c21cfb67be192844fb30442991e2a129a5952d714,661,0,None,-1.0,-1,0.0,conditional_truck_tc,26400.0,1320,800.0,1,lifeline_zero,1089,E6,failed,428,-1,LB-v1-20260822,0.0,1088,0.0,100.0,ER-HLNS-parallel-rescue,7638.021133490483,7638.021133490483,0,6a6997fca3571b7a21f743448c2dadada5c04f465490a3e5bbf9bc4a92067dab,800.0,0.0,LB,109,0,routine_bulk,task_routine_bulk_6,normal,1,0,0.35938088605341784
90171fbe6c43d824744bf74c21cfb67be192844fb30442991e2a129a5952d714,197,1,truck_0,10360.0,518,1.0,conditional_truck_tc,27600.0,1380,800.0,0,,-1,E6,delivered,43,518,LB-v1-20260822,800.0,278,51.0997923498091,100.0,ER-HLNS-parallel-rescue,8669.41558612628,8669.41558612628,1,6a6997fca3571b7a21f743448c2dadada5c04f465490a3e5bbf9bc4a92067dab,0.0,51.0997923498091,LB,109,1,routine_bulk,task_routine_bulk_7,normal,1,0,0.4023390026781324
90171fbe6c43d824744bf74c21cfb67be192844fb30442991e2a129a5952d714,26,1,truck_1,520.0,26,1.0,conditional_truck_tc,12000.0,600,50.0,0,,-1,E6,delivered,0,26,LB-v1-20260822,50.0,25,89.3898943606227,100.0,ER-HLNS-parallel-rescue,1577.2702063913625,1577.2702063913625,1,6a6997fca3571b7a21f743448c2dadada5c04f465490a3e5bbf9bc4a92067dab,0.0,89.3898943606227,LB,109,1,time_critical_lightweight,task_time_critical_lightweight_0,emergency,0,1,0.9897379983613447
90171fbe6c43d824744bf74c21cfb67be192844fb30442991e2a129a5952d714,66,1,truck_2,1320.0,66,1.0,conditional_truck_tc,12600.0,630,50.0,0,,-1,E6,delivered,0,66,LB-v1-20260822,50.0,65,77.70100156281337,100.0,ER-HLNS-parallel-rescue,5275.816914731613,5275.816914731613,1,6a6997fca3571b7a21f743448c2dadada5c04f465490a3e5bbf9bc4a92067dab,0.0,77.70100156281337,LB,109,1,time_critical_lightweight,task_time_critical_lightweight_1,emergency,0,1,0.706236225687008
90171fbe6c43d824744bf74c21cfb67be192844fb30442991e2a129a5952d714,63,1,uav_1,4380.0,219,1.0,conditional_truck_tc,14160.0,708,50.0,0,,-1,E6,delivered,156,219,LB-v1-20260822,50.0,218,25.495901200860636,100.0,ER-HLNS-parallel-rescue,7167.574303002123,7167.574303002123,1,6a6997fca3571b7a21f743448c2dadada5c04f465490a3e5bbf9bc4a92067dab,0.0,25.495901200860636,LB,109,1,time_critical_lightweight,task_time_critical_lightweight_2,emergency,0,1,0.7651739864753156
90171fbe6c43d824744bf74c21cfb67be192844fb30442991e2a129a5952d714,10,1,uav_5,760.0,38,1.0,conditional_truck_tc,13800.0,690,50.0,0,,-1,E6,delivered,33,38,LB-v1-20260822,50.0,42,85.8312478186057,100.0,ER-HLNS-parallel-rescue,4619.729192645459,4619.729192645459,1,6a6997fca3571b7a21f743448c2dadada5c04f465490a3e5bbf9bc4a92067dab,0.0,85.8312478186057,LB,109,1,time_critical_lightweight,task_time_critical_lightweight_3,emergency,0,1,0.8801124407111246
90171fbe6c43d824744bf74c21cfb67be192844fb30442991e2a129a5952d714,82,1,truck_3,1640.0,82,1.0,conditional_truck_tc,14400.0,720,50.0,0,,-1,E6,delivered,0,82,LB-v1-20260822,50.0,81,69.79698411793996,100.0,ER-HLNS-parallel-rescue,6105.193827786443,6105.193827786443,1,6a6997fca3571b7a21f743448c2dadada5c04f465490a3e5bbf9bc4a92067dab,0.0,69.79698411793996,LB,109,1,time_critical_lightweight,task_time_critical_lightweight_4,emergency,0,1,0.8306203940527022
90171fbe6c43d824744bf74c21cfb67be192844fb30442991e2a129a5952d714,32,1,truck_2,1960.0,98,1.0,conditional_truck_tc,15000.0,750,50.0,0,,-1,E6,delivered,66,98,LB-v1-20260822,50.0,97,64.83922565643729,100.0,ER-HLNS-parallel-rescue,6540.461456185408,6540.461456185408,1,6a6997fca3571b7a21f743448c2dadada5c04f465490a3e5bbf9bc4a92067dab,0.0,64.83922565643729,LB,109,1,time_critical_lightweight,task_time_critical_lightweight_5,emergency,0,1,0.7964834075936699
90171fbe6c43d824744bf74c21cfb67be192844fb30442991e2a129a5952d714,36,1,truck_1,1120.0,56,1.0,conditional_truck_tc,15600.0,780,50.0,0,,-1,E6,delivered,26,56,LB-v1-20260822,50.0,61,80.68156064400299,100.0,ER-HLNS-parallel-rescue,3351.9343996195735,3351.9343996195735,1,6a6997fca3571b7a21f743448c2dadada5c04f465490a3e5bbf9bc4a92067dab,0.0,80.68156064400299,LB,109,1,time_critical_lightweight,task_time_critical_lightweight_6,emergency,0,1,0.7422776363571023
90171fbe6c43d824744bf74c21cfb67be192844fb30442991e2a129a5952d714,49,0,None,-1.0,-1,0.0,conditional_truck_tc,17160.0,858,50.0,1,lifeline_zero,265,E6,failed,122,-1,LB-v1-20260822,0.0,205,0.0,100.0,ER-HLNS-parallel-rescue,13138.274295739013,13138.274295739013,0,6a6997fca3571b7a21f743448c2dadada5c04f465490a3e5bbf9bc4a92067dab,50.0,0.0,LB,109,0,time_critical_lightweight,task_time_critical_lightweight_7,emergency,0,1,0.9318751313700842
90171fbe6c43d824744bf74c21cfb67be192844fb30442991e2a129a5952d714,24,1,uav_4,2480.0,124,1.0,conditional_truck_tc,16800.0,840,50.0,0,,-1,E6,delivered,100,124,LB-v1-20260822,50.0,123,53.113963078611285,100.0,ER-HLNS-parallel-rescue,11519.668044062157,11519.668044062157,1,6a6997fca3571b7a21f743448c2dadada5c04f465490a3e5bbf9bc4a92067dab,0.0,53.113963078611285,LB,109,1,time_critical_lightweight,task_time_critical_lightweight_8,emergency,0,1,0.923149714829651
90171fbe6c43d824744bf74c21cfb67be192844fb30442991e2a129a5952d714,111,0,None,-1.0,-1,0.0,conditional_truck_tc,18360.0,918,50.0,1,lifeline_zero,269,E6,failed,62,-1,LB-v1-20260822,0.0,205,0.0,100.0,ER-HLNS-parallel-rescue,11888.945353220079,11888.945353220079,0,6a6997fca3571b7a21f743448c2dadada5c04f465490a3e5bbf9bc4a92067dab,50.0,0.0,LB,109,0,time_critical_lightweight,task_time_critical_lightweight_9,emergency,0,1,0.9021797238988898
90171fbe6c43d824744bf74c21cfb67be192844fb30442991e2a129a5952d714,24,1,truck_2,2440.0,122,1.0,conditional_truck_tc,18000.0,900,50.0,0,,-1,E6,delivered,98,122,LB-v1-20260822,50.0,121,57.993474207763924,100.0,ER-HLNS-parallel-rescue,7732.639919099127,7732.639919099127,1,6a6997fca3571b7a21f743448c2dadada5c04f465490a3e5bbf9bc4a92067dab,0.0,57.993474207763924,LB,109,1,time_critical_lightweight,task_time_critical_lightweight_10,emergency,0,1,0.7471077952711116
90171fbe6c43d824744bf74c21cfb67be192844fb30442991e2a129a5952d714,33,1,uav_0,660.0,33,1.0,conditional_truck_tc,18600.0,930,50.0,0,,-1,E6,delivered,0,33,LB-v1-20260822,50.0,32,86.74179630668888,100.0,ER-HLNS-parallel-rescue,3412.6611524252316,3412.6611524252316,1,6a6997fca3571b7a21f743448c2dadada5c04f465490a3e5bbf9bc4a92067dab,0.0,86.74179630668888,LB,109,1,time_critical_lightweight,task_time_critical_lightweight_11,emergency,0,1,0.9989661728188876
f42d94b7a35f9f5e14c04ed4146758b88c85995349f206e13dfbc0af426c6024,67,1,truck_3,1340.0,67,1.0,beta_c_0.16,19200.0,960,800.0,0,,-1,E7,delivered,0,67,LB-v1-20260822,800.0,66,92.50381684741134,100.0,C-ALNS-MP,4712.939965300228,4712.939965300228,1,d80c6a54bcfb004a918578a15b4ad8e982b831d9d4095b98df40490a154e2127,0.0,92.50381684741134,LB,100,1,routine_bulk,task_routine_bulk_0,normal,1,0,0.5914487685478238
f42d94b7a35f9f5e14c04ed4146758b88c85995349f206e13dfbc0af426c6024,43,1,truck_0,860.0,43,1.0,beta_c_0.16,20400.0,1020,800.0,0,,-1,E7,delivered,0,43,LB-v1-20260822,800.0,42,96.13998850373648,100.0,C-ALNS-MP,2651.3638511663926,2651.3638511663926,1,d80c6a54bcfb004a918578a15b4ad8e982b831d9d4095b98df40490a154e2127,0.0,96.13998850373648,LB,100,1,routine_bulk,task_routine_bulk_1,normal,1,0,0.328770105116882
f42d94b7a35f9f5e14c04ed4146758b88c85995349f206e13dfbc0af426c6024,59,0,None,-1.0,-1,0.0,beta_c_0.16,21600.0,1080,800.0,1,lifeline_zero,935,E7,failed,59,-1,LB-v1-20260822,0.0,117,0.0,100.0,C-ALNS-MP,9455.797786582447,9455.797786582447,0,d80c6a54bcfb004a918578a15b4ad8e982b831d9d4095b98df40490a154e2127,800.0,0.0,LB,100,0,routine_bulk,task_routine_bulk_2,normal,1,0,0.5197299581475797
f42d94b7a35f9f5e14c04ed4146758b88c85995349f206e13dfbc0af426c6024,162,1,truck_2,4180.0,209,1.0,beta_c_0.16,22800.0,1140,800.0,0,,-1,E7,delivered,47,209,LB-v1-20260822,800.0,208,79.15613398727501,100.0,C-ALNS-MP,7467.100925813267,7467.100925813267,1,d80c6a54bcfb004a918578a15b4ad8e982b831d9d4095b98df40490a154e2127,0.0,79.15613398727501,LB,100,1,routine_bulk,task_routine_bulk_3,normal,1,0,0.363407140663305
f42d94b7a35f9f5e14c04ed4146758b88c85995349f206e13dfbc0af426c6024,53,1,truck_1,1060.0,53,1.0,beta_c_0.16,24000.0,1200,800.0,0,,-1,E7,delivered,0,53,LB-v1-20260822,800.0,52,95.32927811874183,100.0,C-ALNS-MP,4256.447388010565,4256.447388010565,1,d80c6a54bcfb004a918578a15b4ad8e982b831d9d4095b98df40490a154e2127,0.0,95.32927811874183,LB,100,1,routine_bulk,task_routine_bulk_4,normal,1,0,0.2526593582373026
f42d94b7a35f9f5e14c04ed4146758b88c85995349f206e13dfbc0af426c6024,6,1,truck_3,1540.0,77,1.0,beta_c_0.16,25200.0,1260,800.0,0,,-1,E7,delivered,71,77,LB-v1-20260822,800.0,76,93.94857451029266,100.0,C-ALNS-MP,4838.850094689374,4838.850094689374,1,d80c6a54bcfb004a918578a15b4ad8e982b831d9d4095b98df40490a154e2127,0.0,93.94857451029266,LB,100,1,routine_bulk,task_routine_bulk_5,normal,1,0,0.23296054817545986
f42d94b7a35f9f5e14c04ed4146758b88c85995349f206e13dfbc0af426c6024,47,0,None,-1.0,-1,0.0,beta_c_0.16,26400.0,1320,800.0,1,lifeline_zero,1009,E7,failed,71,-1,LB-v1-20260822,0.0,117,0.0,100.0,C-ALNS-MP,11793.267377757751,11793.267377757751,0,d80c6a54bcfb004a918578a15b4ad8e982b831d9d4095b98df40490a154e2127,800.0,0.0,LB,100,0,routine_bulk,task_routine_bulk_6,normal,1,0,0.46244681084905065
f42d94b7a35f9f5e14c04ed4146758b88c85995349f206e13dfbc0af426c6024,66,1,truck_2,1320.0,66,1.0,beta_c_0.16,27600.0,1380,800.0,0,,-1,E7,delivered,0,66,LB-v1-20260822,800.0,65,92.64758642208056,100.0,C-ALNS-MP,4587.683945260957,4587.683945260957,1,d80c6a54bcfb004a918578a15b4ad8e982b831d9d4095b98df40490a154e2127,0.0,92.64758642208056,LB,100,1,routine_bulk,task_routine_bulk_7,normal,1,0,0.5338128687931456
f42d94b7a35f9f5e14c04ed4146758b88c85995349f206e13dfbc0af426c6024,0,1,uav_3,2080.0,104,1.0,beta_c_0.16,12000.0,600,50.0,0,,-1,E7,delivered,-1,104,LB-v1-20260822,50.0,-1,71.98319151863716,100.0,C-ALNS-MP,4043.5148887186647,4043.5148887186647,1,d80c6a54bcfb004a918578a15b4ad8e982b831d9d4095b98df40490a154e2127,0.0,71.98319151863716,LB,100,1,time_critical_lightweight,task_time_critical_lightweight_0,emergency,0,1,0.8572362469902544
f42d94b7a35f9f5e14c04ed4146758b88c85995349f206e13dfbc0af426c6024,0,1,uav_2,860.0,43,1.0,beta_c_0.16,12600.0,630,50.0,0,,-1,E7,delivered,-1,43,LB-v1-20260822,50.0,-1,87.84157970102862,100.0,C-ALNS-MP,3938.2462884286088,3938.2462884286088,1,d80c6a54bcfb004a918578a15b4ad8e982b831d9d4095b98df40490a154e2127,0.0,87.84157970102862,LB,100,1,time_critical_lightweight,task_time_critical_lightweight_1,emergency,0,1,0.7681740887900437
f42d94b7a35f9f5e14c04ed4146758b88c85995349f206e13dfbc0af426c6024,63,1,uav_3,2600.0,130,1.0,beta_c_0.16,13200.0,660,50.0,0,,-1,E7,delivered,0,130,LB-v1-20260822,50.0,129,66.67751843869667,100.0,C-ALNS-MP,1841.754606923464,1841.754606923464,1,d80c6a54bcfb004a918578a15b4ad8e982b831d9d4095b98df40490a154e2127,0.0,66.67751843869667,LB,100,1,time_critical_lightweight,task_time_critical_lightweight_2,emergency,0,1,0.8022891552475101
f42d94b7a35f9f5e14c04ed4146758b88c85995349f206e13dfbc0af426c6024,83,0,None,-1.0,-1,0.0,beta_c_0.16,14760.0,738,50.0,1,lifeline_zero,329,E7,failed,0,-1,LB-v1-20260822,0.0,82,0.0,100.0,C-ALNS-MP,5652.839795309424,5652.839795309424,0,d80c6a54bcfb004a918578a15b4ad8e982b831d9d4095b98df40490a154e2127,50.0,0.0,LB,100,0,time_critical_lightweight,task_time_critical_lightweight_3,emergency,0,1,0.960215083465178
f42d94b7a35f9f5e14c04ed4146758b88c85995349f206e13dfbc0af426c6024,130,1,uav_3,4240.0,212,1.0,beta_c_0.16,14400.0,720,50.0,0,,-1,E7,delivered,0,212,LB-v1-20260822,50.0,189,46.32469873118605,100.0,C-ALNS-MP,5313.398671961474,5313.398671961474,1,d80c6a54bcfb004a918578a15b4ad8e982b831d9d4095b98df40490a154e2127,0.0,46.32469873118605,LB,100,1,time_critical_lightweight,task_time_critical_lightweight_4,emergency,0,1,0.8154167223421255
f42d94b7a35f9f5e14c04ed4146758b88c85995349f206e13dfbc0af426c6024,94,0,None,-1.0,-1,0.0,beta_c_0.16,15960.0,798,50.0,1,lifeline_zero,326,E7,failed,0,-1,LB-v1-20260822,0.0,93,0.0,100.0,C-ALNS-MP,12029.47975909369,12029.47975909369,0,d80c6a54bcfb004a918578a15b4ad8e982b831d9d4095b98df40490a154e2127,50.0,0.0,LB,100,0,time_critical_lightweight,task_time_critical_lightweight_5,emergency,0,1,0.9867416871112791
f42d94b7a35f9f5e14c04ed4146758b88c85995349f206e13dfbc0af426c6024,111,1,uav_3,2220.0,111,1.0,beta_c_0.16,15600.0,780,50.0,0,,-1,E7,delivered,0,111,LB-v1-20260822,50.0,110,70.0514886817519,100.0,C-ALNS-MP,2945.1941967981666,2945.1941967981666,1,d80c6a54bcfb004a918578a15b4ad8e982b831d9d4095b98df40490a154e2127,0.0,70.0514886817519,LB,100,1,time_critical_lightweight,task_time_critical_lightweight_6,emergency,0,1,0.8746488677361269
f42d94b7a35f9f5e14c04ed4146758b88c85995349f206e13dfbc0af426c6024,118,0,None,-1.0,-1,0.0,beta_c_0.16,17160.0,858,50.0,1,lifeline_zero,367,E7,failed,0,-1,LB-v1-20260822,0.0,117,0.0,100.0,C-ALNS-MP,8166.972222335975,8166.972222335975,0,d80c6a54bcfb004a918578a15b4ad8e982b831d9d4095b98df40490a154e2127,50.0,0.0,LB,100,0,time_critical_lightweight,task_time_critical_lightweight_7,emergency,0,1,0.7446621799769354
f42d94b7a35f9f5e14c04ed4146758b88c85995349f206e13dfbc0af426c6024,0,1,uav_0,940.0,47,1.0,beta_c_0.16,16800.0,840,50.0,0,,-1,E7,delivered,-1,47,LB-v1-20260822,50.0,-1,86.78131993387042,100.0,C-ALNS-MP,2311.2789292757247,2311.2789292757247,1,d80c6a54bcfb004a918578a15b4ad8e982b831d9d4095b98df40490a154e2127,0.0,86.78131993387042,LB,100,1,time_critical_lightweight,task_time_critical_lightweight_8,emergency,0,1,0.8689502560984448
f42d94b7a35f9f5e14c04ed4146758b88c85995349f206e13dfbc0af426c6024,191,1,uav_4,5240.0,262,1.0,beta_c_0.16,17400.0,870,50.0,0,,-1,E7,delivered,47,262,LB-v1-20260822,50.0,261,36.907126074807685,100.0,C-ALNS-MP,6760.559725492877,6760.559725492877,1,d80c6a54bcfb004a918578a15b4ad8e982b831d9d4095b98df40490a154e2127,0.0,36.907126074807685,LB,100,1,time_critical_lightweight,task_time_critical_lightweight_9,emergency,0,1,0.7554846985257647
f42d94b7a35f9f5e14c04ed4146758b88c85995349f206e13dfbc0af426c6024,11,1,uav_3,1880.0,94,1.0,beta_c_0.16,18000.0,900,50.0,0,,-1,E7,delivered,83,94,LB-v1-20260822,50.0,93,76.67434367390487,100.0,C-ALNS-MP,3952.8289116955493,3952.8289116955493,1,d80c6a54bcfb004a918578a15b4ad8e982b831d9d4095b98df40490a154e2127,0.0,76.67434367390487,LB,100,1,time_critical_lightweight,task_time_critical_lightweight_10,emergency,0,1,0.7210061967003056
f42d94b7a35f9f5e14c04ed4146758b88c85995349f206e13dfbc0af426c6024,0,1,uav_2,1720.0,86,1.0,beta_c_0.16,18600.0,930,50.0,0,,-1,E7,delivered,-1,86,LB-v1-20260822,50.0,-1,74.43542029589804,100.0,C-ALNS-MP,6188.028410283936,6188.028410283936,1,d80c6a54bcfb004a918578a15b4ad8e982b831d9d4095b98df40490a154e2127,0.0,74.43542029589804,LB,100,1,time_critical_lightweight,task_time_critical_lightweight_11,emergency,0,1,0.732056640977218
f42d94b7a35f9f5e14c04ed4146758b88c85995349f206e13dfbc0af426c6024,115,1,truck_3,3260.0,163,1.0,beta_c_0.16,19200.0,960,800.0,0,,-1,E7,delivered,48,163,LB-v1-20260822,800.0,162,84.92370523540191,100.0,C-ALNS-MP,14039.592726000365,14039.592726000365,1,b44f85487cf61d75bf508d5f9088a99107b2a360e82533fb1fefae13daed4ce2,0.0,84.92370523540191,LB,101,1,routine_bulk,task_routine_bulk_0,normal,1,0,0.34837428108412444
f42d94b7a35f9f5e14c04ed4146758b88c85995349f206e13dfbc0af426c6024,91,1,truck_2,1820.0,91,1.0,beta_c_0.16,20400.0,1020,800.0,0,,-1,E7,delivered,0,91,LB-v1-20260822,800.0,90,91.18479475514165,100.0,C-ALNS-MP,7511.760618564474,7511.760618564474,1,b44f85487cf61d75bf508d5f9088a99107b2a360e82533fb1fefae13daed4ce2,0.0,91.18479475514165,LB,101,1,routine_bulk,task_routine_bulk_1,normal,1,0,0.30016368013188016
f42d94b7a35f9f5e14c04ed4146758b88c85995349f206e13dfbc0af426c6024,107,1,truck_3,4140.0,207,1.0,beta_c_0.16,21600.0,1080,800.0,0,,-1,E7,delivered,96,207,LB-v1-20260822,800.0,202,76.46107283312364,100.0,C-ALNS-MP,15315.096891728663,15315.096891728663,1,b44f85487cf61d75bf508d5f9088a99107b2a360e82533fb1fefae13daed4ce2,0.0,76.46107283312364,LB,101,1,routine_bulk,task_routine_bulk_2,normal,1,0,0.527261765850137
f42d94b7a35f9f5e14c04ed4146758b88c85995349f206e13dfbc0af426c6024,166,1,truck_2,5320.0,266,1.0,beta_c_0.16,22800.0,1140,800.0,0,,-1,E7,delivered,96,266,LB-v1-20260822,800.0,261,72.61348843925819,100.0,C-ALNS-MP,14102.848363601865,14102.848363601865,1,b44f85487cf61d75bf508d5f9088a99107b2a360e82533fb1fefae13daed4ce2,0.0,72.61348843925819,LB,101,1,routine_bulk,task_routine_bulk_3,normal,1,0,0.3882350364392335
f42d94b7a35f9f5e14c04ed4146758b88c85995349f206e13dfbc0af426c6024,90,1,truck_1,1800.0,90,1.0,beta_c_0.16,24000.0,1200,800.0,0,,-1,E7,delivered,0,90,LB-v1-20260822,800.0,89,90.37302611168272,100.0,C-ALNS-MP,7302.1073017293165,7302.1073017293165,1,b44f85487cf61d75bf508d5f9088a99107b2a360e82533fb1fefae13daed4ce2,0.0,90.37302611168272,LB,101,1,routine_bulk,task_routine_bulk_4,normal,1,0,0.5361043015918403
f42d94b7a35f9f5e14c04ed4146758b88c85995349f206e13dfbc0af426c6024,47,1,truck_0,940.0,47,1.0,beta_c_0.16,25200.0,1260,800.0,0,,-1,E7,delivered,0,47,LB-v1-20260822,800.0,46,95.45703455130577,100.0,C-ALNS-MP,3909.3896971690133,3909.3896971690133,1,b44f85487cf61d75bf508d5f9088a99107b2a360e82533fb1fefae13daed4ce2,0.0,95.45703455130577,LB,101,1,routine_bulk,task_routine_bulk_5,normal,1,0,0.42701883575488137
f42d94b7a35f9f5e14c04ed4146758b88c85995349f206e13dfbc0af426c6024,108,1,truck_3,2200.0,110,1.0,beta_c_0.16,26400.0,1320,800.0,0,,-1,E7,delivered,0,110,LB-v1-20260822,800.0,107,87.69504676064473,100.0,C-ALNS-MP,9533.630318869733,9533.630318869733,1,b44f85487cf61d75bf508d5f9088a99107b2a360e82533fb1fefae13daed4ce2,0.0,87.69504676064473,LB,101,1,routine_bulk,task_routine_bulk_6,normal,1,0,0.5142470258374676
f42d94b7a35f9f5e14c04ed4146758b88c85995349f206e13dfbc0af426c6024,202,0,None,-1.0,-1,0.0,beta_c_0.16,27600.0,1380,800.0,1,lifeline_zero,1121,E7,failed,108,-1,LB-v1-20260822,0.0,321,0.0,100.0,C-ALNS-MP,10348.908405801398,10348.908405801398,0,b44f85487cf61d75bf508d5f9088a99107b2a360e82533fb1fefae13daed4ce2,800.0,0.0,LB,101,0,routine_bulk,task_routine_bulk_7,normal,1,0,0.3879694663765369
f42d94b7a35f9f5e14c04ed4146758b88c85995349f206e13dfbc0af426c6024,12,1,uav_2,4580.0,229,1.0,beta_c_0.16,12000.0,600,50.0,0,,-1,E7,delivered,180,229,LB-v1-20260822,50.0,191,25.611983779090167,100.0,C-ALNS-MP,14151.4620521434,14151.4620521434,1,b44f85487cf61d75bf508d5f9088a99107b2a360e82533fb1fefae13daed4ce2,0.0,25.611983779090167,LB,101,1,time_critical_lightweight,task_time_critical_lightweight_0,emergency,0,1,0.9705680205086198
f42d94b7a35f9f5e14c04ed4146758b88c85995349f206e13dfbc0af426c6024,0,0,None,-1.0,-1,0.0,beta_c_0.16,13560.0,678,50.0,1,lifeline_zero,385,E7,failed,-1,-1,LB-v1-20260822,0.0,-1,0.0,100.0,C-ALNS-MP,9099.797527415509,9099.797527415509,0,b44f85487cf61d75bf508d5f9088a99107b2a360e82533fb1fefae13daed4ce2,50.0,0.0,LB,101,0,time_critical_lightweight,task_time_critical_lightweight_1,emergency,0,1,0.8194413770540239
f42d94b7a35f9f5e14c04ed4146758b88c85995349f206e13dfbc0af426c6024,202,0,None,-1.0,-1,0.0,beta_c_0.16,13200.0,660,50.0,1,lifeline_zero,401,E7,failed,0,-1,LB-v1-20260822,0.0,321,0.0,100.0,C-ALNS-MP,8636.287551441419,8636.287551441419,0,b44f85487cf61d75bf508d5f9088a99107b2a360e82533fb1fefae13daed4ce2,50.0,0.0,LB,101,0,time_critical_lightweight,task_time_critical_lightweight_2,emergency,0,1,0.7276929418213184
f42d94b7a35f9f5e14c04ed4146758b88c85995349f206e13dfbc0af426c6024,239,0,None,-1.0,-1,0.0,beta_c_0.16,14760.0,738,50.0,1,lifeline_zero,397,E7,failed,0,-1,LB-v1-20260822,0.0,321,0.0,100.0,C-ALNS-MP,10171.88886835233,10171.88886835233,0,b44f85487cf61d75bf508d5f9088a99107b2a360e82533fb1fefae13daed4ce2,50.0,0.0,LB,101,0,time_critical_lightweight,task_time_critical_lightweight_3,emergency,0,1,0.7687067091449796
f42d94b7a35f9f5e14c04ed4146758b88c85995349f206e13dfbc0af426c6024,98,1,uav_3,1960.0,98,1.0,beta_c_0.16,14400.0,720,50.0,0,,-1,E7,delivered,0,98,LB-v1-20260822,50.0,97,73.74885087743766,100.0,C-ALNS-MP,8972.910969096309,8972.910969096309,1,b44f85487cf61d75bf508d5f9088a99107b2a360e82533fb1fefae13daed4ce2,0.0,73.74885087743766,LB,101,1,time_critical_lightweight,task_time_critical_lightweight_4,emergency,0,1,0.7273830460494194
f42d94b7a35f9f5e14c04ed4146758b88c85995349f206e13dfbc0af426c6024,215,0,None,-1.0,-1,0.0,beta_c_0.16,15960.0,798,50.0,1,lifeline_zero,326,E7,failed,0,-1,LB-v1-20260822,0.0,214,0.0,100.0,C-ALNS-MP,14148.754445771634,14148.754445771634,0,b44f85487cf61d75bf508d5f9088a99107b2a360e82533fb1fefae13daed4ce2,50.0,0.0,LB,101,0,time_critical_lightweight,task_time_critical_lightweight_5,emergency,0,1,0.909737917292143
f42d94b7a35f9f5e14c04ed4146758b88c85995349f206e13dfbc0af426c6024,322,0,None,-1.0,-1,0.0,beta_c_0.16,15600.0,780,50.0,1,lifeline_zero,352,E7,failed,0,-1,LB-v1-20260822,0.0,321,0.0,100.0,C-ALNS-MP,2913.7706040409153,2913.7706040409153,0,b44f85487cf61d75bf508d5f9088a99107b2a360e82533fb1fefae13daed4ce2,50.0,0.0,LB,101,0,time_critical_lightweight,task_time_critical_lightweight_6,emergency,0,1,0.8705161474912566
f42d94b7a35f9f5e14c04ed4146758b88c85995349f206e13dfbc0af426c6024,192,0,None,-1.0,-1,0.0,beta_c_0.16,16200.0,810,50.0,1,lifeline_zero,333,E7,failed,0,-1,LB-v1-20260822,0.0,191,0.0,100.0,C-ALNS-MP,8419.216536800033,8419.216536800033,0,b44f85487cf61d75bf508d5f9088a99107b2a360e82533fb1fefae13daed4ce2,50.0,0.0,LB,101,0,time_critical_lightweight,task_time_critical_lightweight_7,emergency,0,1,0.989879628037199
f42d94b7a35f9f5e14c04ed4146758b88c85995349f206e13dfbc0af426c6024,84,0,None,-1.0,-1,0.0,beta_c_0.16,16800.0,840,50.0,1,lifeline_zero,354,E7,failed,72,-1,LB-v1-20260822,0.0,155,0.0,100.0,C-ALNS-MP,9649.370387536506,9649.370387536506,0,b44f85487cf61d75bf508d5f9088a99107b2a360e82533fb1fefae13daed4ce2,50.0,0.0,LB,101,0,time_critical_lightweight,task_time_critical_lightweight_8,emergency,0,1,0.9323581933558626
f42d94b7a35f9f5e14c04ed4146758b88c85995349f206e13dfbc0af426c6024,190,0,None,-1.0,-1,0.0,beta_c_0.16,17400.0,870,50.0,1,lifeline_zero,342,E7,failed,108,-1,LB-v1-20260822,0.0,297,0.0,100.0,C-ALNS-MP,2591.7846470285945,2591.7846470285945,0,b44f85487cf61d75bf508d5f9088a99107b2a360e82533fb1fefae13daed4ce2,50.0,0.0,LB,101,0,time_critical_lightweight,task_time_critical_lightweight_9,emergency,0,1,0.8933819856045042
f42d94b7a35f9f5e14c04ed4146758b88c85995349f206e13dfbc0af426c6024,0,1,uav_1,1240.0,62,1.0,beta_c_0.16,18000.0,900,50.0,0,,-1,E7,delivered,-1,62,LB-v1-20260822,50.0,-1,84.6124753469547,100.0,C-ALNS-MP,5472.170625762758,5472.170625762758,1,b44f85487cf61d75bf508d5f9088a99107b2a360e82533fb1fefae13daed4ce2,0.0,84.6124753469547,LB,101,1,time_critical_lightweight,task_time_critical_lightweight_10,emergency,0,1,0.7142148384795817
f42d94b7a35f9f5e14c04ed4146758b88c85995349f206e13dfbc0af426c6024,96,0,None,-1.0,-1,0.0,beta_c_0.16,18600.0,930,50.0,1,lifeline_zero,367,E7,failed,203,-1,LB-v1-20260822,0.0,321,0.0,100.0,C-ALNS-MP,1506.2906048252266,1506.2906048252266,0,b44f85487cf61d75bf508d5f9088a99107b2a360e82533fb1fefae13daed4ce2,50.0,0.0,LB,101,0,time_critical_lightweight,task_time_critical_lightweight_11,emergency,0,1,0.7467335094406772
f42d94b7a35f9f5e14c04ed4146758b88c85995349f206e13dfbc0af426c6024,119,0,None,-1.0,-1,0.0,beta_c_0.16,19200.0,960,800.0,1,deadline_exceeded,961,E7,failed,0,-1,LB-v1-20260822,0.0,189,11.11850352989833,100.0,C-ALNS-MP,6119.550842362341,6119.550842362341,0,4abaffbfd8b0411fceca111e5753d7a019b68fc47297a474b576d0b50b956025,800.0,0.0,LB,102,0,routine_bulk,task_routine_bulk_0,normal,1,0,0.4291837918236352
f42d94b7a35f9f5e14c04ed4146758b88c85995349f206e13dfbc0af426c6024,83,1,truck_0,3180.0,159,1.0,beta_c_0.16,20400.0,1020,800.0,0,,-1,E7,delivered,72,159,LB-v1-20260822,800.0,154,86.51262414799106,100.0,C-ALNS-MP,7442.506245460831,7442.506245460831,1,4abaffbfd8b0411fceca111e5753d7a019b68fc47297a474b576d0b50b956025,0.0,86.51262414799106,LB,102,1,routine_bulk,task_routine_bulk_1,normal,1,0,0.24547112032784654
f42d94b7a35f9f5e14c04ed4146758b88c85995349f206e13dfbc0af426c6024,214,0,None,-1.0,-1,0.0,beta_c_0.16,21600.0,1080,800.0,1,deadline_exceeded,1081,E7,failed,0,-1,LB-v1-20260822,0.0,213,2.8465075966141518,100.0,C-ALNS-MP,5688.3871828179535,5688.3871828179535,0,4abaffbfd8b0411fceca111e5753d7a019b68fc47297a474b576d0b50b956025,800.0,0.0,LB,102,0,routine_bulk,task_routine_bulk_2,normal,1,0,0.3976042905163367
f42d94b7a35f9f5e14c04ed4146758b88c85995349f206e13dfbc0af426c6024,84,0,None,-1.0,-1,0.0,beta_c_0.16,22800.0,1140,800.0,1,lifeline_zero,936,E7,failed,0,-1,LB-v1-20260822,0.0,83,0.0,100.0,C-ALNS-MP,5530.50432997441,5530.50432997441,0,4abaffbfd8b0411fceca111e5753d7a019b68fc47297a474b576d0b50b956025,800.0,0.0,LB,102,0,routine_bulk,task_routine_bulk_3,normal,1,0,0.5908338171405074
f42d94b7a35f9f5e14c04ed4146758b88c85995349f206e13dfbc0af426c6024,130,0,None,-1.0,-1,0.0,beta_c_0.16,24000.0,1200,800.0,1,lifeline_zero,1198,E7,failed,84,-1,LB-v1-20260822,0.0,213,0.0,100.0,C-ALNS-MP,14165.534902512349,14165.534902512349,0,4abaffbfd8b0411fceca111e5753d7a019b68fc47297a474b576d0b50b956025,800.0,0.0,LB,102,0,routine_bulk,task_routine_bulk_4,normal,1,0,0.31826058549111486
f42d94b7a35f9f5e14c04ed4146758b88c85995349f206e13dfbc0af426c6024,94,1,truck_0,3580.0,179,1.0,beta_c_0.16,25200.0,1260,800.0,0,,-1,E7,delivered,84,179,LB-v1-20260822,800.0,177,83.88453402840197,100.0,C-ALNS-MP,8329.032619537471,8329.032619537471,1,4abaffbfd8b0411fceca111e5753d7a019b68fc47297a474b576d0b50b956025,0.0,83.88453402840197,LB,102,1,routine_bulk,task_routine_bulk_5,normal,1,0,0.316760490021223
f42d94b7a35f9f5e14c04ed4146758b88c85995349f206e13dfbc0af426c6024,44,1,truck_0,880.0,44,1.0,beta_c_0.16,26400.0,1320,800.0,0,,-1,E7,delivered,0,44,LB-v1-20260822,800.0,43,95.46808063072315,100.0,C-ALNS-MP,2207.167531132571,2207.167531132571,1,4abaffbfd8b0411fceca111e5753d7a019b68fc47297a474b576d0b50b956025,0.0,95.46808063072315,LB,102,1,routine_bulk,task_routine_bulk_6,normal,1,0,0.3055363954601743
f42d94b7a35f9f5e14c04ed4146758b88c85995349f206e13dfbc0af426c6024,60,0,None,-1.0,-1,0.0,beta_c_0.16,27600.0,1380,800.0,1,lifeline_zero,1066,E7,failed,48,-1,LB-v1-20260822,0.0,213,0.0,100.0,C-ALNS-MP,8538.945436848508,8538.945436848508,0,4abaffbfd8b0411fceca111e5753d7a019b68fc47297a474b576d0b50b956025,800.0,0.0,LB,102,0,routine_bulk,task_routine_bulk_7,normal,1,0,0.44156154877026366
f42d94b7a35f9f5e14c04ed4146758b88c85995349f206e13dfbc0af426c6024,11,1,uav_3,3320.0,166,1.0,beta_c_0.16,12000.0,600,50.0,0,,-1,E7,delivered,155,166,LB-v1-20260822,50.0,165,57.47394416528453,100.0,C-ALNS-MP,2988.5323177974346,2988.5323177974346,1,4abaffbfd8b0411fceca111e5753d7a019b68fc47297a474b576d0b50b956025,0.0,57.47394416528453,LB,102,1,time_critical_lightweight,task_time_critical_lightweight_0,emergency,0,1,0.7521593742751356
f42d94b7a35f9f5e14c04ed4146758b88c85995349f206e13dfbc0af426c6024,24,0,None,-1.0,-1,0.0,beta_c_0.16,13560.0,678,50.0,1,lifeline_zero,421,E7,failed,190,-1,LB-v1-20260822,0.0,213,0.0,100.0,C-ALNS-MP,11294.290080097262,11294.290080097262,0,4abaffbfd8b0411fceca111e5753d7a019b68fc47297a474b576d0b50b956025,50.0,0.0,LB,102,0,time_critical_lightweight,task_time_critical_lightweight_1,emergency,0,1,0.7491376000307091
f42d94b7a35f9f5e14c04ed4146758b88c85995349f206e13dfbc0af426c6024,176,1,uav_0,3520.0,176,1.0,beta_c_0.16,13200.0,660,50.0,0,,-1,E7,delivered,0,176,LB-v1-20260822,50.0,175,53.42212634934139,100.0,C-ALNS-MP,2792.418565959796,2792.418565959796,1,4abaffbfd8b0411fceca111e5753d7a019b68fc47297a474b576d0b50b956025,0.0,53.42212634934139,LB,102,1,time_critical_lightweight,task_time_critical_lightweight_2,emergency,0,1,0.8083948419266088
f42d94b7a35f9f5e14c04ed4146758b88c85995349f206e13dfbc0af426c6024,65,1,uav_2,1300.0,65,1.0,beta_c_0.16,13800.0,690,50.0,0,,-1,E7,delivered,0,65,LB-v1-20260822,50.0,64,80.24001984387584,100.0,C-ALNS-MP,3010.973647764428,3010.973647764428,1,4abaffbfd8b0411fceca111e5753d7a019b68fc47297a474b576d0b50b956025,0.0,80.24001984387584,LB,102,1,time_critical_lightweight,task_time_critical_lightweight_3,emergency,0,1,0.9739813351739603
f42d94b7a35f9f5e14c04ed4146758b88c85995349f206e13dfbc0af426c6024,152,1,uav_1,3040.0,152,1.0,beta_c_0.16,14400.0,720,50.0,0,,-1,E7,delivered,0,152,LB-v1-20260822,50.0,151,56.31094121475573,100.0,C-ALNS-MP,7595.6360268286,7595.6360268286,1,4abaffbfd8b0411fceca111e5753d7a019b68fc47297a474b576d0b50b956025,0.0,56.31094121475573,LB,102,1,time_critical_lightweight,task_time_critical_lightweight_4,emergency,0,1,0.8902529497747588
f42d94b7a35f9f5e14c04ed4146758b88c85995349f206e13dfbc0af426c6024,86,1,uav_2,1720.0,86,1.0,beta_c_0.16,15000.0,750,50.0,0,,-1,E7,delivered,0,86,LB-v1-20260822,50.0,85,77.17908151495986,100.0,C-ALNS-MP,4623.366276010681,4623.366276010681,1,4abaffbfd8b0411fceca111e5753d7a019b68fc47297a474b576d0b50b956025,0.0,77.17908151495986,LB,102,1,time_critical_lightweight,task_time_critical_lightweight_5,emergency,0,1,0.7848123351493127
f42d94b7a35f9f5e14c04ed4146758b88c85995349f206e13dfbc0af426c6024,96,0,None,-1.0,-1,0.0,beta_c_0.16,16560.0,828,50.0,1,lifeline_zero,355,E7,failed,0,-1,LB-v1-20260822,0.0,95,0.0,100.0,C-ALNS-MP,16324.170659246023,16324.170659246023,0,4abaffbfd8b0411fceca111e5753d7a019b68fc47297a474b576d0b50b956025,50.0,0.0,LB,102,0,time_critical_lightweight,task_time_critical_lightweight_6,emergency,0,1,0.9948248799678303
f42d94b7a35f9f5e14c04ed4146758b88c85995349f206e13dfbc0af426c6024,132,0,None,-1.0,-1,0.0,beta_c_0.16,17160.0,858,50.0,1,lifeline_zero,394,E7,failed,0,-1,LB-v1-20260822,0.0,213,0.0,100.0,C-ALNS-MP,15873.692094774171,15873.692094774171,0,4abaffbfd8b0411fceca111e5753d7a019b68fc47297a474b576d0b50b956025,50.0,0.0,LB,102,0,time_critical_lightweight,task_time_critical_lightweight_7,emergency,0,1,0.8273965865006737
f42d94b7a35f9f5e14c04ed4146758b88c85995349f206e13dfbc0af426c6024,32,1,uav_2,2080.0,104,1.0,beta_c_0.16,16800.0,840,50.0,0,,-1,E7,delivered,72,104,LB-v1-20260822,50.0,103,71.90769193013888,100.0,C-ALNS-MP,4562.626701547581,4562.626701547581,1,4abaffbfd8b0411fceca111e5753d7a019b68fc47297a474b576d0b50b956025,0.0,71.90769193013888,LB,102,1,time_critical_lightweight,task_time_critical_lightweight_8,emergency,0,1,0.800241625655852
f42d94b7a35f9f5e14c04ed4146758b88c85995349f206e13dfbc0af426c6024,130,0,None,-1.0,-1,0.0,beta_c_0.16,17400.0,870,50.0,1,lifeline_zero,394,E7,failed,84,-1,LB-v1-20260822,0.0,213,0.0,100.0,C-ALNS-MP,9178.535368617246,9178.535368617246,0,4abaffbfd8b0411fceca111e5753d7a019b68fc47297a474b576d0b50b956025,50.0,0.0,LB,102,0,time_critical_lightweight,task_time_critical_lightweight_9,emergency,0,1,0.8133445160620112
f42d94b7a35f9f5e14c04ed4146758b88c85995349f206e13dfbc0af426c6024,0,0,None,-1.0,-1,0.0,beta_c_0.16,18000.0,900,50.0,1,lifeline_zero,422,E7,failed,-1,-1,LB-v1-20260822,0.0,-1,0.0,100.0,C-ALNS-MP,5471.014458554654,5471.014458554654,0,4abaffbfd8b0411fceca111e5753d7a019b68fc47297a474b576d0b50b956025,50.0,0.0,LB,102,0,time_critical_lightweight,task_time_critical_lightweight_10,emergency,0,1,0.7234608659077144
f42d94b7a35f9f5e14c04ed4146758b88c85995349f206e13dfbc0af426c6024,0,0,None,-1.0,-1,0.0,beta_c_0.16,18600.0,930,50.0,1,lifeline_zero,376,E7,failed,-1,-1,LB-v1-20260822,0.0,-1,0.0,100.0,C-ALNS-MP,10498.587816679308,10498.587816679308,0,4abaffbfd8b0411fceca111e5753d7a019b68fc47297a474b576d0b50b956025,50.0,0.0,LB,102,0,time_critical_lightweight,task_time_critical_lightweight_11,emergency,0,1,0.8885468420710438
f42d94b7a35f9f5e14c04ed4146758b88c85995349f206e13dfbc0af426c6024,419,1,truck_2,9120.0,456,1.0,beta_c_0.16,19200.0,960,800.0,0,,-1,E7,delivered,36,456,LB-v1-20260822,800.0,454,58.5119602690329,100.0,C-ALNS-MP,10728.26032891467,10728.26032891467,1,14870a79d5f43e60ed3b4f3d6e89c4d26e0ab544e29bb43977a05454ac8e054d,0.0,58.5119602690329,LB,103,1,routine_bulk,task_routine_bulk_0,normal,1,0,0.34842619173408906
f42d94b7a35f9f5e14c04ed4146758b88c85995349f206e13dfbc0af426c6024,36,1,truck_2,800.0,40,1.0,beta_c_0.16,20400.0,1020,800.0,0,,-1,E7,delivered,0,40,LB-v1-20260822,800.0,35,96.32643607358843,100.0,C-ALNS-MP,2909.773055537859,2909.773055537859,1,14870a79d5f43e60ed3b4f3d6e89c4d26e0ab544e29bb43977a05454ac8e054d,0.0,96.32643607358843,LB,103,1,routine_bulk,task_routine_bulk_1,normal,1,0,0.36263112143461484
f42d94b7a35f9f5e14c04ed4146758b88c85995349f206e13dfbc0af426c6024,36,1,truck_3,1520.0,76,1.0,beta_c_0.16,21600.0,1080,800.0,0,,-1,E7,delivered,36,76,LB-v1-20260822,800.0,71,94.06179230166924,100.0,C-ALNS-MP,5891.031930588738,5891.031930588738,1,14870a79d5f43e60ed3b4f3d6e89c4d26e0ab544e29bb43977a05454ac8e054d,0.0,94.06179230166924,LB,103,1,routine_bulk,task_routine_bulk_2,normal,1,0,0.22860762501670875
f42d94b7a35f9f5e14c04ed4146758b88c85995349f206e13dfbc0af426c6024,103,1,truck_0,2060.0,103,1.0,beta_c_0.16,22800.0,1140,800.0,0,,-1,E7,delivered,0,103,LB-v1-20260822,800.0,102,91.83194032629423,100.0,C-ALNS-MP,3679.4188095004256,3679.4188095004256,1,14870a79d5f43e60ed3b4f3d6e89c4d26e0ab544e29bb43977a05454ac8e054d,0.0,91.83194032629423,LB,103,1,routine_bulk,task_routine_bulk_3,normal,1,0,0.20341849503107082
f42d94b7a35f9f5e14c04ed4146758b88c85995349f206e13dfbc0af426c6024,21,1,truck_0,420.0,21,1.0,beta_c_0.16,24000.0,1200,800.0,0,,-1,E7,delivered,0,21,LB-v1-20260822,800.0,20,98.05617214438035,100.0,C-ALNS-MP,1222.77839559386,1222.77839559386,1,14870a79d5f43e60ed3b4f3d6e89c4d26e0ab544e29bb43977a05454ac8e054d,0.0,98.05617214438035,LB,103,1,routine_bulk,task_routine_bulk_4,normal,1,0,0.3319591618543233
f42d94b7a35f9f5e14c04ed4146758b88c85995349f206e13dfbc0af426c6024,281,1,truck_1,7060.0,353,1.0,beta_c_0.16,25200.0,1260,800.0,0,,-1,E7,delivered,72,353,LB-v1-20260822,800.0,352,65.5815673933029,100.0,C-ALNS-MP,12369.193535155884,12369.193535155884,1,14870a79d5f43e60ed3b4f3d6e89c4d26e0ab544e29bb43977a05454ac8e054d,0.0,65.5815673933029,LB,103,1,routine_bulk,task_routine_bulk_5,normal,1,0,0.3837354804247379
f42d94b7a35f9f5e14c04ed4146758b88c85995349f206e13dfbc0af426c6024,34,1,truck_1,680.0,34,1.0,beta_c_0.16,26400.0,1320,800.0,0,,-1,E7,delivered,0,34,LB-v1-20260822,800.0,33,97.04500742049703,100.0,C-ALNS-MP,2190.503861145282,2190.503861145282,1,14870a79d5f43e60ed3b4f3d6e89c4d26e0ab544e29bb43977a05454ac8e054d,0.0,97.04500742049703,LB,103,1,routine_bulk,task_routine_bulk_6,normal,1,0,0.29667557872401773
f42d94b7a35f9f5e14c04ed4146758b88c85995349f206e13dfbc0af426c6024,84,1,truck_1,2180.0,109,1.0,beta_c_0.16,27600.0,1380,800.0,0,,-1,E7,delivered,24,109,LB-v1-20260822,800.0,107,89.07362225421696,100.0,C-ALNS-MP,3849.1587366044114,3849.1587366044114,1,14870a79d5f43e60ed3b4f3d6e89c4d26e0ab544e29bb43977a05454ac8e054d,0.0,89.07362225421696,LB,103,1,routine_bulk,task_routine_bulk_7,normal,1,0,0.46822780016891247
f42d94b7a35f9f5e14c04ed4146758b88c85995349f206e13dfbc0af426c6024,0,1,uav_2,2020.0,101,1.0,beta_c_0.16,12000.0,600,50.0,0,,-1,E7,delivered,-1,101,LB-v1-20260822,50.0,-1,66.84004215815642,100.0,C-ALNS-MP,3549.9180582011645,3549.9180582011645,1,14870a79d5f43e60ed3b4f3d6e89c4d26e0ab544e29bb43977a05454ac8e054d,0.0,66.84004215815642,LB,103,1,time_critical_lightweight,task_time_critical_lightweight_0,emergency,0,1,0.9539752519885072
f42d94b7a35f9f5e14c04ed4146758b88c85995349f206e13dfbc0af426c6024,0,1,uav_1,2300.0,115,1.0,beta_c_0.16,12600.0,630,50.0,0,,-1,E7,delivered,-1,115,LB-v1-20260822,50.0,-1,65.5025095016989,100.0,C-ALNS-MP,3853.766998414422,3853.766998414422,1,14870a79d5f43e60ed3b4f3d6e89c4d26e0ab544e29bb43977a05454ac8e054d,0.0,65.5025095016989,LB,103,1,time_critical_lightweight,task_time_critical_lightweight_1,emergency,0,1,0.9948079019505545
f42d94b7a35f9f5e14c04ed4146758b88c85995349f206e13dfbc0af426c6024,135,1,uav_1,2940.0,147,1.0,beta_c_0.16,13200.0,660,50.0,0,,-1,E7,delivered,0,147,LB-v1-20260822,50.0,146,63.96298550337962,100.0,C-ALNS-MP,4718.076354042247,4718.076354042247,1,14870a79d5f43e60ed3b4f3d6e89c4d26e0ab544e29bb43977a05454ac8e054d,0.0,63.96298550337962,LB,103,1,time_critical_lightweight,task_time_critical_lightweight_2,emergency,0,1,0.7377905179466021
f42d94b7a35f9f5e14c04ed4146758b88c85995349f206e13dfbc0af426c6024,110,1,uav_3,2200.0,110,1.0,beta_c_0.16,13800.0,690,50.0,0,,-1,E7,delivered,0,110,LB-v1-20260822,50.0,109,66.17737448634601,100.0,C-ALNS-MP,4622.917826000115,4622.917826000115,1,14870a79d5f43e60ed3b4f3d6e89c4d26e0ab544e29bb43977a05454ac8e054d,0.0,66.17737448634601,LB,103,1,time_critical_lightweight,task_time_critical_lightweight_3,emergency,0,1,0.993001467773675
f42d94b7a35f9f5e14c04ed4146758b88c85995349f206e13dfbc0af426c6024,154,1,uav_4,3800.0,190,1.0,beta_c_0.16,14400.0,720,50.0,0,,-1,E7,delivered,0,190,LB-v1-20260822,50.0,189,40.23416609766182,100.0,C-ALNS-MP,7874.47009238337,7874.47009238337,1,14870a79d5f43e60ed3b4f3d6e89c4d26e0ab544e29bb43977a05454ac8e054d,0.0,40.23416609766182,LB,103,1,time_critical_lightweight,task_time_critical_lightweight_4,emergency,0,1,0.8793174987113003
f42d94b7a35f9f5e14c04ed4146758b88c85995349f206e13dfbc0af426c6024,180,0,None,-1.0,-1,0.0,beta_c_0.16,15960.0,798,50.0,1,lifeline_zero,359,E7,failed,0,-1,LB-v1-20260822,0.0,179,0.0,100.0,C-ALNS-MP,15631.763761674247,15631.763761674247,0,14870a79d5f43e60ed3b4f3d6e89c4d26e0ab544e29bb43977a05454ac8e054d,50.0,0.0,LB,103,0,time_critical_lightweight,task_time_critical_lightweight_5,emergency,0,1,0.7453071219044164
f42d94b7a35f9f5e14c04ed4146758b88c85995349f206e13dfbc0af426c6024,336,0,None,-1.0,-1,0.0,beta_c_0.16,16560.0,828,50.0,1,lifeline_zero,356,E7,failed,0,-1,LB-v1-20260822,0.0,335,0.0,100.0,C-ALNS-MP,8424.160448484647,8424.160448484647,0,14870a79d5f43e60ed3b4f3d6e89c4d26e0ab544e29bb43977a05454ac8e054d,50.0,0.0,LB,103,0,time_critical_lightweight,task_time_critical_lightweight_6,emergency,0,1,0.9405001457932693
f42d94b7a35f9f5e14c04ed4146758b88c85995349f206e13dfbc0af426c6024,204,1,uav_0,4080.0,204,1.0,beta_c_0.16,17160.0,858,50.0,0,,-1,E7,delivered,0,204,LB-v1-20260822,50.0,203,38.445486662630465,100.0,C-ALNS-MP,8257.460786599386,8257.460786599386,1,14870a79d5f43e60ed3b4f3d6e89c4d26e0ab544e29bb43977a05454ac8e054d,0.0,38.445486662630465,LB,103,1,time_critical_lightweight,task_time_critical_lightweight_7,emergency,0,1,0.9967292359223714
f42d94b7a35f9f5e14c04ed4146758b88c85995349f206e13dfbc0af426c6024,0,1,uav_2,600.0,30,1.0,beta_c_0.16,16800.0,840,50.0,0,,-1,E7,delivered,-1,30,LB-v1-20260822,50.0,-1,90.97959698975679,100.0,C-ALNS-MP,2438.790356782932,2438.790356782932,1,14870a79d5f43e60ed3b4f3d6e89c4d26e0ab544e29bb43977a05454ac8e054d,0.0,90.97959698975679,LB,103,1,time_critical_lightweight,task_time_critical_lightweight_8,emergency,0,1,0.956249863078559
f42d94b7a35f9f5e14c04ed4146758b88c85995349f206e13dfbc0af426c6024,12,1,uav_2,2400.0,120,1.0,beta_c_0.16,17400.0,870,50.0,0,,-1,E7,delivered,108,120,LB-v1-20260822,50.0,119,59.8031899554937,100.0,C-ALNS-MP,5229.962687587301,5229.962687587301,1,14870a79d5f43e60ed3b4f3d6e89c4d26e0ab544e29bb43977a05454ac8e054d,0.0,59.8031899554937,LB,103,1,time_critical_lightweight,task_time_critical_lightweight_9,emergency,0,1,0.99615912292639
f42d94b7a35f9f5e14c04ed4146758b88c85995349f206e13dfbc0af426c6024,22,1,uav_3,3560.0,178,1.0,beta_c_0.16,18000.0,900,50.0,0,,-1,E7,delivered,156,178,LB-v1-20260822,50.0,177,55.25095434118776,100.0,C-ALNS-MP,4101.291462269308,4101.291462269308,1,14870a79d5f43e60ed3b4f3d6e89c4d26e0ab544e29bb43977a05454ac8e054d,0.0,55.25095434118776,LB,103,1,time_critical_lightweight,task_time_critical_lightweight_10,emergency,0,1,0.7679542876123209
f42d94b7a35f9f5e14c04ed4146758b88c85995349f206e13dfbc0af426c6024,12,0,None,-1.0,-1,0.0,beta_c_0.16,18600.0,930,50.0,1,lifeline_zero,330,E7,failed,108,-1,LB-v1-20260822,0.0,119,0.0,100.0,C-ALNS-MP,9892.748184234893,9892.748184234893,0,14870a79d5f43e60ed3b4f3d6e89c4d26e0ab544e29bb43977a05454ac8e054d,50.0,0.0,LB,103,0,time_critical_lightweight,task_time_critical_lightweight_11,emergency,0,1,0.8558745641192899
f42d94b7a35f9f5e14c04ed4146758b88c85995349f206e13dfbc0af426c6024,120,0,None,-1.0,-1,0.0,beta_c_0.16,19200.0,960,800.0,1,deadline_exceeded,961,E7,failed,0,-1,LB-v1-20260822,0.0,143,0.8156339285624098,100.0,C-ALNS-MP,5272.8843626741755,5272.8843626741755,0,4cb44969bd2784e4807dec7afeca06da4e31c85fb9c86cb2f5e1f89aec5cf21c,800.0,0.0,LB,104,0,routine_bulk,task_routine_bulk_0,normal,1,0,0.47918201810372657
f42d94b7a35f9f5e14c04ed4146758b88c85995349f206e13dfbc0af426c6024,67,1,truck_1,3020.0,151,1.0,beta_c_0.16,20400.0,1020,800.0,0,,-1,E7,delivered,84,151,LB-v1-20260822,800.0,150,83.35016225590273,100.0,C-ALNS-MP,7568.357709164488,7568.357709164488,1,4cb44969bd2784e4807dec7afeca06da4e31c85fb9c86cb2f5e1f89aec5cf21c,0.0,83.35016225590273,LB,104,1,routine_bulk,task_routine_bulk_1,normal,1,0,0.5886518651509982
f42d94b7a35f9f5e14c04ed4146758b88c85995349f206e13dfbc0af426c6024,84,1,truck_3,1720.0,86,1.0,beta_c_0.16,21600.0,1080,800.0,0,,-1,E7,delivered,0,86,LB-v1-20260822,800.0,83,91.12712377468277,100.0,C-ALNS-MP,6249.3846204323945,6249.3846204323945,1,4cb44969bd2784e4807dec7afeca06da4e31c85fb9c86cb2f5e1f89aec5cf21c,0.0,91.12712377468277,LB,104,1,routine_bulk,task_routine_bulk_2,normal,1,0,0.276105417555162
f42d94b7a35f9f5e14c04ed4146758b88c85995349f206e13dfbc0af426c6024,83,1,truck_2,1660.0,83,1.0,beta_c_0.16,22800.0,1140,800.0,0,,-1,E7,delivered,0,83,LB-v1-20260822,800.0,82,90.91415411800186,100.0,C-ALNS-MP,6698.28848762556,6698.28848762556,1,4cb44969bd2784e4807dec7afeca06da4e31c85fb9c86cb2f5e1f89aec5cf21c,0.0,90.91415411800186,LB,104,1,routine_bulk,task_routine_bulk_3,normal,1,0,0.48560807268183753
f42d94b7a35f9f5e14c04ed4146758b88c85995349f206e13dfbc0af426c6024,41,1,truck_1,2740.0,137,1.0,beta_c_0.16,24000.0,1200,800.0,0,,-1,E7,delivered,96,137,LB-v1-20260822,800.0,136,85.32532533324063,100.0,C-ALNS-MP,7570.960812820636,7570.960812820636,1,4cb44969bd2784e4807dec7afeca06da4e31c85fb9c86cb2f5e1f89aec5cf21c,0.0,85.32532533324063,LB,104,1,routine_bulk,task_routine_bulk_4,normal,1,0,0.5478035996107795
f42d94b7a35f9f5e14c04ed4146758b88c85995349f206e13dfbc0af426c6024,204,0,None,-1.0,-1,0.0,beta_c_0.16,25200.0,1260,800.0,1,lifeline_zero,1099,E7,failed,144,-1,LB-v1-20260822,0.0,347,0.0,100.0,C-ALNS-MP,7123.574472651179,7123.574472651179,0,4cb44969bd2784e4807dec7afeca06da4e31c85fb9c86cb2f5e1f89aec5cf21c,800.0,0.0,LB,104,0,routine_bulk,task_routine_bulk_5,normal,1,0,0.35137426266199645
f42d94b7a35f9f5e14c04ed4146758b88c85995349f206e13dfbc0af426c6024,93,1,truck_1,1860.0,93,1.0,beta_c_0.16,26400.0,1320,800.0,0,,-1,E7,delivered,0,93,LB-v1-20260822,800.0,92,90.30293922232143,100.0,C-ALNS-MP,6156.526159856502,6156.526159856502,1,4cb44969bd2784e4807dec7afeca06da4e31c85fb9c86cb2f5e1f89aec5cf21c,0.0,90.30293922232143,LB,104,1,routine_bulk,task_routine_bulk_6,normal,1,0,0.4791203724344151
f42d94b7a35f9f5e14c04ed4146758b88c85995349f206e13dfbc0af426c6024,36,1,truck_1,3620.0,181,1.0,beta_c_0.16,27600.0,1380,800.0,0,,-1,E7,delivered,144,181,LB-v1-20260822,800.0,179,83.07915226226768,100.0,C-ALNS-MP,7985.041925894773,7985.041925894773,1,4cb44969bd2784e4807dec7afeca06da4e31c85fb9c86cb2f5e1f89aec5cf21c,0.0,83.07915226226768,LB,104,1,routine_bulk,task_routine_bulk_7,normal,1,0,0.41526441828837324
f42d94b7a35f9f5e14c04ed4146758b88c85995349f206e13dfbc0af426c6024,0,1,uav_3,2120.0,106,1.0,beta_c_0.16,12000.0,600,50.0,0,,-1,E7,delivered,-1,106,LB-v1-20260822,50.0,-1,70.13177285904439,100.0,C-ALNS-MP,7023.7895527980045,7023.7895527980045,1,4cb44969bd2784e4807dec7afeca06da4e31c85fb9c86cb2f5e1f89aec5cf21c,0.0,70.13177285904439,LB,104,1,time_critical_lightweight,task_time_critical_lightweight_0,emergency,0,1,0.7334050411538343
f42d94b7a35f9f5e14c04ed4146758b88c85995349f206e13dfbc0af426c6024,41,1,uav_1,4840.0,242,1.0,beta_c_0.16,12600.0,630,50.0,0,,-1,E7,delivered,151,242,LB-v1-20260822,50.0,215,38.979196801299274,100.0,C-ALNS-MP,7820.4684819216145,7820.4684819216145,1,4cb44969bd2784e4807dec7afeca06da4e31c85fb9c86cb2f5e1f89aec5cf21c,0.0,38.979196801299274,LB,104,1,time_critical_lightweight,task_time_critical_lightweight_1,emergency,0,1,0.7756329563794074
f42d94b7a35f9f5e14c04ed4146758b88c85995349f206e13dfbc0af426c6024,191,0,None,-1.0,-1,0.0,beta_c_0.16,14160.0,708,50.0,1,lifeline_zero,371,E7,failed,0,-1,LB-v1-20260822,0.0,370,0.0,100.0,C-ALNS-MP,10205.303898503826,10205.303898503826,0,4cb44969bd2784e4807dec7afeca06da4e31c85fb9c86cb2f5e1f89aec5cf21c,50.0,0.0,LB,104,0,time_critical_lightweight,task_time_critical_lightweight_2,emergency,0,1,0.7888680287525364
f42d94b7a35f9f5e14c04ed4146758b88c85995349f206e13dfbc0af426c6024,134,1,uav_5,2680.0,134,1.0,beta_c_0.16,13800.0,690,50.0,0,,-1,E7,delivered,0,134,LB-v1-20260822,50.0,133,64.36476578455265,100.0,C-ALNS-MP,16046.827472122433,16046.827472122433,1,4cb44969bd2784e4807dec7afeca06da4e31c85fb9c86cb2f5e1f89aec5cf21c,0.0,64.36476578455265,LB,104,1,time_critical_lightweight,task_time_critical_lightweight_3,emergency,0,1,0.8367675481815295
f42d94b7a35f9f5e14c04ed4146758b88c85995349f206e13dfbc0af426c6024,333,0,None,-1.0,-1,0.0,beta_c_0.16,15360.0,768,50.0,1,lifeline_zero,369,E7,failed,0,-1,LB-v1-20260822,0.0,368,0.0,100.0,C-ALNS-MP,9174.482219933043,9174.482219933043,0,4cb44969bd2784e4807dec7afeca06da4e31c85fb9c86cb2f5e1f89aec5cf21c,50.0,0.0,LB,104,0,time_critical_lightweight,task_time_critical_lightweight_4,emergency,0,1,0.8127661232413205
f42d94b7a35f9f5e14c04ed4146758b88c85995349f206e13dfbc0af426c6024,216,0,None,-1.0,-1,0.0,beta_c_0.16,15960.0,798,50.0,1,lifeline_zero,386,E7,failed,24,-1,LB-v1-20260822,0.0,385,0.0,100.0,C-ALNS-MP,19651.540378591842,19651.540378591842,0,4cb44969bd2784e4807dec7afeca06da4e31c85fb9c86cb2f5e1f89aec5cf21c,50.0,0.0,LB,104,0,time_critical_lightweight,task_time_critical_lightweight_5,emergency,0,1,0.8423225708886023
f42d94b7a35f9f5e14c04ed4146758b88c85995349f206e13dfbc0af426c6024,101,1,uav_1,2740.0,137,1.0,beta_c_0.16,15600.0,780,50.0,0,,-1,E7,delivered,0,137,LB-v1-20260822,50.0,136,62.97842255113516,100.0,C-ALNS-MP,7018.248876048752,7018.248876048752,1,4cb44969bd2784e4807dec7afeca06da4e31c85fb9c86cb2f5e1f89aec5cf21c,0.0,62.97842255113516,LB,104,1,time_critical_lightweight,task_time_critical_lightweight_6,emergency,0,1,0.8491294207660127
f42d94b7a35f9f5e14c04ed4146758b88c85995349f206e13dfbc0af426c6024,97,1,uav_2,3140.0,157,1.0,beta_c_0.16,16200.0,810,50.0,0,,-1,E7,delivered,0,157,LB-v1-20260822,50.0,156,52.42163229505714,100.0,C-ALNS-MP,8377.6446781383,8377.6446781383,1,4cb44969bd2784e4807dec7afeca06da4e31c85fb9c86cb2f5e1f89aec5cf21c,0.0,52.42163229505714,LB,104,1,time_critical_lightweight,task_time_critical_lightweight_7,emergency,0,1,0.9286770435131199
f42d94b7a35f9f5e14c04ed4146758b88c85995349f206e13dfbc0af426c6024,242,0,None,-1.0,-1,0.0,beta_c_0.16,16800.0,840,50.0,1,lifeline_zero,374,E7,failed,0,-1,LB-v1-20260822,0.0,373,0.0,100.0,C-ALNS-MP,9300.70569730297,9300.70569730297,0,4cb44969bd2784e4807dec7afeca06da4e31c85fb9c86cb2f5e1f89aec5cf21c,50.0,0.0,LB,104,0,time_critical_lightweight,task_time_critical_lightweight_8,emergency,0,1,0.8211665605115068
f42d94b7a35f9f5e14c04ed4146758b88c85995349f206e13dfbc0af426c6024,14,1,uav_1,3160.0,158,1.0,beta_c_0.16,17400.0,870,50.0,0,,-1,E7,delivered,144,158,LB-v1-20260822,50.0,157,56.12239546935412,100.0,C-ALNS-MP,7532.933777727172,7532.933777727172,1,4cb44969bd2784e4807dec7afeca06da4e31c85fb9c86cb2f5e1f89aec5cf21c,0.0,56.12239546935412,LB,104,1,time_critical_lightweight,task_time_critical_lightweight_9,emergency,0,1,0.8946614200318721
f42d94b7a35f9f5e14c04ed4146758b88c85995349f206e13dfbc0af426c6024,24,1,uav_5,3360.0,168,1.0,beta_c_0.16,18000.0,900,50.0,0,,-1,E7,delivered,144,168,LB-v1-20260822,50.0,167,53.770895249925616,100.0,C-ALNS-MP,12110.343999723837,12110.343999723837,1,4cb44969bd2784e4807dec7afeca06da4e31c85fb9c86cb2f5e1f89aec5cf21c,0.0,53.770895249925616,LB,104,1,time_critical_lightweight,task_time_critical_lightweight_10,emergency,0,1,0.9073734486686894
f42d94b7a35f9f5e14c04ed4146758b88c85995349f206e13dfbc0af426c6024,48,0,None,-1.0,-1,0.0,beta_c_0.16,18600.0,930,50.0,1,lifeline_zero,353,E7,failed,60,-1,LB-v1-20260822,0.0,107,0.0,100.0,C-ALNS-MP,5010.518718001438,5010.518718001438,0,4cb44969bd2784e4807dec7afeca06da4e31c85fb9c86cb2f5e1f89aec5cf21c,50.0,0.0,LB,104,0,time_critical_lightweight,task_time_critical_lightweight_11,emergency,0,1,0.7839172668337464
f42d94b7a35f9f5e14c04ed4146758b88c85995349f206e13dfbc0af426c6024,24,0,None,-1.0,-1,0.0,beta_c_0.16,19200.0,960,800.0,1,deadline_exceeded,961,E7,failed,119,-1,LB-v1-20260822,0.0,142,10.085083014575781,100.0,C-ALNS-MP,12577.323912323805,12577.323912323805,0,72a4b77e3791eab072bccfcb1341068246fe8e3200facb029368f87cb72c4e8f,800.0,0.0,LB,105,0,routine_bulk,task_routine_bulk_0,normal,1,0,0.4422958379032641
f42d94b7a35f9f5e14c04ed4146758b88c85995349f206e13dfbc0af426c6024,119,1,truck_1,2460.0,123,1.0,beta_c_0.16,20400.0,1020,800.0,0,,-1,E7,delivered,0,123,LB-v1-20260822,800.0,118,88.7193996732142,100.0,C-ALNS-MP,8114.793341322871,8114.793341322871,1,72a4b77e3791eab072bccfcb1341068246fe8e3200facb029368f87cb72c4e8f,0.0,88.7193996732142,LB,105,1,routine_bulk,task_routine_bulk_1,normal,1,0,0.35204079810666833
f42d94b7a35f9f5e14c04ed4146758b88c85995349f206e13dfbc0af426c6024,167,1,truck_0,4800.0,240,1.0,beta_c_0.16,21600.0,1080,800.0,0,,-1,E7,delivered,72,240,LB-v1-20260822,800.0,238,79.00050524056626,100.0,C-ALNS-MP,8729.62675428584,8729.62675428584,1,72a4b77e3791eab072bccfcb1341068246fe8e3200facb029368f87cb72c4e8f,0.0,79.00050524056626,LB,105,1,routine_bulk,task_routine_bulk_2,normal,1,0,0.287785035971319
f42d94b7a35f9f5e14c04ed4146758b88c85995349f206e13dfbc0af426c6024,72,1,truck_1,1440.0,72,1.0,beta_c_0.16,22800.0,1140,800.0,0,,-1,E7,delivered,0,72,LB-v1-20260822,800.0,71,92.89743810261982,100.0,C-ALNS-MP,5910.696567912473,5910.696567912473,1,72a4b77e3791eab072bccfcb1341068246fe8e3200facb029368f87cb72c4e8f,0.0,92.89743810261982,LB,105,1,routine_bulk,task_routine_bulk_3,normal,1,0,0.350797741406931
f42d94b7a35f9f5e14c04ed4146758b88c85995349f206e13dfbc0af426c6024,52,1,truck_0,2720.0,136,1.0,beta_c_0.16,24000.0,1200,800.0,0,,-1,E7,delivered,84,136,LB-v1-20260822,800.0,135,86.65119429160026,100.0,C-ALNS-MP,10694.004250403128,10694.004250403128,1,72a4b77e3791eab072bccfcb1341068246fe8e3200facb029368f87cb72c4e8f,0.0,86.65119429160026,LB,105,1,routine_bulk,task_routine_bulk_4,normal,1,0,0.4555758510257406
f42d94b7a35f9f5e14c04ed4146758b88c85995349f206e13dfbc0af426c6024,71,0,None,-1.0,-1,0.0,beta_c_0.16,25200.0,1260,800.0,1,lifeline_zero,1039,E7,failed,72,-1,LB-v1-20260822,0.0,142,0.0,100.0,C-ALNS-MP,11688.368471261618,11688.368471261618,0,72a4b77e3791eab072bccfcb1341068246fe8e3200facb029368f87cb72c4e8f,800.0,0.0,LB,105,0,routine_bulk,task_routine_bulk_5,normal,1,0,0.4710880429495432
f42d94b7a35f9f5e14c04ed4146758b88c85995349f206e13dfbc0af426c6024,84,1,truck_0,1720.0,86,1.0,beta_c_0.16,26400.0,1320,800.0,0,,-1,E7,delivered,0,86,LB-v1-20260822,800.0,83,91.28469086368084,100.0,C-ALNS-MP,6465.741892118609,6465.741892118609,1,72a4b77e3791eab072bccfcb1341068246fe8e3200facb029368f87cb72c4e8f,0.0,91.28469086368084,LB,105,1,routine_bulk,task_routine_bulk_6,normal,1,0,0.4027653483499122
f42d94b7a35f9f5e14c04ed4146758b88c85995349f206e13dfbc0af426c6024,71,1,truck_2,1420.0,71,1.0,beta_c_0.16,27600.0,1380,800.0,0,,-1,E7,delivered,0,71,LB-v1-20260822,800.0,70,92.47866658177351,100.0,C-ALNS-MP,5513.218277176952,5513.218277176952,1,72a4b77e3791eab072bccfcb1341068246fe8e3200facb029368f87cb72c4e8f,0.0,92.47866658177351,LB,105,1,routine_bulk,task_routine_bulk_7,normal,1,0,0.4532664729099701
f42d94b7a35f9f5e14c04ed4146758b88c85995349f206e13dfbc0af426c6024,31,1,uav_4,3720.0,186,1.0,beta_c_0.16,12000.0,600,50.0,0,,-1,E7,delivered,155,186,LB-v1-20260822,50.0,185,48.62190702309914,100.0,C-ALNS-MP,3632.0997667878946,3632.0997667878946,1,72a4b77e3791eab072bccfcb1341068246fe8e3200facb029368f87cb72c4e8f,0.0,48.62190702309914,LB,105,1,time_critical_lightweight,task_time_critical_lightweight_0,emergency,0,1,0.8976075549457397
f42d94b7a35f9f5e14c04ed4146758b88c85995349f206e13dfbc0af426c6024,0,1,uav_3,1020.0,51,1.0,beta_c_0.16,12600.0,630,50.0,0,,-1,E7,delivered,-1,51,LB-v1-20260822,50.0,-1,85.45591558718449,100.0,C-ALNS-MP,4785.672150326649,4785.672150326649,1,72a4b77e3791eab072bccfcb1341068246fe8e3200facb029368f87cb72c4e8f,0.0,85.45591558718449,LB,105,1,time_critical_lightweight,task_time_critical_lightweight_1,emergency,0,1,0.778127135572565
f42d94b7a35f9f5e14c04ed4146758b88c85995349f206e13dfbc0af426c6024,103,1,uav_0,3720.0,186,1.0,beta_c_0.16,13200.0,660,50.0,0,,-1,E7,delivered,0,186,LB-v1-20260822,50.0,185,51.619580852589635,100.0,C-ALNS-MP,4398.113455086746,4398.113455086746,1,72a4b77e3791eab072bccfcb1341068246fe8e3200facb029368f87cb72c4e8f,0.0,51.619580852589635,LB,105,1,time_critical_lightweight,task_time_critical_lightweight_2,emergency,0,1,0.7499811226475924
f42d94b7a35f9f5e14c04ed4146758b88c85995349f206e13dfbc0af426c6024,158,1,uav_2,3400.0,170,1.0,beta_c_0.16,13800.0,690,50.0,0,,-1,E7,delivered,0,170,LB-v1-20260822,50.0,169,48.350339193864926,100.0,C-ALNS-MP,5420.674333996477,5420.674333996477,1,72a4b77e3791eab072bccfcb1341068246fe8e3200facb029368f87cb72c4e8f,0.0,48.350339193864926,LB,105,1,time_critical_lightweight,task_time_critical_lightweight_3,emergency,0,1,0.9578263112503582
f42d94b7a35f9f5e14c04ed4146758b88c85995349f206e13dfbc0af426c6024,72,0,None,-1.0,-1,0.0,beta_c_0.16,15360.0,768,50.0,1,lifeline_zero,395,E7,failed,0,-1,LB-v1-20260822,0.0,71,0.0,100.0,C-ALNS-MP,7181.023200554933,7181.023200554933,0,72a4b77e3791eab072bccfcb1341068246fe8e3200facb029368f87cb72c4e8f,50.0,0.0,LB,105,0,time_critical_lightweight,task_time_critical_lightweight_4,emergency,0,1,0.795836380139859
f42d94b7a35f9f5e14c04ed4146758b88c85995349f206e13dfbc0af426c6024,175,1,uav_2,3740.0,187,1.0,beta_c_0.16,15000.0,750,50.0,0,,-1,E7,delivered,0,187,LB-v1-20260822,50.0,186,49.16812752261969,100.0,C-ALNS-MP,6377.527483238084,6377.527483238084,1,72a4b77e3791eab072bccfcb1341068246fe8e3200facb029368f87cb72c4e8f,0.0,49.16812752261969,LB,105,1,time_critical_lightweight,task_time_critical_lightweight_5,emergency,0,1,0.780918270447546
f42d94b7a35f9f5e14c04ed4146758b88c85995349f206e13dfbc0af426c6024,314,0,None,-1.0,-1,0.0,beta_c_0.16,16560.0,828,50.0,1,lifeline_zero,386,E7,failed,0,-1,LB-v1-20260822,0.0,385,0.0,100.0,C-ALNS-MP,9029.776283917252,9029.776283917252,0,72a4b77e3791eab072bccfcb1341068246fe8e3200facb029368f87cb72c4e8f,50.0,0.0,LB,105,0,time_critical_lightweight,task_time_critical_lightweight_6,emergency,0,1,0.8689360715219382
f42d94b7a35f9f5e14c04ed4146758b88c85995349f206e13dfbc0af426c6024,212,1,uav_2,4240.0,212,1.0,beta_c_0.16,17160.0,858,50.0,0,,-1,E7,delivered,0,212,LB-v1-20260822,50.0,211,35.14660438142135,100.0,C-ALNS-MP,6748.743106898455,6748.743106898455,1,72a4b77e3791eab072bccfcb1341068246fe8e3200facb029368f87cb72c4e8f,0.0,35.14660438142135,LB,105,1,time_critical_lightweight,task_time_critical_lightweight_7,emergency,0,1,0.9402474835352292
f42d94b7a35f9f5e14c04ed4146758b88c85995349f206e13dfbc0af426c6024,25,1,uav_2,1700.0,85,1.0,beta_c_0.16,16800.0,840,50.0,0,,-1,E7,delivered,60,85,LB-v1-20260822,50.0,84,70.71136069712854,100.0,C-ALNS-MP,6916.263526249127,6916.263526249127,1,72a4b77e3791eab072bccfcb1341068246fe8e3200facb029368f87cb72c4e8f,0.0,70.71136069712854,LB,105,1,time_critical_lightweight,task_time_critical_lightweight_8,emergency,0,1,0.9661089449093814
f42d94b7a35f9f5e14c04ed4146758b88c85995349f206e13dfbc0af426c6024,71,0,None,-1.0,-1,0.0,beta_c_0.16,17400.0,870,50.0,1,lifeline_zero,393,E7,failed,72,-1,LB-v1-20260822,0.0,142,0.0,100.0,C-ALNS-MP,10495.756357098931,10495.756357098931,0,72a4b77e3791eab072bccfcb1341068246fe8e3200facb029368f87cb72c4e8f,50.0,0.0,LB,105,0,time_critical_lightweight,task_time_critical_lightweight_9,emergency,0,1,0.8274854444539167
f42d94b7a35f9f5e14c04ed4146758b88c85995349f206e13dfbc0af426c6024,7,1,uav_0,3000.0,150,1.0,beta_c_0.16,18000.0,900,50.0,0,,-1,E7,delivered,143,150,LB-v1-20260822,50.0,149,61.68768755668937,100.0,C-ALNS-MP,8510.237238411748,8510.237238411748,1,72a4b77e3791eab072bccfcb1341068246fe8e3200facb029368f87cb72c4e8f,0.0,61.68768755668937,LB,105,1,time_critical_lightweight,task_time_critical_lightweight_10,emergency,0,1,0.7765952172368125
f42d94b7a35f9f5e14c04ed4146758b88c85995349f206e13dfbc0af426c6024,0,0,None,-1.0,-1,0.0,beta_c_0.16,18600.0,930,50.0,1,lifeline_zero,378,E7,failed,-1,-1,LB-v1-20260822,0.0,-1,0.0,100.0,C-ALNS-MP,10506.128035288262,10506.128035288262,0,72a4b77e3791eab072bccfcb1341068246fe8e3200facb029368f87cb72c4e8f,50.0,0.0,LB,105,0,time_critical_lightweight,task_time_critical_lightweight_11,emergency,0,1,0.8832814159350445
f42d94b7a35f9f5e14c04ed4146758b88c85995349f206e13dfbc0af426c6024,36,1,truck_2,740.0,37,1.0,beta_c_0.16,19200.0,960,800.0,0,,-1,E7,delivered,0,37,LB-v1-20260822,800.0,35,96.54777720445192,100.0,C-ALNS-MP,3049.050045046094,3049.050045046094,1,7a804c8bd8d578c33a326a117c3fe4b8bc51e9046df91fc23903e82e3a610934,0.0,96.54777720445192,LB,106,1,routine_bulk,task_routine_bulk_0,normal,1,0,0.3041748807187687
f42d94b7a35f9f5e14c04ed4146758b88c85995349f206e13dfbc0af426c6024,216,1,truck_0,6320.0,316,1.0,beta_c_0.16,20400.0,1020,800.0,0,,-1,E7,delivered,96,316,LB-v1-20260822,800.0,311,75.41183736236908,100.0,C-ALNS-MP,11755.03202291802,11755.03202291802,1,7a804c8bd8d578c33a326a117c3fe4b8bc51e9046df91fc23903e82e3a610934,0.0,75.41183736236908,LB,106,1,routine_bulk,task_routine_bulk_1,normal,1,0,0.23717705835687986
f42d94b7a35f9f5e14c04ed4146758b88c85995349f206e13dfbc0af426c6024,36,0,None,-1.0,-1,0.0,beta_c_0.16,21600.0,1080,800.0,1,deadline_exceeded,1081,E7,failed,12,-1,LB-v1-20260822,0.0,47,20.801206276397178,100.0,C-ALNS-MP,7762.225913505712,7762.225913505712,0,7a804c8bd8d578c33a326a117c3fe4b8bc51e9046df91fc23903e82e3a610934,800.0,0.0,LB,106,0,routine_bulk,task_routine_bulk_2,normal,1,0,0.20180158138940132
f42d94b7a35f9f5e14c04ed4146758b88c85995349f206e13dfbc0af426c6024,60,1,truck_2,2000.0,100,1.0,beta_c_0.16,22800.0,1140,800.0,0,,-1,E7,delivered,36,100,LB-v1-20260822,800.0,95,90.11839194586439,100.0,C-ALNS-MP,7568.718729445891,7568.718729445891,1,7a804c8bd8d578c33a326a117c3fe4b8bc51e9046df91fc23903e82e3a610934,0.0,90.11839194586439,LB,106,1,routine_bulk,task_routine_bulk_3,normal,1,0,0.3703078937759816
f42d94b7a35f9f5e14c04ed4146758b88c85995349f206e13dfbc0af426c6024,101,1,truck_0,2260.0,113,1.0,beta_c_0.16,24000.0,1200,800.0,0,,-1,E7,delivered,12,113,LB-v1-20260822,800.0,112,90.84779312396971,100.0,C-ALNS-MP,7346.585050938757,7346.585050938757,1,7a804c8bd8d578c33a326a117c3fe4b8bc51e9046df91fc23903e82e3a610934,0.0,90.84779312396971,LB,106,1,routine_bulk,task_routine_bulk_4,normal,1,0,0.25635863431386674
f42d94b7a35f9f5e14c04ed4146758b88c85995349f206e13dfbc0af426c6024,9,1,truck_0,180.0,9,1.0,beta_c_0.16,25200.0,1260,800.0,0,,-1,E7,delivered,0,9,LB-v1-20260822,800.0,8,98.94528326534876,100.0,C-ALNS-MP,321.7564136050573,321.7564136050573,1,7a804c8bd8d578c33a326a117c3fe4b8bc51e9046df91fc23903e82e3a610934,0.0,98.94528326534876,LB,106,1,routine_bulk,task_routine_bulk_5,normal,1,0,0.5920820278261801
f42d94b7a35f9f5e14c04ed4146758b88c85995349f206e13dfbc0af426c6024,12,1,truck_1,280.0,14,1.0,beta_c_0.16,26400.0,1320,800.0,0,,-1,E7,delivered,0,14,LB-v1-20260822,800.0,11,98.72376561355583,100.0,C-ALNS-MP,741.1163378438463,741.1163378438463,1,7a804c8bd8d578c33a326a117c3fe4b8bc51e9046df91fc23903e82e3a610934,0.0,98.72376561355583,LB,106,1,routine_bulk,task_routine_bulk_6,normal,1,0,0.3294775831790963
f42d94b7a35f9f5e14c04ed4146758b88c85995349f206e13dfbc0af426c6024,168,0,None,-1.0,-1,0.0,beta_c_0.16,27600.0,1380,800.0,1,lifeline_zero,947,E7,failed,0,-1,LB-v1-20260822,0.0,167,0.0,100.0,C-ALNS-MP,4309.209615779867,4309.209615779867,0,7a804c8bd8d578c33a326a117c3fe4b8bc51e9046df91fc23903e82e3a610934,800.0,0.0,LB,106,0,routine_bulk,task_routine_bulk_7,normal,1,0,0.5555376124004635
f42d94b7a35f9f5e14c04ed4146758b88c85995349f206e13dfbc0af426c6024,15,1,uav_4,4240.0,212,1.0,beta_c_0.16,12000.0,600,50.0,0,,-1,E7,delivered,113,212,LB-v1-20260822,50.0,211,47.34773341584044,100.0,C-ALNS-MP,11354.674767540788,11354.674767540788,1,7a804c8bd8d578c33a326a117c3fe4b8bc51e9046df91fc23903e82e3a610934,0.0,47.34773341584044,LB,106,1,time_critical_lightweight,task_time_critical_lightweight_0,emergency,0,1,0.774646165207239
f42d94b7a35f9f5e14c04ed4146758b88c85995349f206e13dfbc0af426c6024,0,1,uav_2,2180.0,109,1.0,beta_c_0.16,12600.0,630,50.0,0,,-1,E7,delivered,-1,109,LB-v1-20260822,50.0,-1,70.1289542699017,100.0,C-ALNS-MP,7230.961196434538,7230.961196434538,1,7a804c8bd8d578c33a326a117c3fe4b8bc51e9046df91fc23903e82e3a610934,0.0,70.1289542699017,LB,106,1,time_critical_lightweight,task_time_critical_lightweight_1,emergency,0,1,0.7809525578988008
f42d94b7a35f9f5e14c04ed4146758b88c85995349f206e13dfbc0af426c6024,254,1,uav_4,5320.0,266,1.0,beta_c_0.16,13200.0,660,50.0,0,,-1,E7,delivered,0,266,LB-v1-20260822,50.0,265,26.62250467173935,100.0,C-ALNS-MP,9555.659530191586,9555.659530191586,1,7a804c8bd8d578c33a326a117c3fe4b8bc51e9046df91fc23903e82e3a610934,0.0,26.62250467173935,LB,106,1,time_critical_lightweight,task_time_critical_lightweight_2,emergency,0,1,0.9049880278821211
f42d94b7a35f9f5e14c04ed4146758b88c85995349f206e13dfbc0af426c6024,60,0,None,-1.0,-1,0.0,beta_c_0.16,13800.0,690,50.0,1,lifeline_zero,382,E7,failed,0,-1,LB-v1-20260822,0.0,59,0.0,100.0,C-ALNS-MP,2616.5347358552845,2616.5347358552845,0,7a804c8bd8d578c33a326a117c3fe4b8bc51e9046df91fc23903e82e3a610934,50.0,0.0,LB,106,0,time_critical_lightweight,task_time_critical_lightweight_3,emergency,0,1,0.7465918500496874
f42d94b7a35f9f5e14c04ed4146758b88c85995349f206e13dfbc0af426c6024,54,1,uav_2,1080.0,54,1.0,beta_c_0.16,14400.0,720,50.0,0,,-1,E7,delivered,0,54,LB-v1-20260822,50.0,53,84.24053992305664,100.0,C-ALNS-MP,4481.754838637108,4481.754838637108,1,7a804c8bd8d578c33a326a117c3fe4b8bc51e9046df91fc23903e82e3a610934,0.0,84.24053992305664,LB,106,1,time_critical_lightweight,task_time_critical_lightweight_4,emergency,0,1,0.7312565824232282
f42d94b7a35f9f5e14c04ed4146758b88c85995349f206e13dfbc0af426c6024,168,1,uav_4,3720.0,186,1.0,beta_c_0.16,15000.0,750,50.0,0,,-1,E7,delivered,0,186,LB-v1-20260822,50.0,179,47.35323778401009,100.0,C-ALNS-MP,9318.293364685915,9318.293364685915,1,7a804c8bd8d578c33a326a117c3fe4b8bc51e9046df91fc23903e82e3a610934,0.0,47.35323778401009,LB,106,1,time_critical_lightweight,task_time_critical_lightweight_5,emergency,0,1,0.9426048541447214
f42d94b7a35f9f5e14c04ed4146758b88c85995349f206e13dfbc0af426c6024,108,1,uav_2,3400.0,170,1.0,beta_c_0.16,15600.0,780,50.0,0,,-1,E7,delivered,0,170,LB-v1-20260822,50.0,119,53.1989076342746,100.0,C-ALNS-MP,8013.192717317415,8013.192717317415,1,7a804c8bd8d578c33a326a117c3fe4b8bc51e9046df91fc23903e82e3a610934,0.0,53.1989076342746,LB,106,1,time_critical_lightweight,task_time_critical_lightweight_6,emergency,0,1,0.8110072138332803
f42d94b7a35f9f5e14c04ed4146758b88c85995349f206e13dfbc0af426c6024,81,0,None,-1.0,-1,0.0,beta_c_0.16,17160.0,858,50.0,1,lifeline_zero,333,E7,failed,0,-1,LB-v1-20260822,0.0,332,0.0,100.0,C-ALNS-MP,13599.829777370682,13599.829777370682,0,7a804c8bd8d578c33a326a117c3fe4b8bc51e9046df91fc23903e82e3a610934,50.0,0.0,LB,106,0,time_critical_lightweight,task_time_critical_lightweight_7,emergency,0,1,0.8975879731334194
f42d94b7a35f9f5e14c04ed4146758b88c85995349f206e13dfbc0af426c6024,30,1,uav_0,4440.0,222,1.0,beta_c_0.16,16800.0,840,50.0,0,,-1,E7,delivered,192,222,LB-v1-20260822,50.0,221,36.09206677795405,100.0,C-ALNS-MP,9583.174302716527,9583.174302716527,1,7a804c8bd8d578c33a326a117c3fe4b8bc51e9046df91fc23903e82e3a610934,0.0,36.09206677795405,LB,106,1,time_critical_lightweight,task_time_critical_lightweight_8,emergency,0,1,0.9606920144075497
f42d94b7a35f9f5e14c04ed4146758b88c85995349f206e13dfbc0af426c6024,169,0,None,-1.0,-1,0.0,beta_c_0.16,18360.0,918,50.0,1,lifeline_zero,397,E7,failed,180,-1,LB-v1-20260822,0.0,396,0.0,100.0,C-ALNS-MP,11419.695818305287,11419.695818305287,0,7a804c8bd8d578c33a326a117c3fe4b8bc51e9046df91fc23903e82e3a610934,50.0,0.0,LB,106,0,time_critical_lightweight,task_time_critical_lightweight_9,emergency,0,1,0.7350690289126702
f42d94b7a35f9f5e14c04ed4146758b88c85995349f206e13dfbc0af426c6024,12,0,None,-1.0,-1,0.0,beta_c_0.16,18960.0,948,50.0,1,lifeline_zero,391,E7,failed,180,-1,LB-v1-20260822,0.0,191,0.0,100.0,C-ALNS-MP,9944.256660494088,9944.256660494088,0,7a804c8bd8d578c33a326a117c3fe4b8bc51e9046df91fc23903e82e3a610934,50.0,0.0,LB,106,0,time_critical_lightweight,task_time_critical_lightweight_10,emergency,0,1,0.8116832852154032
f42d94b7a35f9f5e14c04ed4146758b88c85995349f206e13dfbc0af426c6024,164,1,uav_2,4240.0,212,1.0,beta_c_0.16,18600.0,930,50.0,0,,-1,E7,delivered,48,212,LB-v1-20260822,50.0,211,43.63453887770165,100.0,C-ALNS-MP,9249.538160907647,9249.538160907647,1,7a804c8bd8d578c33a326a117c3fe4b8bc51e9046df91fc23903e82e3a610934,0.0,43.63453887770165,LB,106,1,time_critical_lightweight,task_time_critical_lightweight_11,emergency,0,1,0.8206547515719875
f42d94b7a35f9f5e14c04ed4146758b88c85995349f206e13dfbc0af426c6024,247,1,truck_1,6360.0,318,1.0,beta_c_0.16,19200.0,960,800.0,0,,-1,E7,delivered,36,318,LB-v1-20260822,800.0,317,66.41300576677169,100.0,C-ALNS-MP,4676.861376701063,4676.861376701063,1,32c9394d4af74227fd08e45523b2e0e695dacb45570ab806ea7eb6c0dab7bc8a,0.0,66.41300576677169,LB,107,1,routine_bulk,task_routine_bulk_0,normal,1,0,0.5706680857831006
f42d94b7a35f9f5e14c04ed4146758b88c85995349f206e13dfbc0af426c6024,59,1,truck_2,1260.0,63,1.0,beta_c_0.16,20400.0,1020,800.0,0,,-1,E7,delivered,0,63,LB-v1-20260822,800.0,58,94.88466720321085,100.0,C-ALNS-MP,4365.266097324558,4365.266097324558,1,32c9394d4af74227fd08e45523b2e0e695dacb45570ab806ea7eb6c0dab7bc8a,0.0,94.88466720321085,LB,107,1,routine_bulk,task_routine_bulk_1,normal,1,0,0.2966517718910157
f42d94b7a35f9f5e14c04ed4146758b88c85995349f206e13dfbc0af426c6024,36,1,truck_1,760.0,38,1.0,beta_c_0.16,21600.0,1080,800.0,0,,-1,E7,delivered,0,38,LB-v1-20260822,800.0,35,95.95163454467597,100.0,C-ALNS-MP,3168.672550952722,3168.672550952722,1,32c9394d4af74227fd08e45523b2e0e695dacb45570ab806ea7eb6c0dab7bc8a,0.0,95.95163454467597,LB,107,1,routine_bulk,task_routine_bulk_2,normal,1,0,0.5547067970949975
f42d94b7a35f9f5e14c04ed4146758b88c85995349f206e13dfbc0af426c6024,66,1,truck_1,1320.0,66,1.0,beta_c_0.16,22800.0,1140,800.0,0,,-1,E7,delivered,0,66,LB-v1-20260822,800.0,65,94.92313197166987,100.0,C-ALNS-MP,3245.16352904983,3245.16352904983,1,32c9394d4af74227fd08e45523b2e0e695dacb45570ab806ea7eb6c0dab7bc8a,0.0,94.92313197166987,LB,107,1,routine_bulk,task_routine_bulk_3,normal,1,0,0.2436562031867523
f42d94b7a35f9f5e14c04ed4146758b88c85995349f206e13dfbc0af426c6024,156,1,truck_1,4780.0,239,1.0,beta_c_0.16,24000.0,1200,800.0,0,,-1,E7,delivered,71,239,LB-v1-20260822,800.0,238,77.79554882429115,100.0,C-ALNS-MP,5980.171646239756,5980.171646239756,1,32c9394d4af74227fd08e45523b2e0e695dacb45570ab806ea7eb6c0dab7bc8a,0.0,77.79554882429115,LB,107,1,routine_bulk,task_routine_bulk_4,normal,1,0,0.4304808019757515
f42d94b7a35f9f5e14c04ed4146758b88c85995349f206e13dfbc0af426c6024,220,1,truck_2,5600.0,280,1.0,beta_c_0.16,25200.0,1260,800.0,0,,-1,E7,delivered,36,280,LB-v1-20260822,800.0,279,74.6349836184191,100.0,C-ALNS-MP,4790.794991940095,4790.794991940095,1,32c9394d4af74227fd08e45523b2e0e695dacb45570ab806ea7eb6c0dab7bc8a,0.0,74.6349836184191,LB,107,1,routine_bulk,task_routine_bulk_5,normal,1,0,0.3804450519899658
f42d94b7a35f9f5e14c04ed4146758b88c85995349f206e13dfbc0af426c6024,83,0,None,-1.0,-1,0.0,beta_c_0.16,26400.0,1320,800.0,1,lifeline_zero,1299,E7,failed,48,-1,LB-v1-20260822,0.0,130,0.0,100.0,C-ALNS-MP,9323.57765247018,9323.57765247018,0,32c9394d4af74227fd08e45523b2e0e695dacb45570ab806ea7eb6c0dab7bc8a,800.0,0.0,LB,107,0,routine_bulk,task_routine_bulk_6,normal,1,0,0.2221731791610967
f42d94b7a35f9f5e14c04ed4146758b88c85995349f206e13dfbc0af426c6024,36,1,truck_0,800.0,40,1.0,beta_c_0.16,27600.0,1380,800.0,0,,-1,E7,delivered,0,40,LB-v1-20260822,800.0,35,95.92756737033696,100.0,C-ALNS-MP,2675.351273261336,2675.351273261336,1,32c9394d4af74227fd08e45523b2e0e695dacb45570ab806ea7eb6c0dab7bc8a,0.0,95.92756737033696,LB,107,1,routine_bulk,task_routine_bulk_7,normal,1,0,0.4377062722154169
f42d94b7a35f9f5e14c04ed4146758b88c85995349f206e13dfbc0af426c6024,12,1,uav_1,3260.0,163,1.0,beta_c_0.16,12000.0,600,50.0,0,,-1,E7,delivered,143,163,LB-v1-20260822,50.0,154,56.496443650147306,100.0,C-ALNS-MP,5394.62580921223,5394.62580921223,1,32c9394d4af74227fd08e45523b2e0e695dacb45570ab806ea7eb6c0dab7bc8a,0.0,56.496443650147306,LB,107,1,time_critical_lightweight,task_time_critical_lightweight_0,emergency,0,1,0.8302499593770897
f42d94b7a35f9f5e14c04ed4146758b88c85995349f206e13dfbc0af426c6024,22,1,uav_0,3060.0,153,1.0,beta_c_0.16,12600.0,630,50.0,0,,-1,E7,delivered,107,153,LB-v1-20260822,50.0,152,61.26025616679233,100.0,C-ALNS-MP,1255.9076213524656,1255.9076213524656,1,32c9394d4af74227fd08e45523b2e0e695dacb45570ab806ea7eb6c0dab7bc8a,0.0,61.26025616679233,LB,107,1,time_critical_lightweight,task_time_critical_lightweight_1,emergency,0,1,0.7411016998019768
f42d94b7a35f9f5e14c04ed4146758b88c85995349f206e13dfbc0af426c6024,56,1,uav_3,1360.0,68,1.0,beta_c_0.16,14160.0,708,50.0,0,,-1,E7,delivered,0,68,LB-v1-20260822,50.0,67,83.55239652236222,100.0,C-ALNS-MP,8978.493170966221,8978.493170966221,1,32c9394d4af74227fd08e45523b2e0e695dacb45570ab806ea7eb6c0dab7bc8a,0.0,83.55239652236222,LB,107,1,time_critical_lightweight,task_time_critical_lightweight_2,emergency,0,1,0.7545769185202815
f42d94b7a35f9f5e14c04ed4146758b88c85995349f206e13dfbc0af426c6024,68,1,uav_1,2060.0,103,1.0,beta_c_0.16,14760.0,738,50.0,0,,-1,E7,delivered,0,103,LB-v1-20260822,50.0,102,73.65238178968079,100.0,C-ALNS-MP,9241.05280832803,9241.05280832803,1,32c9394d4af74227fd08e45523b2e0e695dacb45570ab806ea7eb6c0dab7bc8a,0.0,73.65238178968079,LB,107,1,time_critical_lightweight,task_time_critical_lightweight_3,emergency,0,1,0.8390694278116883
f42d94b7a35f9f5e14c04ed4146758b88c85995349f206e13dfbc0af426c6024,28,1,uav_1,560.0,28,1.0,beta_c_0.16,14400.0,720,50.0,0,,-1,E7,delivered,0,28,LB-v1-20260822,50.0,27,92.75628151630488,100.0,C-ALNS-MP,2739.1399798010775,2739.1399798010775,1,32c9394d4af74227fd08e45523b2e0e695dacb45570ab806ea7eb6c0dab7bc8a,0.0,92.75628151630488,LB,107,1,time_critical_lightweight,task_time_critical_lightweight_4,emergency,0,1,0.8046278717993235
f42d94b7a35f9f5e14c04ed4146758b88c85995349f206e13dfbc0af426c6024,68,1,uav_2,2300.0,115,1.0,beta_c_0.16,15000.0,750,50.0,0,,-1,E7,delivered,0,115,LB-v1-20260822,50.0,114,68.08045466191325,100.0,C-ALNS-MP,3797.4401881228073,3797.4401881228073,1,32c9394d4af74227fd08e45523b2e0e695dacb45570ab806ea7eb6c0dab7bc8a,0.0,68.08045466191325,LB,107,1,time_critical_lightweight,task_time_critical_lightweight_5,emergency,0,1,0.90085693700648
f42d94b7a35f9f5e14c04ed4146758b88c85995349f206e13dfbc0af426c6024,131,1,uav_2,5260.0,263,1.0,beta_c_0.16,15600.0,780,50.0,0,,-1,E7,delivered,0,263,LB-v1-20260822,50.0,262,32.925451499962094,100.0,C-ALNS-MP,5747.812352952764,5747.812352952764,1,32c9394d4af74227fd08e45523b2e0e695dacb45570ab806ea7eb6c0dab7bc8a,0.0,32.925451499962094,LB,107,1,time_critical_lightweight,task_time_critical_lightweight_6,emergency,0,1,0.7731538051901221
f42d94b7a35f9f5e14c04ed4146758b88c85995349f206e13dfbc0af426c6024,166,1,uav_1,3960.0,198,1.0,beta_c_0.16,17160.0,858,50.0,0,,-1,E7,delivered,0,198,LB-v1-20260822,50.0,197,48.11640334173744,100.0,C-ALNS-MP,9338.434762348648,9338.434762348648,1,32c9394d4af74227fd08e45523b2e0e695dacb45570ab806ea7eb6c0dab7bc8a,0.0,48.11640334173744,LB,107,1,time_critical_lightweight,task_time_critical_lightweight_7,emergency,0,1,0.8164838175840352
f42d94b7a35f9f5e14c04ed4146758b88c85995349f206e13dfbc0af426c6024,42,1,uav_2,1740.0,87,1.0,beta_c_0.16,16800.0,840,50.0,0,,-1,E7,delivered,36,87,LB-v1-20260822,50.0,86,74.67401936121344,100.0,C-ALNS-MP,4433.27498858184,4433.27498858184,1,32c9394d4af74227fd08e45523b2e0e695dacb45570ab806ea7eb6c0dab7bc8a,0.0,74.67401936121344,LB,107,1,time_critical_lightweight,task_time_critical_lightweight_8,emergency,0,1,0.969115762600605
f42d94b7a35f9f5e14c04ed4146758b88c85995349f206e13dfbc0af426c6024,91,1,uav_4,3240.0,162,1.0,beta_c_0.16,17400.0,870,50.0,0,,-1,E7,delivered,36,162,LB-v1-20260822,50.0,161,52.06267641143603,100.0,C-ALNS-MP,1706.9408225484358,1706.9408225484358,1,32c9394d4af74227fd08e45523b2e0e695dacb45570ab806ea7eb6c0dab7bc8a,0.0,52.06267641143603,LB,107,1,time_critical_lightweight,task_time_critical_lightweight_9,emergency,0,1,0.9597035886893125
f42d94b7a35f9f5e14c04ed4146758b88c85995349f206e13dfbc0af426c6024,4,1,uav_3,800.0,40,1.0,beta_c_0.16,18000.0,900,50.0,0,,-1,E7,delivered,36,40,LB-v1-20260822,50.0,39,89.32808315850886,100.0,C-ALNS-MP,3763.818128189182,3763.818128189182,1,32c9394d4af74227fd08e45523b2e0e695dacb45570ab806ea7eb6c0dab7bc8a,0.0,89.32808315850886,LB,107,1,time_critical_lightweight,task_time_critical_lightweight_10,emergency,0,1,0.8653418966582734
f42d94b7a35f9f5e14c04ed4146758b88c85995349f206e13dfbc0af426c6024,8,1,uav_1,1120.0,56,1.0,beta_c_0.16,18600.0,930,50.0,0,,-1,E7,delivered,48,56,LB-v1-20260822,50.0,55,84.03030270661716,100.0,C-ALNS-MP,5710.389558214626,5710.389558214626,1,32c9394d4af74227fd08e45523b2e0e695dacb45570ab806ea7eb6c0dab7bc8a,0.0,84.03030270661716,LB,107,1,time_critical_lightweight,task_time_critical_lightweight_11,emergency,0,1,0.961564265025886
f42d94b7a35f9f5e14c04ed4146758b88c85995349f206e13dfbc0af426c6024,43,1,truck_0,860.0,43,1.0,beta_c_0.16,19200.0,960,800.0,0,,-1,E7,delivered,0,43,LB-v1-20260822,800.0,42,95.10407731926675,100.0,C-ALNS-MP,2859.966141595017,2859.966141595017,1,b503e3e8d452c8acd6b5b13174051b7db268a3fbb2867fd97e1b7529bfd341f1,0.0,95.10407731926675,LB,108,1,routine_bulk,task_routine_bulk_0,normal,1,0,0.5609855287075038
f42d94b7a35f9f5e14c04ed4146758b88c85995349f206e13dfbc0af426c6024,69,1,truck_3,1380.0,69,1.0,beta_c_0.16,20400.0,1020,800.0,0,,-1,E7,delivered,0,69,LB-v1-20260822,800.0,68,92.51044064230261,100.0,C-ALNS-MP,5637.344423392569,5637.344423392569,1,b503e3e8d452c8acd6b5b13174051b7db268a3fbb2867fd97e1b7529bfd341f1,0.0,92.51044064230261,LB,108,1,routine_bulk,task_routine_bulk_1,normal,1,0,0.501236365885313
f42d94b7a35f9f5e14c04ed4146758b88c85995349f206e13dfbc0af426c6024,164,1,truck_1,4460.0,223,1.0,beta_c_0.16,21600.0,1080,800.0,0,,-1,E7,delivered,47,223,LB-v1-20260822,800.0,222,75.55896549633489,100.0,C-ALNS-MP,9942.057192264663,9942.057192264663,1,b503e3e8d452c8acd6b5b13174051b7db268a3fbb2867fd97e1b7529bfd341f1,0.0,75.55896549633489,LB,108,1,routine_bulk,task_routine_bulk_2,normal,1,0,0.5555026708663071
f42d94b7a35f9f5e14c04ed4146758b88c85995349f206e13dfbc0af426c6024,47,1,truck_2,1020.0,51,1.0,beta_c_0.16,22800.0,1140,800.0,0,,-1,E7,delivered,0,51,LB-v1-20260822,800.0,46,95.56548672714192,100.0,C-ALNS-MP,4666.121541604554,4666.121541604554,1,b503e3e8d452c8acd6b5b13174051b7db268a3fbb2867fd97e1b7529bfd341f1,0.0,95.56548672714192,LB,108,1,routine_bulk,task_routine_bulk_3,normal,1,0,0.3185650985937015
f42d94b7a35f9f5e14c04ed4146758b88c85995349f206e13dfbc0af426c6024,84,1,truck_0,4380.0,219,1.0,beta_c_0.16,24000.0,1200,800.0,0,,-1,E7,delivered,71,219,LB-v1-20260822,800.0,214,80.3265920911209,100.0,C-ALNS-MP,6781.35066497251,6781.35066497251,1,b503e3e8d452c8acd6b5b13174051b7db268a3fbb2867fd97e1b7529bfd341f1,0.0,80.3265920911209,LB,108,1,routine_bulk,task_routine_bulk_4,normal,1,0,0.34064574335616304
f42d94b7a35f9f5e14c04ed4146758b88c85995349f206e13dfbc0af426c6024,57,1,truck_1,1140.0,57,1.0,beta_c_0.16,25200.0,1260,800.0,0,,-1,E7,delivered,0,57,LB-v1-20260822,800.0,56,95.20410833797288,100.0,C-ALNS-MP,4155.704745337662,4155.704745337662,1,b503e3e8d452c8acd6b5b13174051b7db268a3fbb2867fd97e1b7529bfd341f1,0.0,95.20410833797288,LB,108,1,routine_bulk,task_routine_bulk_5,normal,1,0,0.25864485362533485
f42d94b7a35f9f5e14c04ed4146758b88c85995349f206e13dfbc0af426c6024,180,1,truck_3,5020.0,251,1.0,beta_c_0.16,26400.0,1320,800.0,0,,-1,E7,delivered,59,251,LB-v1-20260822,800.0,250,76.33556758449933,100.0,C-ALNS-MP,10185.81922082076,10185.81922082076,1,b503e3e8d452c8acd6b5b13174051b7db268a3fbb2867fd97e1b7529bfd341f1,0.0,76.33556758449933,LB,108,1,routine_bulk,task_routine_bulk_6,normal,1,0,0.343202237017046
f42d94b7a35f9f5e14c04ed4146758b88c85995349f206e13dfbc0af426c6024,56,1,truck_3,2060.0,103,1.0,beta_c_0.16,27600.0,1380,800.0,0,,-1,E7,delivered,47,103,LB-v1-20260822,800.0,102,87.76800271747095,100.0,C-ALNS-MP,7723.085120746713,7723.085120746713,1,b503e3e8d452c8acd6b5b13174051b7db268a3fbb2867fd97e1b7529bfd341f1,0.0,87.76800271747095,LB,108,1,routine_bulk,task_routine_bulk_7,normal,1,0,0.5744015331175518
f42d94b7a35f9f5e14c04ed4146758b88c85995349f206e13dfbc0af426c6024,16,0,None,-1.0,-1,0.0,beta_c_0.16,12000.0,600,50.0,1,lifeline_zero,406,E7,failed,43,-1,LB-v1-20260822,0.0,166,0.0,100.0,C-ALNS-MP,6586.287052661501,6586.287052661501,0,b503e3e8d452c8acd6b5b13174051b7db268a3fbb2867fd97e1b7529bfd341f1,50.0,0.0,LB,108,0,time_critical_lightweight,task_time_critical_lightweight_0,emergency,0,1,0.7335914098601112
f42d94b7a35f9f5e14c04ed4146758b88c85995349f206e13dfbc0af426c6024,45,1,uav_0,4080.0,204,1.0,beta_c_0.16,12600.0,630,50.0,0,,-1,E7,delivered,143,204,LB-v1-20260822,50.0,203,41.16481069032482,100.0,C-ALNS-MP,7574.794648674728,7574.794648674728,1,b503e3e8d452c8acd6b5b13174051b7db268a3fbb2867fd97e1b7529bfd341f1,0.0,41.16481069032482,LB,108,1,time_critical_lightweight,task_time_critical_lightweight_1,emergency,0,1,0.8868543307242109
f42d94b7a35f9f5e14c04ed4146758b88c85995349f206e13dfbc0af426c6024,71,0,None,-1.0,-1,0.0,beta_c_0.16,14160.0,708,50.0,1,lifeline_zero,345,E7,failed,0,-1,LB-v1-20260822,0.0,190,0.0,100.0,C-ALNS-MP,11991.929167998902,11991.929167998902,0,b503e3e8d452c8acd6b5b13174051b7db268a3fbb2867fd97e1b7529bfd341f1,50.0,0.0,LB,108,0,time_critical_lightweight,task_time_critical_lightweight_2,emergency,0,1,0.8622104462015817
f42d94b7a35f9f5e14c04ed4146758b88c85995349f206e13dfbc0af426c6024,107,0,None,-1.0,-1,0.0,beta_c_0.16,13800.0,690,50.0,1,lifeline_zero,340,E7,failed,0,-1,LB-v1-20260822,0.0,142,0.0,100.0,C-ALNS-MP,14817.022911695385,14817.022911695385,0,b503e3e8d452c8acd6b5b13174051b7db268a3fbb2867fd97e1b7529bfd341f1,50.0,0.0,LB,108,0,time_critical_lightweight,task_time_critical_lightweight_3,emergency,0,1,0.8776064072695569
f42d94b7a35f9f5e14c04ed4146758b88c85995349f206e13dfbc0af426c6024,156,1,uav_2,3120.0,156,1.0,beta_c_0.16,14400.0,720,50.0,0,,-1,E7,delivered,0,156,LB-v1-20260822,50.0,155,52.92213442021547,100.0,C-ALNS-MP,4754.029733786183,4754.029733786183,1,b503e3e8d452c8acd6b5b13174051b7db268a3fbb2867fd97e1b7529bfd341f1,0.0,52.92213442021547,LB,108,1,time_critical_lightweight,task_time_critical_lightweight_4,emergency,0,1,0.9812414865193095
f42d94b7a35f9f5e14c04ed4146758b88c85995349f206e13dfbc0af426c6024,356,0,None,-1.0,-1,0.0,beta_c_0.16,15960.0,798,50.0,1,lifeline_zero,416,E7,failed,0,-1,LB-v1-20260822,0.0,415,0.0,100.0,C-ALNS-MP,5403.282100579913,5403.282100579913,0,b503e3e8d452c8acd6b5b13174051b7db268a3fbb2867fd97e1b7529bfd341f1,50.0,0.0,LB,108,0,time_critical_lightweight,task_time_critical_lightweight_5,emergency,0,1,0.7361653400527843
f42d94b7a35f9f5e14c04ed4146758b88c85995349f206e13dfbc0af426c6024,309,1,uav_1,6660.0,333,1.0,beta_c_0.16,15600.0,780,50.0,0,,-1,E7,delivered,0,333,LB-v1-20260822,50.0,332,11.265354685151198,100.0,C-ALNS-MP,3513.9142900961356,3513.9142900961356,1,b503e3e8d452c8acd6b5b13174051b7db268a3fbb2867fd97e1b7529bfd341f1,0.0,11.265354685151198,LB,108,1,time_critical_lightweight,task_time_critical_lightweight_6,emergency,0,1,0.8281854223501783
f42d94b7a35f9f5e14c04ed4146758b88c85995349f206e13dfbc0af426c6024,159,1,uav_0,3180.0,159,1.0,beta_c_0.16,16200.0,810,50.0,0,,-1,E7,delivered,0,159,LB-v1-20260822,50.0,158,50.61130043351375,100.0,C-ALNS-MP,7067.058621787813,7067.058621787813,1,b503e3e8d452c8acd6b5b13174051b7db268a3fbb2867fd97e1b7529bfd341f1,0.0,50.61130043351375,LB,108,1,time_critical_lightweight,task_time_critical_lightweight_7,emergency,0,1,0.9473833365764368
f42d94b7a35f9f5e14c04ed4146758b88c85995349f206e13dfbc0af426c6024,36,0,None,-1.0,-1,0.0,beta_c_0.16,17760.0,888,50.0,1,lifeline_zero,396,E7,failed,59,-1,LB-v1-20260822,0.0,94,0.0,100.0,C-ALNS-MP,5522.774919186775,5522.774919186775,0,b503e3e8d452c8acd6b5b13174051b7db268a3fbb2867fd97e1b7529bfd341f1,50.0,0.0,LB,108,0,time_critical_lightweight,task_time_critical_lightweight_8,emergency,0,1,0.7862908118294443
f42d94b7a35f9f5e14c04ed4146758b88c85995349f206e13dfbc0af426c6024,117,1,uav_0,3760.0,188,1.0,beta_c_0.16,17400.0,870,50.0,0,,-1,E7,delivered,71,188,LB-v1-20260822,50.0,187,48.05032664452432,100.0,C-ALNS-MP,7007.472939544873,7007.472939544873,1,b503e3e8d452c8acd6b5b13174051b7db268a3fbb2867fd97e1b7529bfd341f1,0.0,48.05032664452432,LB,108,1,time_critical_lightweight,task_time_critical_lightweight_9,emergency,0,1,0.8110961246662984
f42d94b7a35f9f5e14c04ed4146758b88c85995349f206e13dfbc0af426c6024,0,0,None,-1.0,-1,0.0,beta_c_0.16,18000.0,900,50.0,1,lifeline_zero,363,E7,failed,-1,-1,LB-v1-20260822,0.0,-1,0.0,100.0,C-ALNS-MP,6550.917811156877,6550.917811156877,0,b503e3e8d452c8acd6b5b13174051b7db268a3fbb2867fd97e1b7529bfd341f1,50.0,0.0,LB,108,0,time_critical_lightweight,task_time_critical_lightweight_10,emergency,0,1,0.9060906911985231
f42d94b7a35f9f5e14c04ed4146758b88c85995349f206e13dfbc0af426c6024,0,1,uav_3,960.0,48,1.0,beta_c_0.16,18600.0,930,50.0,0,,-1,E7,delivered,-1,48,LB-v1-20260822,50.0,-1,86.33976982426212,100.0,C-ALNS-MP,4254.156063356919,4254.156063356919,1,b503e3e8d452c8acd6b5b13174051b7db268a3fbb2867fd97e1b7529bfd341f1,0.0,86.33976982426212,LB,108,1,time_critical_lightweight,task_time_critical_lightweight_11,emergency,0,1,0.8683274098138106
f42d94b7a35f9f5e14c04ed4146758b88c85995349f206e13dfbc0af426c6024,23,0,None,-1.0,-1,0.0,beta_c_0.16,19200.0,960,800.0,1,deadline_exceeded,961,E7,failed,119,-1,LB-v1-20260822,0.0,141,25.235682663606955,100.0,C-ALNS-MP,10438.47474817182,10438.47474817182,0,cd347302c1c6fd22c6c848735821292321259c7c507db6b9717c86536ad7c2c8,800.0,0.0,LB,109,0,routine_bulk,task_routine_bulk_0,normal,1,0,0.24372892426675105
f42d94b7a35f9f5e14c04ed4146758b88c85995349f206e13dfbc0af426c6024,112,1,truck_2,2240.0,112,1.0,beta_c_0.16,20400.0,1020,800.0,0,,-1,E7,delivered,0,112,LB-v1-20260822,800.0,111,88.53805226212803,100.0,C-ALNS-MP,7520.043271903724,7520.043271903724,1,cd347302c1c6fd22c6c848735821292321259c7c507db6b9717c86536ad7c2c8,0.0,88.53805226212803,LB,109,1,routine_bulk,task_routine_bulk_1,normal,1,0,0.5054521103748251
f42d94b7a35f9f5e14c04ed4146758b88c85995349f206e13dfbc0af426c6024,130,1,truck_1,2620.0,131,1.0,beta_c_0.16,21600.0,1080,800.0,0,,-1,E7,delivered,0,131,LB-v1-20260822,800.0,129,89.97876121034106,100.0,C-ALNS-MP,5862.2526887266995,5862.2526887266995,1,cd347302c1c6fd22c6c848735821292321259c7c507db6b9717c86536ad7c2c8,0.0,89.97876121034106,LB,109,1,routine_bulk,task_routine_bulk_2,normal,1,0,0.22819223062131908
f42d94b7a35f9f5e14c04ed4146758b88c85995349f206e13dfbc0af426c6024,261,1,truck_1,7100.0,355,1.0,beta_c_0.16,22800.0,1140,800.0,0,,-1,E7,delivered,47,355,LB-v1-20260822,800.0,354,60.76917703011177,100.0,C-ALNS-MP,9233.836204566593,9233.836204566593,1,cd347302c1c6fd22c6c848735821292321259c7c507db6b9717c86536ad7c2c8,0.0,60.76917703011177,LB,109,1,routine_bulk,task_routine_bulk_3,normal,1,0,0.5591597629199856
f42d94b7a35f9f5e14c04ed4146758b88c85995349f206e13dfbc0af426c6024,120,1,truck_3,6520.0,326,1.0,beta_c_0.16,24000.0,1200,800.0,0,,-1,E7,delivered,202,326,LB-v1-20260822,800.0,321,65.85027644251622,100.0,C-ALNS-MP,12264.704525287152,12264.704525287152,1,cd347302c1c6fd22c6c848735821292321259c7c507db6b9717c86536ad7c2c8,0.0,65.85027644251622,LB,109,1,routine_bulk,task_routine_bulk_4,normal,1,0,0.5182976821364798
f42d94b7a35f9f5e14c04ed4146758b88c85995349f206e13dfbc0af426c6024,42,1,truck_0,840.0,42,1.0,beta_c_0.16,25200.0,1260,800.0,0,,-1,E7,delivered,0,42,LB-v1-20260822,800.0,41,96.5977396463866,100.0,C-ALNS-MP,3180.3161628672265,3180.3161628672265,1,cd347302c1c6fd22c6c848735821292321259c7c507db6b9717c86536ad7c2c8,0.0,96.5977396463866,LB,109,1,routine_bulk,task_routine_bulk_5,normal,1,0,0.27498948731286477
f42d94b7a35f9f5e14c04ed4146758b88c85995349f206e13dfbc0af426c6024,145,1,truck_3,8280.0,414,1.0,beta_c_0.16,26400.0,1320,800.0,0,,-1,E7,delivered,0,414,LB-v1-20260822,800.0,413,62.381274065923925,100.0,C-ALNS-MP,7638.021133490483,7638.021133490483,1,cd347302c1c6fd22c6c848735821292321259c7c507db6b9717c86536ad7c2c8,0.0,62.381274065923925,LB,109,1,routine_bulk,task_routine_bulk_6,normal,1,0,0.35938088605341784
f42d94b7a35f9f5e14c04ed4146758b88c85995349f206e13dfbc0af426c6024,136,1,truck_1,4140.0,207,1.0,beta_c_0.16,27600.0,1380,800.0,0,,-1,E7,delivered,47,207,LB-v1-20260822,800.0,206,80.75313124432945,100.0,C-ALNS-MP,8669.41558612628,8669.41558612628,1,cd347302c1c6fd22c6c848735821292321259c7c507db6b9717c86536ad7c2c8,0.0,80.75313124432945,LB,109,1,routine_bulk,task_routine_bulk_7,normal,1,0,0.4023390026781324
f42d94b7a35f9f5e14c04ed4146758b88c85995349f206e13dfbc0af426c6024,10,1,uav_5,1620.0,81,1.0,beta_c_0.16,12000.0,600,50.0,0,,-1,E7,delivered,71,81,LB-v1-20260822,50.0,80,76.23981830964662,100.0,C-ALNS-MP,1577.2702063913625,1577.2702063913625,1,cd347302c1c6fd22c6c848735821292321259c7c507db6b9717c86536ad7c2c8,0.0,76.23981830964662,LB,109,1,time_critical_lightweight,task_time_critical_lightweight_0,emergency,0,1,0.9897379983613447
f42d94b7a35f9f5e14c04ed4146758b88c85995349f206e13dfbc0af426c6024,11,1,uav_0,2600.0,130,1.0,beta_c_0.16,12600.0,630,50.0,0,,-1,E7,delivered,119,130,LB-v1-20260822,50.0,129,68.56012606794496,100.0,C-ALNS-MP,5275.816914731613,5275.816914731613,1,cd347302c1c6fd22c6c848735821292321259c7c507db6b9717c86536ad7c2c8,0.0,68.56012606794496,LB,109,1,time_critical_lightweight,task_time_critical_lightweight_1,emergency,0,1,0.706236225687008
f42d94b7a35f9f5e14c04ed4146758b88c85995349f206e13dfbc0af426c6024,47,1,uav_0,1460.0,73,1.0,beta_c_0.16,14160.0,708,50.0,0,,-1,E7,delivered,0,73,LB-v1-20260822,50.0,70,81.97903000897401,100.0,C-ALNS-MP,7167.574303002123,7167.574303002123,1,cd347302c1c6fd22c6c848735821292321259c7c507db6b9717c86536ad7c2c8,0.0,81.97903000897401,LB,109,1,time_critical_lightweight,task_time_critical_lightweight_2,emergency,0,1,0.7651739864753156
f42d94b7a35f9f5e14c04ed4146758b88c85995349f206e13dfbc0af426c6024,50,1,uav_4,1000.0,50,1.0,beta_c_0.16,13800.0,690,50.0,0,,-1,E7,delivered,0,50,LB-v1-20260822,50.0,49,86.46676278375698,100.0,C-ALNS-MP,4619.729192645459,4619.729192645459,1,cd347302c1c6fd22c6c848735821292321259c7c507db6b9717c86536ad7c2c8,0.0,86.46676278375698,LB,109,1,time_critical_lightweight,task_time_critical_lightweight_3,emergency,0,1,0.8801124407111246
f42d94b7a35f9f5e14c04ed4146758b88c85995349f206e13dfbc0af426c6024,80,1,uav_2,2320.0,116,1.0,beta_c_0.16,14400.0,720,50.0,0,,-1,E7,delivered,0,116,LB-v1-20260822,50.0,115,69.14602172244027,100.0,C-ALNS-MP,6105.193827786443,6105.193827786443,1,cd347302c1c6fd22c6c848735821292321259c7c507db6b9717c86536ad7c2c8,0.0,69.14602172244027,LB,109,1,time_critical_lightweight,task_time_critical_lightweight_4,emergency,0,1,0.8306203940527022
f42d94b7a35f9f5e14c04ed4146758b88c85995349f206e13dfbc0af426c6024,85,1,uav_5,2180.0,109,1.0,beta_c_0.16,15000.0,750,50.0,0,,-1,E7,delivered,0,109,LB-v1-20260822,50.0,108,71.67066755693261,100.0,C-ALNS-MP,6540.461456185408,6540.461456185408,1,cd347302c1c6fd22c6c848735821292321259c7c507db6b9717c86536ad7c2c8,0.0,71.67066755693261,LB,109,1,time_critical_lightweight,task_time_critical_lightweight_5,emergency,0,1,0.7964834075936699
f42d94b7a35f9f5e14c04ed4146758b88c85995349f206e13dfbc0af426c6024,108,1,uav_0,2160.0,108,1.0,beta_c_0.16,15600.0,780,50.0,0,,-1,E7,delivered,0,108,LB-v1-20260822,50.0,107,73.26664155072713,100.0,C-ALNS-MP,3351.9343996195735,3351.9343996195735,1,cd347302c1c6fd22c6c848735821292321259c7c507db6b9717c86536ad7c2c8,0.0,73.26664155072713,LB,109,1,time_critical_lightweight,task_time_critical_lightweight_6,emergency,0,1,0.7422776363571023
f42d94b7a35f9f5e14c04ed4146758b88c85995349f206e13dfbc0af426c6024,113,1,uav_5,3440.0,172,1.0,beta_c_0.16,17160.0,858,50.0,0,,-1,E7,delivered,0,172,LB-v1-20260822,50.0,171,52.377650665845565,100.0,C-ALNS-MP,13138.274295739013,13138.274295739013,1,cd347302c1c6fd22c6c848735821292321259c7c507db6b9717c86536ad7c2c8,0.0,52.377650665845565,LB,109,1,time_critical_lightweight,task_time_critical_lightweight_7,emergency,0,1,0.9318751313700842
f42d94b7a35f9f5e14c04ed4146758b88c85995349f206e13dfbc0af426c6024,46,1,uav_4,1680.0,84,1.0,beta_c_0.16,16800.0,840,50.0,0,,-1,E7,delivered,35,84,LB-v1-20260822,50.0,83,76.8462826978554,100.0,C-ALNS-MP,11519.668044062157,11519.668044062157,1,cd347302c1c6fd22c6c848735821292321259c7c507db6b9717c86536ad7c2c8,0.0,76.8462826978554,LB,109,1,time_critical_lightweight,task_time_critical_lightweight_8,emergency,0,1,0.923149714829651
f42d94b7a35f9f5e14c04ed4146758b88c85995349f206e13dfbc0af426c6024,48,1,uav_1,2460.0,123,1.0,beta_c_0.16,18360.0,918,50.0,0,,-1,E7,delivered,47,123,LB-v1-20260822,50.0,94,66.18816925449312,100.0,C-ALNS-MP,11888.945353220079,11888.945353220079,1,cd347302c1c6fd22c6c848735821292321259c7c507db6b9717c86536ad7c2c8,0.0,66.18816925449312,LB,109,1,time_critical_lightweight,task_time_critical_lightweight_9,emergency,0,1,0.9021797238988898
f42d94b7a35f9f5e14c04ed4146758b88c85995349f206e13dfbc0af426c6024,0,1,uav_1,1700.0,85,1.0,beta_c_0.16,18000.0,900,50.0,0,,-1,E7,delivered,-1,85,LB-v1-20260822,50.0,-1,78.42805457903087,100.0,C-ALNS-MP,7732.639919099127,7732.639919099127,1,cd347302c1c6fd22c6c848735821292321259c7c507db6b9717c86536ad7c2c8,0.0,78.42805457903087,LB,109,1,time_critical_lightweight,task_time_critical_lightweight_10,emergency,0,1,0.7471077952711116
f42d94b7a35f9f5e14c04ed4146758b88c85995349f206e13dfbc0af426c6024,0,1,uav_4,700.0,35,1.0,beta_c_0.16,18600.0,930,50.0,0,,-1,E7,delivered,-1,35,LB-v1-20260822,50.0,-1,89.77637647493778,100.0,C-ALNS-MP,3412.6611524252316,3412.6611524252316,1,cd347302c1c6fd22c6c848735821292321259c7c507db6b9717c86536ad7c2c8,0.0,89.77637647493778,LB,109,1,time_critical_lightweight,task_time_critical_lightweight_11,emergency,0,1,0.9989661728188876
90171fbe6c43d824744bf74c21cfb67be192844fb30442991e2a129a5952d714,0,1,truck_2,2300.0,115,1.0,beta_c_0.16,19200.0,960,800.0,0,,-1,E7,delivered,-1,115,LB-v1-20260822,800.0,-1,87.25443852135479,100.0,ER-HLNS-parallel-rescue,4712.939965300228,4712.939965300228,1,d80c6a54bcfb004a918578a15b4ad8e982b831d9d4095b98df40490a154e2127,0.0,87.25443852135479,LB,100,1,routine_bulk,task_routine_bulk_0,normal,1,0,0.5914487685478238
90171fbe6c43d824744bf74c21cfb67be192844fb30442991e2a129a5952d714,0,1,truck_3,840.0,42,1.0,beta_c_0.16,20400.0,1020,800.0,0,,-1,E7,delivered,-1,42,LB-v1-20260822,800.0,-1,96.22981873500012,100.0,ER-HLNS-parallel-rescue,2651.3638511663926,2651.3638511663926,1,d80c6a54bcfb004a918578a15b4ad8e982b831d9d4095b98df40490a154e2127,0.0,96.22981873500012,LB,100,1,routine_bulk,task_routine_bulk_1,normal,1,0,0.328770105116882
90171fbe6c43d824744bf74c21cfb67be192844fb30442991e2a129a5952d714,0,0,None,-1.0,-1,0.0,beta_c_0.16,21600.0,1080,800.0,1,lifeline_zero,935,E7,failed,-1,-1,LB-v1-20260822,0.0,-1,0.0,100.0,ER-HLNS-parallel-rescue,9455.797786582447,9455.797786582447,0,d80c6a54bcfb004a918578a15b4ad8e982b831d9d4095b98df40490a154e2127,800.0,0.0,LB,100,0,routine_bulk,task_routine_bulk_2,normal,1,0,0.5197299581475797
90171fbe6c43d824744bf74c21cfb67be192844fb30442991e2a129a5952d714,150,1,truck_0,7240.0,362,1.0,beta_c_0.16,22800.0,1140,800.0,0,,-1,E7,delivered,212,362,LB-v1-20260822,800.0,361,65.30454791595734,100.0,ER-HLNS-parallel-rescue,7467.100925813267,7467.100925813267,1,d80c6a54bcfb004a918578a15b4ad8e982b831d9d4095b98df40490a154e2127,0.0,65.30454791595734,LB,100,1,routine_bulk,task_routine_bulk_3,normal,1,0,0.363407140663305
90171fbe6c43d824744bf74c21cfb67be192844fb30442991e2a129a5952d714,79,1,truck_1,4240.0,212,1.0,beta_c_0.16,24000.0,1200,800.0,0,,-1,E7,delivered,108,212,LB-v1-20260822,800.0,211,82.67069046350777,100.0,ER-HLNS-parallel-rescue,4256.447388010565,4256.447388010565,1,d80c6a54bcfb004a918578a15b4ad8e982b831d9d4095b98df40490a154e2127,0.0,82.67069046350777,LB,100,1,routine_bulk,task_routine_bulk_4,normal,1,0,0.2526593582373026
90171fbe6c43d824744bf74c21cfb67be192844fb30442991e2a129a5952d714,0,1,truck_2,2100.0,105,1.0,beta_c_0.16,25200.0,1260,800.0,0,,-1,E7,delivered,-1,105,LB-v1-20260822,800.0,-1,91.80147945709251,100.0,ER-HLNS-parallel-rescue,4838.850094689374,4838.850094689374,1,d80c6a54bcfb004a918578a15b4ad8e982b831d9d4095b98df40490a154e2127,0.0,91.80147945709251,LB,100,1,routine_bulk,task_routine_bulk_5,normal,1,0,0.23296054817545986
90171fbe6c43d824744bf74c21cfb67be192844fb30442991e2a129a5952d714,0,0,None,-1.0,-1,0.0,beta_c_0.16,26400.0,1320,800.0,1,lifeline_zero,1009,E7,failed,-1,-1,LB-v1-20260822,0.0,-1,0.0,100.0,ER-HLNS-parallel-rescue,11793.267377757751,11793.267377757751,0,d80c6a54bcfb004a918578a15b4ad8e982b831d9d4095b98df40490a154e2127,800.0,0.0,LB,100,0,routine_bulk,task_routine_bulk_6,normal,1,0,0.46244681084905065
90171fbe6c43d824744bf74c21cfb67be192844fb30442991e2a129a5952d714,135,1,truck_2,5500.0,275,1.0,beta_c_0.16,27600.0,1380,800.0,0,,-1,E7,delivered,140,275,LB-v1-20260822,800.0,274,70.46555356794168,100.0,ER-HLNS-parallel-rescue,4587.683945260957,4587.683945260957,1,d80c6a54bcfb004a918578a15b4ad8e982b831d9d4095b98df40490a154e2127,0.0,70.46555356794168,LB,100,1,routine_bulk,task_routine_bulk_7,normal,1,0,0.5338128687931456
90171fbe6c43d824744bf74c21cfb67be192844fb30442991e2a129a5952d714,23,1,uav_2,1320.0,66,1.0,beta_c_0.16,12000.0,600,50.0,0,,-1,E7,delivered,43,66,LB-v1-20260822,50.0,65,82.1320143377447,100.0,ER-HLNS-parallel-rescue,4043.5148887186647,4043.5148887186647,1,d80c6a54bcfb004a918578a15b4ad8e982b831d9d4095b98df40490a154e2127,0.0,82.1320143377447,LB,100,1,time_critical_lightweight,task_time_critical_lightweight_0,emergency,0,1,0.8572362469902544
90171fbe6c43d824744bf74c21cfb67be192844fb30442991e2a129a5952d714,45,1,uav_0,900.0,45,1.0,beta_c_0.16,12600.0,630,50.0,0,,-1,E7,delivered,0,45,LB-v1-20260822,50.0,44,87.27543680315559,100.0,ER-HLNS-parallel-rescue,3938.2462884286088,3938.2462884286088,1,d80c6a54bcfb004a918578a15b4ad8e982b831d9d4095b98df40490a154e2127,0.0,87.27543680315559,LB,100,1,time_critical_lightweight,task_time_critical_lightweight_1,emergency,0,1,0.7681740887900437
90171fbe6c43d824744bf74c21cfb67be192844fb30442991e2a129a5952d714,24,1,uav_1,480.0,24,1.0,beta_c_0.16,13200.0,660,50.0,0,,-1,E7,delivered,0,24,LB-v1-20260822,50.0,23,93.83768878849902,100.0,ER-HLNS-parallel-rescue,1841.754606923464,1841.754606923464,1,d80c6a54bcfb004a918578a15b4ad8e982b831d9d4095b98df40490a154e2127,0.0,93.83768878849902,LB,100,1,time_critical_lightweight,task_time_critical_lightweight_2,emergency,0,1,0.8022891552475101
90171fbe6c43d824744bf74c21cfb67be192844fb30442991e2a129a5952d714,175,1,uav_5,4120.0,206,1.0,beta_c_0.16,14760.0,738,50.0,0,,-1,E7,delivered,24,206,LB-v1-20260822,50.0,198,34.98897792366454,100.0,ER-HLNS-parallel-rescue,5652.839795309424,5652.839795309424,1,d80c6a54bcfb004a918578a15b4ad8e982b831d9d4095b98df40490a154e2127,0.0,34.98897792366454,LB,100,1,time_critical_lightweight,task_time_critical_lightweight_3,emergency,0,1,0.960215083465178
90171fbe6c43d824744bf74c21cfb67be192844fb30442991e2a129a5952d714,59,1,uav_2,2740.0,137,1.0,beta_c_0.16,14400.0,720,50.0,0,,-1,E7,delivered,81,137,LB-v1-20260822,50.0,139,65.16459665687842,100.0,ER-HLNS-parallel-rescue,5313.398671961474,5313.398671961474,1,d80c6a54bcfb004a918578a15b4ad8e982b831d9d4095b98df40490a154e2127,0.0,65.16459665687842,LB,100,1,time_critical_lightweight,task_time_critical_lightweight_4,emergency,0,1,0.8154167223421255
90171fbe6c43d824744bf74c21cfb67be192844fb30442991e2a129a5952d714,93,0,None,-1.0,-1,0.0,beta_c_0.16,15960.0,798,50.0,1,lifeline_zero,326,E7,failed,196,-1,LB-v1-20260822,0.0,325,0.0,100.0,ER-HLNS-parallel-rescue,12029.47975909369,12029.47975909369,0,d80c6a54bcfb004a918578a15b4ad8e982b831d9d4095b98df40490a154e2127,50.0,0.0,LB,100,0,time_critical_lightweight,task_time_critical_lightweight_5,emergency,0,1,0.9867416871112791
90171fbe6c43d824744bf74c21cfb67be192844fb30442991e2a129a5952d714,43,1,uav_2,740.0,37,1.0,beta_c_0.16,15600.0,780,50.0,0,,-1,E7,delivered,0,37,LB-v1-20260822,50.0,42,89.96092500165163,100.0,ER-HLNS-parallel-rescue,2945.1941967981666,2945.1941967981666,1,d80c6a54bcfb004a918578a15b4ad8e982b831d9d4095b98df40490a154e2127,0.0,89.96092500165163,LB,100,1,time_critical_lightweight,task_time_critical_lightweight_6,emergency,0,1,0.8746488677361269
90171fbe6c43d824744bf74c21cfb67be192844fb30442991e2a129a5952d714,144,1,uav_0,4480.0,224,1.0,beta_c_0.16,17160.0,858,50.0,0,,-1,E7,delivered,77,224,LB-v1-20260822,50.0,223,37.249299012187116,100.0,ER-HLNS-parallel-rescue,8166.972222335975,8166.972222335975,1,d80c6a54bcfb004a918578a15b4ad8e982b831d9d4095b98df40490a154e2127,0.0,37.249299012187116,LB,100,1,time_critical_lightweight,task_time_critical_lightweight_7,emergency,0,1,0.7446621799769354
90171fbe6c43d824744bf74c21cfb67be192844fb30442991e2a129a5952d714,46,1,uav_3,920.0,46,1.0,beta_c_0.16,16800.0,840,50.0,0,,-1,E7,delivered,0,46,LB-v1-20260822,50.0,45,87.06273363327533,100.0,ER-HLNS-parallel-rescue,2311.2789292757247,2311.2789292757247,1,d80c6a54bcfb004a918578a15b4ad8e982b831d9d4095b98df40490a154e2127,0.0,87.06273363327533,LB,100,1,time_critical_lightweight,task_time_critical_lightweight_8,emergency,0,1,0.8689502560984448
90171fbe6c43d824744bf74c21cfb67be192844fb30442991e2a129a5952d714,62,1,uav_3,2160.0,108,1.0,beta_c_0.16,17400.0,870,50.0,0,,-1,E7,delivered,46,108,LB-v1-20260822,50.0,107,74.12337649769792,100.0,ER-HLNS-parallel-rescue,6760.559725492877,6760.559725492877,1,d80c6a54bcfb004a918578a15b4ad8e982b831d9d4095b98df40490a154e2127,0.0,74.12337649769792,LB,100,1,time_critical_lightweight,task_time_critical_lightweight_9,emergency,0,1,0.7554846985257647
90171fbe6c43d824744bf74c21cfb67be192844fb30442991e2a129a5952d714,15,1,uav_2,1580.0,79,1.0,beta_c_0.16,18000.0,900,50.0,0,,-1,E7,delivered,66,79,LB-v1-20260822,50.0,80,80.33538152505956,100.0,ER-HLNS-parallel-rescue,3952.8289116955493,3952.8289116955493,1,d80c6a54bcfb004a918578a15b4ad8e982b831d9d4095b98df40490a154e2127,0.0,80.33538152505956,LB,100,1,time_critical_lightweight,task_time_critical_lightweight_10,emergency,0,1,0.7210061967003056
90171fbe6c43d824744bf74c21cfb67be192844fb30442991e2a129a5952d714,32,1,uav_4,1540.0,77,1.0,beta_c_0.16,18600.0,930,50.0,0,,-1,E7,delivered,45,77,LB-v1-20260822,50.0,76,76.93523258970109,100.0,ER-HLNS-parallel-rescue,6188.028410283936,6188.028410283936,1,d80c6a54bcfb004a918578a15b4ad8e982b831d9d4095b98df40490a154e2127,0.0,76.93523258970109,LB,100,1,time_critical_lightweight,task_time_critical_lightweight_11,emergency,0,1,0.732056640977218
90171fbe6c43d824744bf74c21cfb67be192844fb30442991e2a129a5952d714,12,0,None,-1.0,-1,0.0,beta_c_0.16,19200.0,960,800.0,1,deadline_exceeded,961,E7,failed,219,-1,LB-v1-20260822,0.0,230,11.43289423991855,100.0,ER-HLNS-parallel-rescue,14039.592726000365,14039.592726000365,0,b44f85487cf61d75bf508d5f9088a99107b2a360e82533fb1fefae13daed4ce2,800.0,0.0,LB,101,0,routine_bulk,task_routine_bulk_0,normal,1,0,0.34837428108412444
90171fbe6c43d824744bf74c21cfb67be192844fb30442991e2a129a5952d714,18,1,truck_1,3340.0,167,1.0,beta_c_0.16,20400.0,1020,800.0,0,,-1,E7,delivered,145,167,LB-v1-20260822,800.0,162,83.55020224255678,100.0,ER-HLNS-parallel-rescue,7511.760618564474,7511.760618564474,1,b44f85487cf61d75bf508d5f9088a99107b2a360e82533fb1fefae13daed4ce2,0.0,83.55020224255678,LB,101,1,routine_bulk,task_routine_bulk_1,normal,1,0,0.30016368013188016
90171fbe6c43d824744bf74c21cfb67be192844fb30442991e2a129a5952d714,45,0,None,-1.0,-1,0.0,beta_c_0.16,21600.0,1080,800.0,1,lifeline_zero,906,E7,failed,248,-1,LB-v1-20260822,0.0,341,0.0,100.0,ER-HLNS-parallel-rescue,15315.096891728663,15315.096891728663,0,b44f85487cf61d75bf508d5f9088a99107b2a360e82533fb1fefae13daed4ce2,800.0,0.0,LB,101,0,routine_bulk,task_routine_bulk_2,normal,1,0,0.527261765850137
90171fbe6c43d824744bf74c21cfb67be192844fb30442991e2a129a5952d714,12,1,truck_1,5660.0,283,1.0,beta_c_0.16,22800.0,1140,800.0,0,,-1,E7,delivered,207,283,LB-v1-20260822,800.0,218,70.89296154154023,100.0,ER-HLNS-parallel-rescue,14102.848363601865,14102.848363601865,1,b44f85487cf61d75bf508d5f9088a99107b2a360e82533fb1fefae13daed4ce2,0.0,70.89296154154023,LB,101,1,routine_bulk,task_routine_bulk_3,normal,1,0,0.3882350364392335
90171fbe6c43d824744bf74c21cfb67be192844fb30442991e2a129a5952d714,0,1,truck_1,2240.0,112,1.0,beta_c_0.16,24000.0,1200,800.0,0,,-1,E7,delivered,-1,112,LB-v1-20260822,800.0,-1,87.82909638498104,100.0,ER-HLNS-parallel-rescue,7302.1073017293165,7302.1073017293165,1,b44f85487cf61d75bf508d5f9088a99107b2a360e82533fb1fefae13daed4ce2,0.0,87.82909638498104,LB,101,1,routine_bulk,task_routine_bulk_4,normal,1,0,0.5361043015918403
90171fbe6c43d824744bf74c21cfb67be192844fb30442991e2a129a5952d714,149,1,truck_0,9380.0,469,1.0,beta_c_0.16,25200.0,1260,800.0,0,,-1,E7,delivered,187,469,LB-v1-20260822,800.0,468,53.75361249691582,100.0,ER-HLNS-parallel-rescue,3909.3896971690133,3909.3896971690133,1,b44f85487cf61d75bf508d5f9088a99107b2a360e82533fb1fefae13daed4ce2,0.0,53.75361249691582,LB,101,1,routine_bulk,task_routine_bulk_5,normal,1,0,0.42701883575488137
90171fbe6c43d824744bf74c21cfb67be192844fb30442991e2a129a5952d714,22,1,truck_1,4040.0,202,1.0,beta_c_0.16,26400.0,1320,800.0,0,,-1,E7,delivered,176,202,LB-v1-20260822,800.0,197,77.32426438779726,100.0,ER-HLNS-parallel-rescue,9533.630318869733,9533.630318869733,1,b44f85487cf61d75bf508d5f9088a99107b2a360e82533fb1fefae13daed4ce2,0.0,77.32426438779726,LB,101,1,routine_bulk,task_routine_bulk_6,normal,1,0,0.5142470258374676
90171fbe6c43d824744bf74c21cfb67be192844fb30442991e2a129a5952d714,20,1,truck_2,3320.0,166,1.0,beta_c_0.16,27600.0,1380,800.0,0,,-1,E7,delivered,145,166,LB-v1-20260822,800.0,165,84.647727347745,100.0,ER-HLNS-parallel-rescue,10348.908405801398,10348.908405801398,1,b44f85487cf61d75bf508d5f9088a99107b2a360e82533fb1fefae13daed4ce2,0.0,84.647727347745,LB,101,1,routine_bulk,task_routine_bulk_7,normal,1,0,0.3879694663765369
90171fbe6c43d824744bf74c21cfb67be192844fb30442991e2a129a5952d714,42,1,uav_5,6180.0,309,1.0,beta_c_0.16,12000.0,600,50.0,0,,-1,E7,delivered,219,309,LB-v1-20260822,50.0,312,0.6415028719954616,100.0,ER-HLNS-parallel-rescue,14151.4620521434,14151.4620521434,1,b44f85487cf61d75bf508d5f9088a99107b2a360e82533fb1fefae13daed4ce2,0.0,0.6415028719954616,LB,101,1,time_critical_lightweight,task_time_critical_lightweight_0,emergency,0,1,0.9705680205086198
90171fbe6c43d824744bf74c21cfb67be192844fb30442991e2a129a5952d714,175,0,None,-1.0,-1,0.0,beta_c_0.16,13560.0,678,50.0,1,lifeline_zero,385,E7,failed,191,-1,LB-v1-20260822,0.0,384,0.0,100.0,ER-HLNS-parallel-rescue,9099.797527415509,9099.797527415509,0,b44f85487cf61d75bf508d5f9088a99107b2a360e82533fb1fefae13daed4ce2,50.0,0.0,LB,101,0,time_critical_lightweight,task_time_critical_lightweight_1,emergency,0,1,0.8194413770540239
90171fbe6c43d824744bf74c21cfb67be192844fb30442991e2a129a5952d714,94,1,uav_2,1880.0,94,1.0,beta_c_0.16,13200.0,660,50.0,0,,-1,E7,delivered,0,94,LB-v1-20260822,50.0,93,74.87888292398189,100.0,ER-HLNS-parallel-rescue,8636.287551441419,8636.287551441419,1,b44f85487cf61d75bf508d5f9088a99107b2a360e82533fb1fefae13daed4ce2,0.0,74.87888292398189,LB,101,1,time_critical_lightweight,task_time_critical_lightweight_2,emergency,0,1,0.7276929418213184
90171fbe6c43d824744bf74c21cfb67be192844fb30442991e2a129a5952d714,1,1,uav_2,3360.0,168,1.0,beta_c_0.16,14760.0,738,50.0,0,,-1,E7,delivered,162,168,LB-v1-20260822,50.0,162,56.86062238135807,100.0,ER-HLNS-parallel-rescue,10171.88886835233,10171.88886835233,1,b44f85487cf61d75bf508d5f9088a99107b2a360e82533fb1fefae13daed4ce2,0.0,56.86062238135807,LB,101,1,time_critical_lightweight,task_time_critical_lightweight_3,emergency,0,1,0.7687067091449796
90171fbe6c43d824744bf74c21cfb67be192844fb30442991e2a129a5952d714,189,0,None,-1.0,-1,0.0,beta_c_0.16,14400.0,720,50.0,1,lifeline_zero,380,E7,failed,85,-1,LB-v1-20260822,0.0,379,0.0,100.0,ER-HLNS-parallel-rescue,8972.910969096309,8972.910969096309,0,b44f85487cf61d75bf508d5f9088a99107b2a360e82533fb1fefae13daed4ce2,50.0,0.0,LB,101,0,time_critical_lightweight,task_time_critical_lightweight_4,emergency,0,1,0.7273830460494194
90171fbe6c43d824744bf74c21cfb67be192844fb30442991e2a129a5952d714,138,0,None,-1.0,-1,0.0,beta_c_0.16,15960.0,798,50.0,1,lifeline_zero,326,E7,failed,32,-1,LB-v1-20260822,0.0,325,0.0,100.0,ER-HLNS-parallel-rescue,14148.754445771634,14148.754445771634,0,b44f85487cf61d75bf508d5f9088a99107b2a360e82533fb1fefae13daed4ce2,50.0,0.0,LB,101,0,time_critical_lightweight,task_time_critical_lightweight_5,emergency,0,1,0.909737917292143
90171fbe6c43d824744bf74c21cfb67be192844fb30442991e2a129a5952d714,4,1,uav_3,640.0,32,1.0,beta_c_0.16,15600.0,780,50.0,0,,-1,E7,delivered,28,32,LB-v1-20260822,50.0,31,90.33310538401871,100.0,ER-HLNS-parallel-rescue,2913.7706040409153,2913.7706040409153,1,b44f85487cf61d75bf508d5f9088a99107b2a360e82533fb1fefae13daed4ce2,0.0,90.33310538401871,LB,101,1,time_critical_lightweight,task_time_critical_lightweight_6,emergency,0,1,0.8705161474912566
90171fbe6c43d824744bf74c21cfb67be192844fb30442991e2a129a5952d714,119,1,uav_2,4100.0,205,1.0,beta_c_0.16,16200.0,810,50.0,0,,-1,E7,delivered,0,205,LB-v1-20260822,50.0,205,36.960690682777475,100.0,ER-HLNS-parallel-rescue,8419.216536800033,8419.216536800033,1,b44f85487cf61d75bf508d5f9088a99107b2a360e82533fb1fefae13daed4ce2,0.0,36.960690682777475,LB,101,1,time_critical_lightweight,task_time_critical_lightweight_7,emergency,0,1,0.989879628037199
90171fbe6c43d824744bf74c21cfb67be192844fb30442991e2a129a5952d714,62,1,uav_2,3620.0,181,1.0,beta_c_0.16,16800.0,840,50.0,0,,-1,E7,delivered,94,181,LB-v1-20260822,50.0,186,47.98705721239171,100.0,ER-HLNS-parallel-rescue,9649.370387536506,9649.370387536506,1,b44f85487cf61d75bf508d5f9088a99107b2a360e82533fb1fefae13daed4ce2,0.0,47.98705721239171,LB,101,1,time_critical_lightweight,task_time_critical_lightweight_8,emergency,0,1,0.9323581933558626
90171fbe6c43d824744bf74c21cfb67be192844fb30442991e2a129a5952d714,28,1,uav_3,560.0,28,1.0,beta_c_0.16,17400.0,870,50.0,0,,-1,E7,delivered,0,28,LB-v1-20260822,50.0,27,91.26218532216195,100.0,ER-HLNS-parallel-rescue,2591.7846470285945,2591.7846470285945,1,b44f85487cf61d75bf508d5f9088a99107b2a360e82533fb1fefae13daed4ce2,0.0,91.26218532216195,LB,101,1,time_critical_lightweight,task_time_critical_lightweight_9,emergency,0,1,0.8933819856045042
90171fbe6c43d824744bf74c21cfb67be192844fb30442991e2a129a5952d714,68,1,uav_5,1660.0,83,1.0,beta_c_0.16,18000.0,900,50.0,0,,-1,E7,delivered,17,83,LB-v1-20260822,50.0,84,79.04017330128403,100.0,ER-HLNS-parallel-rescue,5472.170625762758,5472.170625762758,1,b44f85487cf61d75bf508d5f9088a99107b2a360e82533fb1fefae13daed4ce2,0.0,79.04017330128403,LB,101,1,time_critical_lightweight,task_time_critical_lightweight_10,emergency,0,1,0.7142148384795817
90171fbe6c43d824744bf74c21cfb67be192844fb30442991e2a129a5952d714,17,1,uav_1,340.0,17,1.0,beta_c_0.16,18600.0,930,50.0,0,,-1,E7,delivered,0,17,LB-v1-20260822,50.0,16,95.55231028949784,100.0,ER-HLNS-parallel-rescue,1506.2906048252266,1506.2906048252266,1,b44f85487cf61d75bf508d5f9088a99107b2a360e82533fb1fefae13daed4ce2,0.0,95.55231028949784,LB,101,1,time_critical_lightweight,task_time_critical_lightweight_11,emergency,0,1,0.7467335094406772
90171fbe6c43d824744bf74c21cfb67be192844fb30442991e2a129a5952d714,0,0,None,-1.0,-1,0.0,beta_c_0.16,19200.0,960,800.0,1,deadline_exceeded,961,E7,failed,-1,-1,LB-v1-20260822,0.0,-1,11.11850352989833,100.0,ER-HLNS-parallel-rescue,6119.550842362341,6119.550842362341,0,4abaffbfd8b0411fceca111e5753d7a019b68fc47297a474b576d0b50b956025,800.0,0.0,LB,102,0,routine_bulk,task_routine_bulk_0,normal,1,0,0.4291837918236352
90171fbe6c43d824744bf74c21cfb67be192844fb30442991e2a129a5952d714,53,1,truck_2,3800.0,190,1.0,beta_c_0.16,20400.0,1020,800.0,0,,-1,E7,delivered,137,190,LB-v1-20260822,800.0,189,84.16729151248148,100.0,ER-HLNS-parallel-rescue,7442.506245460831,7442.506245460831,1,4abaffbfd8b0411fceca111e5753d7a019b68fc47297a474b576d0b50b956025,0.0,84.16729151248148,LB,102,1,routine_bulk,task_routine_bulk_1,normal,1,0,0.24547112032784654
90171fbe6c43d824744bf74c21cfb67be192844fb30442991e2a129a5952d714,0,0,None,-1.0,-1,0.0,beta_c_0.16,21600.0,1080,800.0,1,deadline_exceeded,1081,E7,failed,-1,-1,LB-v1-20260822,0.0,-1,2.8465075966141518,100.0,ER-HLNS-parallel-rescue,5688.3871828179535,5688.3871828179535,0,4abaffbfd8b0411fceca111e5753d7a019b68fc47297a474b576d0b50b956025,800.0,0.0,LB,102,0,routine_bulk,task_routine_bulk_2,normal,1,0,0.3976042905163367
90171fbe6c43d824744bf74c21cfb67be192844fb30442991e2a129a5952d714,0,0,None,-1.0,-1,0.0,beta_c_0.16,22800.0,1140,800.0,1,lifeline_zero,936,E7,failed,-1,-1,LB-v1-20260822,0.0,-1,0.0,100.0,ER-HLNS-parallel-rescue,5530.50432997441,5530.50432997441,0,4abaffbfd8b0411fceca111e5753d7a019b68fc47297a474b576d0b50b956025,800.0,0.0,LB,102,0,routine_bulk,task_routine_bulk_3,normal,1,0,0.5908338171405074
90171fbe6c43d824744bf74c21cfb67be192844fb30442991e2a129a5952d714,0,0,None,-1.0,-1,0.0,beta_c_0.16,24000.0,1200,800.0,1,lifeline_zero,1198,E7,failed,-1,-1,LB-v1-20260822,0.0,-1,0.0,100.0,ER-HLNS-parallel-rescue,14165.534902512349,14165.534902512349,0,4abaffbfd8b0411fceca111e5753d7a019b68fc47297a474b576d0b50b956025,800.0,0.0,LB,102,0,routine_bulk,task_routine_bulk_4,normal,1,0,0.31826058549111486
90171fbe6c43d824744bf74c21cfb67be192844fb30442991e2a129a5952d714,39,1,truck_2,3120.0,156,1.0,beta_c_0.16,25200.0,1260,800.0,0,,-1,E7,delivered,117,156,LB-v1-20260822,800.0,155,85.7662685427467,100.0,ER-HLNS-parallel-rescue,8329.032619537471,8329.032619537471,1,4abaffbfd8b0411fceca111e5753d7a019b68fc47297a474b576d0b50b956025,0.0,85.7662685427467,LB,102,1,routine_bulk,task_routine_bulk_5,normal,1,0,0.316760490021223
90171fbe6c43d824744bf74c21cfb67be192844fb30442991e2a129a5952d714,248,1,truck_1,6420.0,321,1.0,beta_c_0.16,26400.0,1320,800.0,0,,-1,E7,delivered,73,321,LB-v1-20260822,800.0,320,72.71983436381512,100.0,ER-HLNS-parallel-rescue,2207.167531132571,2207.167531132571,1,4abaffbfd8b0411fceca111e5753d7a019b68fc47297a474b576d0b50b956025,0.0,72.71983436381512,LB,102,1,routine_bulk,task_routine_bulk_6,normal,1,0,0.3055363954601743
90171fbe6c43d824744bf74c21cfb67be192844fb30442991e2a129a5952d714,0,0,None,-1.0,-1,0.0,beta_c_0.16,27600.0,1380,800.0,1,lifeline_zero,1066,E7,failed,-1,-1,LB-v1-20260822,0.0,-1,0.0,100.0,ER-HLNS-parallel-rescue,8538.945436848508,8538.945436848508,0,4abaffbfd8b0411fceca111e5753d7a019b68fc47297a474b576d0b50b956025,800.0,0.0,LB,102,0,routine_bulk,task_routine_bulk_7,normal,1,0,0.44156154877026366
90171fbe6c43d824744bf74c21cfb67be192844fb30442991e2a129a5952d714,12,1,uav_2,900.0,45,1.0,beta_c_0.16,12000.0,600,50.0,0,,-1,E7,delivered,36,45,LB-v1-20260822,50.0,47,87.94048748486665,100.0,ER-HLNS-parallel-rescue,2988.5323177974346,2988.5323177974346,1,4abaffbfd8b0411fceca111e5753d7a019b68fc47297a474b576d0b50b956025,0.0,87.94048748486665,LB,102,1,time_critical_lightweight,task_time_critical_lightweight_0,emergency,0,1,0.7521593742751356
90171fbe6c43d824744bf74c21cfb67be192844fb30442991e2a129a5952d714,10,0,None,-1.0,-1,0.0,beta_c_0.16,13560.0,678,50.0,1,lifeline_zero,421,E7,failed,63,-1,LB-v1-20260822,0.0,72,0.0,100.0,ER-HLNS-parallel-rescue,11294.290080097262,11294.290080097262,0,4abaffbfd8b0411fceca111e5753d7a019b68fc47297a474b576d0b50b956025,50.0,0.0,LB,102,0,time_critical_lightweight,task_time_critical_lightweight_1,emergency,0,1,0.7491376000307091
90171fbe6c43d824744bf74c21cfb67be192844fb30442991e2a129a5952d714,36,1,uav_2,720.0,36,1.0,beta_c_0.16,13200.0,660,50.0,0,,-1,E7,delivered,0,36,LB-v1-20260822,50.0,35,89.96529205258862,100.0,ER-HLNS-parallel-rescue,2792.418565959796,2792.418565959796,1,4abaffbfd8b0411fceca111e5753d7a019b68fc47297a474b576d0b50b956025,0.0,89.96529205258862,LB,102,1,time_critical_lightweight,task_time_critical_lightweight_2,emergency,0,1,0.8083948419266088
90171fbe6c43d824744bf74c21cfb67be192844fb30442991e2a129a5952d714,39,1,uav_1,780.0,39,1.0,beta_c_0.16,13800.0,690,50.0,0,,-1,E7,delivered,0,39,LB-v1-20260822,50.0,38,88.04001854339789,100.0,ER-HLNS-parallel-rescue,3010.973647764428,3010.973647764428,1,4abaffbfd8b0411fceca111e5753d7a019b68fc47297a474b576d0b50b956025,0.0,88.04001854339789,LB,102,1,time_critical_lightweight,task_time_critical_lightweight_3,emergency,0,1,0.9739813351739603
90171fbe6c43d824744bf74c21cfb67be192844fb30442991e2a129a5952d714,47,1,uav_2,2340.0,117,1.0,beta_c_0.16,14400.0,720,50.0,0,,-1,E7,delivered,70,117,LB-v1-20260822,50.0,116,66.02418367189338,100.0,ER-HLNS-parallel-rescue,7595.6360268286,7595.6360268286,1,4abaffbfd8b0411fceca111e5753d7a019b68fc47297a474b576d0b50b956025,0.0,66.02418367189338,LB,102,1,time_critical_lightweight,task_time_critical_lightweight_4,emergency,0,1,0.8902529497747588
90171fbe6c43d824744bf74c21cfb67be192844fb30442991e2a129a5952d714,24,1,uav_5,1200.0,60,1.0,beta_c_0.16,15000.0,750,50.0,0,,-1,E7,delivered,39,60,LB-v1-20260822,50.0,62,83.97059056529311,100.0,ER-HLNS-parallel-rescue,4623.366276010681,4623.366276010681,1,4abaffbfd8b0411fceca111e5753d7a019b68fc47297a474b576d0b50b956025,0.0,83.97059056529311,LB,102,1,time_critical_lightweight,task_time_critical_lightweight_5,emergency,0,1,0.7848123351493127
90171fbe6c43d824744bf74c21cfb67be192844fb30442991e2a129a5952d714,1,1,uav_4,4380.0,219,1.0,beta_c_0.16,16560.0,828,50.0,0,,-1,E7,delivered,187,219,LB-v1-20260822,50.0,187,37.93819658071588,100.0,ER-HLNS-parallel-rescue,16324.170659246023,16324.170659246023,1,4abaffbfd8b0411fceca111e5753d7a019b68fc47297a474b576d0b50b956025,0.0,37.93819658071588,LB,102,1,time_critical_lightweight,task_time_critical_lightweight_6,emergency,0,1,0.9948248799678303
90171fbe6c43d824744bf74c21cfb67be192844fb30442991e2a129a5952d714,12,1,uav_0,4880.0,244,1.0,beta_c_0.16,17160.0,858,50.0,0,,-1,E7,delivered,214,244,LB-v1-20260822,50.0,225,38.208810718480294,100.0,ER-HLNS-parallel-rescue,15873.692094774171,15873.692094774171,1,4abaffbfd8b0411fceca111e5753d7a019b68fc47297a474b576d0b50b956025,0.0,38.208810718480294,LB,102,1,time_critical_lightweight,task_time_critical_lightweight_7,emergency,0,1,0.8273965865006737
90171fbe6c43d824744bf74c21cfb67be192844fb30442991e2a129a5952d714,22,1,uav_2,1400.0,70,1.0,beta_c_0.16,16800.0,840,50.0,0,,-1,E7,delivered,48,70,LB-v1-20260822,50.0,69,80.91744823803464,100.0,ER-HLNS-parallel-rescue,4562.626701547581,4562.626701547581,1,4abaffbfd8b0411fceca111e5753d7a019b68fc47297a474b576d0b50b956025,0.0,80.91744823803464,LB,102,1,time_critical_lightweight,task_time_critical_lightweight_8,emergency,0,1,0.800241625655852
90171fbe6c43d824744bf74c21cfb67be192844fb30442991e2a129a5952d714,137,1,uav_0,2740.0,137,1.0,beta_c_0.16,17400.0,870,50.0,0,,-1,E7,delivered,0,137,LB-v1-20260822,50.0,136,64.74426029509196,100.0,ER-HLNS-parallel-rescue,9178.535368617246,9178.535368617246,1,4abaffbfd8b0411fceca111e5753d7a019b68fc47297a474b576d0b50b956025,0.0,64.74426029509196,LB,102,1,time_critical_lightweight,task_time_critical_lightweight_9,emergency,0,1,0.8133445160620112
90171fbe6c43d824744bf74c21cfb67be192844fb30442991e2a129a5952d714,144,1,uav_3,3080.0,154,1.0,beta_c_0.16,18000.0,900,50.0,0,,-1,E7,delivered,0,154,LB-v1-20260822,50.0,153,61.576826562346106,100.0,ER-HLNS-parallel-rescue,5471.014458554654,5471.014458554654,1,4abaffbfd8b0411fceca111e5753d7a019b68fc47297a474b576d0b50b956025,0.0,61.576826562346106,LB,102,1,time_critical_lightweight,task_time_critical_lightweight_10,emergency,0,1,0.7234608659077144
90171fbe6c43d824744bf74c21cfb67be192844fb30442991e2a129a5952d714,45,1,uav_0,3800.0,190,1.0,beta_c_0.16,18600.0,930,50.0,0,,-1,E7,delivered,73,190,LB-v1-20260822,50.0,189,48.32994957711095,100.0,ER-HLNS-parallel-rescue,10498.587816679308,10498.587816679308,1,4abaffbfd8b0411fceca111e5753d7a019b68fc47297a474b576d0b50b956025,0.0,48.32994957711095,LB,102,1,time_critical_lightweight,task_time_critical_lightweight_11,emergency,0,1,0.8885468420710438
90171fbe6c43d824744bf74c21cfb67be192844fb30442991e2a129a5952d714,637,0,None,-1.0,-1,0.0,beta_c_0.16,19200.0,960,800.0,1,deadline_exceeded,961,E7,failed,161,-1,LB-v1-20260822,0.0,960,10.922083265839818,100.0,ER-HLNS-parallel-rescue,10728.26032891467,10728.26032891467,0,14870a79d5f43e60ed3b4f3d6e89c4d26e0ab544e29bb43977a05454ac8e054d,800.0,0.0,LB,103,0,routine_bulk,task_routine_bulk_0,normal,1,0,0.34842619173408906
90171fbe6c43d824744bf74c21cfb67be192844fb30442991e2a129a5952d714,0,1,truck_1,840.0,42,1.0,beta_c_0.16,20400.0,1020,800.0,0,,-1,E7,delivered,-1,42,LB-v1-20260822,800.0,-1,96.14321702926607,100.0,ER-HLNS-parallel-rescue,2909.773055537859,2909.773055537859,1,14870a79d5f43e60ed3b4f3d6e89c4d26e0ab544e29bb43977a05454ac8e054d,0.0,96.14321702926607,LB,103,1,routine_bulk,task_routine_bulk_1,normal,1,0,0.36263112143461484
90171fbe6c43d824744bf74c21cfb67be192844fb30442991e2a129a5952d714,47,1,truck_1,4180.0,209,1.0,beta_c_0.16,21600.0,1080,800.0,0,,-1,E7,delivered,158,209,LB-v1-20260822,800.0,204,84.10844233169212,100.0,ER-HLNS-parallel-rescue,5891.031930588738,5891.031930588738,1,14870a79d5f43e60ed3b4f3d6e89c4d26e0ab544e29bb43977a05454ac8e054d,0.0,84.10844233169212,LB,103,1,routine_bulk,task_routine_bulk_2,normal,1,0,0.22860762501670875
90171fbe6c43d824744bf74c21cfb67be192844fb30442991e2a129a5952d714,162,1,truck_1,11320.0,566,1.0,beta_c_0.16,22800.0,1140,800.0,0,,-1,E7,delivered,404,566,LB-v1-20260822,800.0,565,55.934614339358774,100.0,ER-HLNS-parallel-rescue,3679.4188095004256,3679.4188095004256,1,14870a79d5f43e60ed3b4f3d6e89c4d26e0ab544e29bb43977a05454ac8e054d,0.0,55.934614339358774,LB,103,1,routine_bulk,task_routine_bulk_3,normal,1,0,0.20341849503107082
90171fbe6c43d824744bf74c21cfb67be192844fb30442991e2a129a5952d714,0,1,truck_0,3280.0,164,1.0,beta_c_0.16,24000.0,1200,800.0,0,,-1,E7,delivered,-1,164,LB-v1-20260822,800.0,-1,85.55674308678051,100.0,ER-HLNS-parallel-rescue,1222.77839559386,1222.77839559386,1,14870a79d5f43e60ed3b4f3d6e89c4d26e0ab544e29bb43977a05454ac8e054d,0.0,85.55674308678051,LB,103,1,routine_bulk,task_routine_bulk_4,normal,1,0,0.3319591618543233
90171fbe6c43d824744bf74c21cfb67be192844fb30442991e2a129a5952d714,21,1,truck_3,7020.0,351,1.0,beta_c_0.16,25200.0,1260,800.0,0,,-1,E7,delivered,330,351,LB-v1-20260822,800.0,350,65.78471269359414,100.0,ER-HLNS-parallel-rescue,12369.193535155884,12369.193535155884,1,14870a79d5f43e60ed3b4f3d6e89c4d26e0ab544e29bb43977a05454ac8e054d,0.0,65.78471269359414,LB,103,1,routine_bulk,task_routine_bulk_5,normal,1,0,0.3837354804247379
90171fbe6c43d824744bf74c21cfb67be192844fb30442991e2a129a5952d714,96,1,truck_3,3220.0,161,1.0,beta_c_0.16,26400.0,1320,800.0,0,,-1,E7,delivered,65,161,LB-v1-20260822,800.0,160,86.43164698915037,100.0,ER-HLNS-parallel-rescue,2190.503861145282,2190.503861145282,1,14870a79d5f43e60ed3b4f3d6e89c4d26e0ab544e29bb43977a05454ac8e054d,0.0,86.43164698915037,LB,103,1,routine_bulk,task_routine_bulk_6,normal,1,0,0.29667557872401773
90171fbe6c43d824744bf74c21cfb67be192844fb30442991e2a129a5952d714,0,1,truck_3,1080.0,54,1.0,beta_c_0.16,27600.0,1380,800.0,0,,-1,E7,delivered,-1,54,LB-v1-20260822,800.0,-1,94.49972051824626,100.0,ER-HLNS-parallel-rescue,3849.1587366044114,3849.1587366044114,1,14870a79d5f43e60ed3b4f3d6e89c4d26e0ab544e29bb43977a05454ac8e054d,0.0,94.49972051824626,LB,103,1,routine_bulk,task_routine_bulk_7,normal,1,0,0.46822780016891247
90171fbe6c43d824744bf74c21cfb67be192844fb30442991e2a129a5952d714,46,1,uav_0,920.0,46,1.0,beta_c_0.16,12000.0,600,50.0,0,,-1,E7,delivered,0,46,LB-v1-20260822,50.0,45,83.47152647376643,100.0,ER-HLNS-parallel-rescue,3549.9180582011645,3549.9180582011645,1,14870a79d5f43e60ed3b4f3d6e89c4d26e0ab544e29bb43977a05454ac8e054d,0.0,83.47152647376643,LB,103,1,time_critical_lightweight,task_time_critical_lightweight_0,emergency,0,1,0.9539752519885072
90171fbe6c43d824744bf74c21cfb67be192844fb30442991e2a129a5952d714,65,1,uav_3,1200.0,60,1.0,beta_c_0.16,12600.0,630,50.0,0,,-1,E7,delivered,0,60,LB-v1-20260822,50.0,64,81.69917535183986,100.0,ER-HLNS-parallel-rescue,3853.766998414422,3853.766998414422,1,14870a79d5f43e60ed3b4f3d6e89c4d26e0ab544e29bb43977a05454ac8e054d,0.0,81.69917535183986,LB,103,1,time_critical_lightweight,task_time_critical_lightweight_1,emergency,0,1,0.9948079019505545
90171fbe6c43d824744bf74c21cfb67be192844fb30442991e2a129a5952d714,216,0,None,-1.0,-1,0.0,beta_c_0.16,13200.0,660,50.0,1,lifeline_zero,404,E7,failed,188,-1,LB-v1-20260822,0.0,403,0.0,100.0,ER-HLNS-parallel-rescue,4718.076354042247,4718.076354042247,0,14870a79d5f43e60ed3b4f3d6e89c4d26e0ab544e29bb43977a05454ac8e054d,50.0,0.0,LB,103,0,time_critical_lightweight,task_time_critical_lightweight_2,emergency,0,1,0.7377905179466021
90171fbe6c43d824744bf74c21cfb67be192844fb30442991e2a129a5952d714,101,1,uav_1,3080.0,154,1.0,beta_c_0.16,13800.0,690,50.0,0,,-1,E7,delivered,53,154,LB-v1-20260822,50.0,153,53.30995234288718,100.0,ER-HLNS-parallel-rescue,4622.917826000115,4622.917826000115,1,14870a79d5f43e60ed3b4f3d6e89c4d26e0ab544e29bb43977a05454ac8e054d,0.0,53.30995234288718,LB,103,1,time_critical_lightweight,task_time_critical_lightweight_3,emergency,0,1,0.993001467773675
90171fbe6c43d824744bf74c21cfb67be192844fb30442991e2a129a5952d714,188,1,uav_2,3620.0,181,1.0,beta_c_0.16,14400.0,720,50.0,0,,-1,E7,delivered,0,181,LB-v1-20260822,50.0,187,42.66262124785495,100.0,ER-HLNS-parallel-rescue,7874.47009238337,7874.47009238337,1,14870a79d5f43e60ed3b4f3d6e89c4d26e0ab544e29bb43977a05454ac8e054d,0.0,42.66262124785495,LB,103,1,time_critical_lightweight,task_time_critical_lightweight_4,emergency,0,1,0.8793174987113003
90171fbe6c43d824744bf74c21cfb67be192844fb30442991e2a129a5952d714,145,0,None,-1.0,-1,0.0,beta_c_0.16,15960.0,798,50.0,1,lifeline_zero,359,E7,failed,188,-1,LB-v1-20260822,0.0,358,0.0,100.0,ER-HLNS-parallel-rescue,15631.763761674247,15631.763761674247,0,14870a79d5f43e60ed3b4f3d6e89c4d26e0ab544e29bb43977a05454ac8e054d,50.0,0.0,LB,103,0,time_critical_lightweight,task_time_critical_lightweight_5,emergency,0,1,0.7453071219044164
90171fbe6c43d824744bf74c21cfb67be192844fb30442991e2a129a5952d714,245,0,None,-1.0,-1,0.0,beta_c_0.16,16560.0,828,50.0,1,lifeline_zero,356,E7,failed,76,-1,LB-v1-20260822,0.0,355,0.0,100.0,ER-HLNS-parallel-rescue,8424.160448484647,8424.160448484647,0,14870a79d5f43e60ed3b4f3d6e89c4d26e0ab544e29bb43977a05454ac8e054d,50.0,0.0,LB,103,0,time_critical_lightweight,task_time_critical_lightweight_6,emergency,0,1,0.9405001457932693
90171fbe6c43d824744bf74c21cfb67be192844fb30442991e2a129a5952d714,34,1,uav_4,4420.0,221,1.0,beta_c_0.16,17160.0,858,50.0,0,,-1,E7,delivered,189,221,LB-v1-20260822,50.0,222,33.623013741250894,100.0,ER-HLNS-parallel-rescue,8257.460786599386,8257.460786599386,1,14870a79d5f43e60ed3b4f3d6e89c4d26e0ab544e29bb43977a05454ac8e054d,0.0,33.623013741250894,LB,103,1,time_critical_lightweight,task_time_critical_lightweight_7,emergency,0,1,0.9967292359223714
90171fbe6c43d824744bf74c21cfb67be192844fb30442991e2a129a5952d714,32,1,uav_1,640.0,32,1.0,beta_c_0.16,16800.0,840,50.0,0,,-1,E7,delivered,0,32,LB-v1-20260822,50.0,31,90.37942325869096,100.0,ER-HLNS-parallel-rescue,2438.790356782932,2438.790356782932,1,14870a79d5f43e60ed3b4f3d6e89c4d26e0ab544e29bb43977a05454ac8e054d,0.0,90.37942325869096,LB,103,1,time_critical_lightweight,task_time_critical_lightweight_8,emergency,0,1,0.956249863078559
90171fbe6c43d824744bf74c21cfb67be192844fb30442991e2a129a5952d714,30,1,uav_4,1400.0,70,1.0,beta_c_0.16,17400.0,870,50.0,0,,-1,E7,delivered,46,70,LB-v1-20260822,50.0,75,75.24843637325455,100.0,ER-HLNS-parallel-rescue,5229.962687587301,5229.962687587301,1,14870a79d5f43e60ed3b4f3d6e89c4d26e0ab544e29bb43977a05454ac8e054d,0.0,75.24843637325455,LB,103,1,time_critical_lightweight,task_time_critical_lightweight_9,emergency,0,1,0.99615912292639
90171fbe6c43d824744bf74c21cfb67be192844fb30442991e2a129a5952d714,21,1,uav_5,1060.0,53,1.0,beta_c_0.16,18000.0,900,50.0,0,,-1,E7,delivered,32,53,LB-v1-20260822,50.0,52,86.5032180319637,100.0,ER-HLNS-parallel-rescue,4101.291462269308,4101.291462269308,1,14870a79d5f43e60ed3b4f3d6e89c4d26e0ab544e29bb43977a05454ac8e054d,0.0,86.5032180319637,LB,103,1,time_critical_lightweight,task_time_critical_lightweight_10,emergency,0,1,0.7679542876123209
90171fbe6c43d824744bf74c21cfb67be192844fb30442991e2a129a5952d714,98,0,None,-1.0,-1,0.0,beta_c_0.16,18600.0,930,50.0,1,lifeline_zero,330,E7,failed,217,-1,LB-v1-20260822,0.0,329,0.0,100.0,ER-HLNS-parallel-rescue,9892.748184234893,9892.748184234893,0,14870a79d5f43e60ed3b4f3d6e89c4d26e0ab544e29bb43977a05454ac8e054d,50.0,0.0,LB,103,0,time_critical_lightweight,task_time_critical_lightweight_11,emergency,0,1,0.8558745641192899
90171fbe6c43d824744bf74c21cfb67be192844fb30442991e2a129a5952d714,96,0,None,-1.0,-1,0.0,beta_c_0.16,19200.0,960,800.0,1,deadline_exceeded,961,E7,failed,386,-1,LB-v1-20260822,0.0,481,0.8156339285624098,100.0,ER-HLNS-parallel-rescue,5272.8843626741755,5272.8843626741755,0,4cb44969bd2784e4807dec7afeca06da4e31c85fb9c86cb2f5e1f89aec5cf21c,800.0,0.0,LB,104,0,routine_bulk,task_routine_bulk_0,normal,1,0,0.47918201810372657
90171fbe6c43d824744bf74c21cfb67be192844fb30442991e2a129a5952d714,12,1,truck_3,1980.0,99,1.0,beta_c_0.16,20400.0,1020,800.0,0,,-1,E7,delivered,87,99,LB-v1-20260822,800.0,98,88.96289620099411,100.0,ER-HLNS-parallel-rescue,7568.357709164488,7568.357709164488,1,4cb44969bd2784e4807dec7afeca06da4e31c85fb9c86cb2f5e1f89aec5cf21c,0.0,88.96289620099411,LB,104,1,routine_bulk,task_routine_bulk_1,normal,1,0,0.5886518651509982
90171fbe6c43d824744bf74c21cfb67be192844fb30442991e2a129a5952d714,21,1,truck_3,9340.0,467,1.0,beta_c_0.16,21600.0,1080,800.0,0,,-1,E7,delivered,371,467,LB-v1-20260822,800.0,391,59.65528867453303,100.0,ER-HLNS-parallel-rescue,6249.3846204323945,6249.3846204323945,1,4cb44969bd2784e4807dec7afeca06da4e31c85fb9c86cb2f5e1f89aec5cf21c,0.0,59.65528867453303,LB,104,1,routine_bulk,task_routine_bulk_2,normal,1,0,0.276105417555162
90171fbe6c43d824744bf74c21cfb67be192844fb30442991e2a129a5952d714,91,0,None,-1.0,-1,0.0,beta_c_0.16,22800.0,1140,800.0,1,lifeline_zero,997,E7,failed,482,-1,LB-v1-20260822,0.0,572,0.0,100.0,ER-HLNS-parallel-rescue,6698.28848762556,6698.28848762556,0,4cb44969bd2784e4807dec7afeca06da4e31c85fb9c86cb2f5e1f89aec5cf21c,800.0,0.0,LB,104,0,routine_bulk,task_routine_bulk_3,normal,1,0,0.48560807268183753
90171fbe6c43d824744bf74c21cfb67be192844fb30442991e2a129a5952d714,0,1,truck_2,2880.0,144,1.0,beta_c_0.16,24000.0,1200,800.0,0,,-1,E7,delivered,-1,144,LB-v1-20260822,800.0,-1,84.59697550463424,100.0,ER-HLNS-parallel-rescue,7570.960812820636,7570.960812820636,1,4cb44969bd2784e4807dec7afeca06da4e31c85fb9c86cb2f5e1f89aec5cf21c,0.0,84.59697550463424,LB,104,1,routine_bulk,task_routine_bulk_4,normal,1,0,0.5478035996107795
90171fbe6c43d824744bf74c21cfb67be192844fb30442991e2a129a5952d714,95,0,None,-1.0,-1,0.0,beta_c_0.16,25200.0,1260,800.0,1,lifeline_zero,1099,E7,failed,127,-1,LB-v1-20260822,0.0,414,0.0,100.0,ER-HLNS-parallel-rescue,7123.574472651179,7123.574472651179,0,4cb44969bd2784e4807dec7afeca06da4e31c85fb9c86cb2f5e1f89aec5cf21c,800.0,0.0,LB,104,0,routine_bulk,task_routine_bulk_5,normal,1,0,0.35137426266199645
90171fbe6c43d824744bf74c21cfb67be192844fb30442991e2a129a5952d714,84,0,None,-1.0,-1,0.0,beta_c_0.16,26400.0,1320,800.0,1,lifeline_zero,1007,E7,failed,199,-1,LB-v1-20260822,0.0,385,0.0,100.0,ER-HLNS-parallel-rescue,6156.526159856502,6156.526159856502,0,4cb44969bd2784e4807dec7afeca06da4e31c85fb9c86cb2f5e1f89aec5cf21c,800.0,0.0,LB,104,0,routine_bulk,task_routine_bulk_6,normal,1,0,0.4791203724344151
90171fbe6c43d824744bf74c21cfb67be192844fb30442991e2a129a5952d714,54,1,truck_3,3400.0,170,1.0,beta_c_0.16,27600.0,1380,800.0,0,,-1,E7,delivered,111,170,LB-v1-20260822,800.0,164,84.07172329170967,100.0,ER-HLNS-parallel-rescue,7985.041925894773,7985.041925894773,1,4cb44969bd2784e4807dec7afeca06da4e31c85fb9c86cb2f5e1f89aec5cf21c,0.0,84.07172329170967,LB,104,1,routine_bulk,task_routine_bulk_7,normal,1,0,0.41526441828837324
90171fbe6c43d824744bf74c21cfb67be192844fb30442991e2a129a5952d714,41,0,None,-1.0,-1,0.0,beta_c_0.16,12000.0,600,50.0,1,lifeline_zero,386,E7,failed,50,-1,LB-v1-20260822,0.0,385,0.0,100.0,ER-HLNS-parallel-rescue,7023.7895527980045,7023.7895527980045,0,4cb44969bd2784e4807dec7afeca06da4e31c85fb9c86cb2f5e1f89aec5cf21c,50.0,0.0,LB,104,0,time_critical_lightweight,task_time_critical_lightweight_0,emergency,0,1,0.7334050411538343
90171fbe6c43d824744bf74c21cfb67be192844fb30442991e2a129a5952d714,5,1,uav_2,4220.0,211,1.0,beta_c_0.16,12600.0,630,50.0,0,,-1,E7,delivered,206,211,LB-v1-20260822,50.0,210,46.815616762174066,100.0,ER-HLNS-parallel-rescue,7820.4684819216145,7820.4684819216145,1,4cb44969bd2784e4807dec7afeca06da4e31c85fb9c86cb2f5e1f89aec5cf21c,0.0,46.815616762174066,LB,104,1,time_critical_lightweight,task_time_critical_lightweight_1,emergency,0,1,0.7756329563794074
90171fbe6c43d824744bf74c21cfb67be192844fb30442991e2a129a5952d714,158,0,None,-1.0,-1,0.0,beta_c_0.16,14160.0,708,50.0,1,lifeline_zero,371,E7,failed,213,-1,LB-v1-20260822,0.0,370,0.0,100.0,ER-HLNS-parallel-rescue,10205.303898503826,10205.303898503826,0,4cb44969bd2784e4807dec7afeca06da4e31c85fb9c86cb2f5e1f89aec5cf21c,50.0,0.0,LB,104,0,time_critical_lightweight,task_time_critical_lightweight_2,emergency,0,1,0.7888680287525364
90171fbe6c43d824744bf74c21cfb67be192844fb30442991e2a129a5952d714,40,1,uav_3,2360.0,118,1.0,beta_c_0.16,13800.0,690,50.0,0,,-1,E7,delivered,87,118,LB-v1-20260822,50.0,126,68.52935047404713,100.0,ER-HLNS-parallel-rescue,16046.827472122433,16046.827472122433,1,4cb44969bd2784e4807dec7afeca06da4e31c85fb9c86cb2f5e1f89aec5cf21c,0.0,68.52935047404713,LB,104,1,time_critical_lightweight,task_time_critical_lightweight_3,emergency,0,1,0.8367675481815295
90171fbe6c43d824744bf74c21cfb67be192844fb30442991e2a129a5952d714,34,1,uav_2,3980.0,199,1.0,beta_c_0.16,15360.0,768,50.0,0,,-1,E7,delivered,165,199,LB-v1-20260822,50.0,198,48.778162120313276,100.0,ER-HLNS-parallel-rescue,9174.482219933043,9174.482219933043,1,4cb44969bd2784e4807dec7afeca06da4e31c85fb9c86cb2f5e1f89aec5cf21c,0.0,48.778162120313276,LB,104,1,time_critical_lightweight,task_time_critical_lightweight_4,emergency,0,1,0.8127661232413205
90171fbe6c43d824744bf74c21cfb67be192844fb30442991e2a129a5952d714,69,0,None,-1.0,-1,0.0,beta_c_0.16,15960.0,798,50.0,1,lifeline_zero,386,E7,failed,116,-1,LB-v1-20260822,0.0,184,0.0,100.0,ER-HLNS-parallel-rescue,19651.540378591842,19651.540378591842,0,4cb44969bd2784e4807dec7afeca06da4e31c85fb9c86cb2f5e1f89aec5cf21c,50.0,0.0,LB,104,0,time_critical_lightweight,task_time_critical_lightweight_5,emergency,0,1,0.8423225708886023
90171fbe6c43d824744bf74c21cfb67be192844fb30442991e2a129a5952d714,87,1,uav_3,1740.0,87,1.0,beta_c_0.16,15600.0,780,50.0,0,,-1,E7,delivered,0,87,LB-v1-20260822,50.0,86,76.21285240362876,100.0,ER-HLNS-parallel-rescue,7018.248876048752,7018.248876048752,1,4cb44969bd2784e4807dec7afeca06da4e31c85fb9c86cb2f5e1f89aec5cf21c,0.0,76.21285240362876,LB,104,1,time_critical_lightweight,task_time_critical_lightweight_6,emergency,0,1,0.8491294207660127
90171fbe6c43d824744bf74c21cfb67be192844fb30442991e2a129a5952d714,103,0,None,-1.0,-1,0.0,beta_c_0.16,16200.0,810,50.0,1,lifeline_zero,344,E7,failed,241,-1,LB-v1-20260822,0.0,343,0.0,100.0,ER-HLNS-parallel-rescue,8377.6446781383,8377.6446781383,0,4cb44969bd2784e4807dec7afeca06da4e31c85fb9c86cb2f5e1f89aec5cf21c,50.0,0.0,LB,104,0,time_critical_lightweight,task_time_critical_lightweight_7,emergency,0,1,0.9286770435131199
90171fbe6c43d824744bf74c21cfb67be192844fb30442991e2a129a5952d714,111,1,uav_1,2220.0,111,1.0,beta_c_0.16,16800.0,840,50.0,0,,-1,E7,delivered,0,111,LB-v1-20260822,50.0,110,70.94299793771543,100.0,ER-HLNS-parallel-rescue,9300.70569730297,9300.70569730297,1,4cb44969bd2784e4807dec7afeca06da4e31c85fb9c86cb2f5e1f89aec5cf21c,0.0,70.94299793771543,LB,104,1,time_critical_lightweight,task_time_critical_lightweight_8,emergency,0,1,0.8211665605115068
90171fbe6c43d824744bf74c21cfb67be192844fb30442991e2a129a5952d714,100,1,uav_5,4540.0,227,1.0,beta_c_0.16,17400.0,870,50.0,0,,-1,E7,delivered,0,227,LB-v1-20260822,50.0,198,37.666863354122434,100.0,ER-HLNS-parallel-rescue,7532.933777727172,7532.933777727172,1,4cb44969bd2784e4807dec7afeca06da4e31c85fb9c86cb2f5e1f89aec5cf21c,0.0,37.666863354122434,LB,104,1,time_critical_lightweight,task_time_critical_lightweight_9,emergency,0,1,0.8946614200318721
90171fbe6c43d824744bf74c21cfb67be192844fb30442991e2a129a5952d714,5,1,uav_5,2300.0,115,1.0,beta_c_0.16,18000.0,900,50.0,0,,-1,E7,delivered,111,115,LB-v1-20260822,50.0,115,68.05275374024686,100.0,ER-HLNS-parallel-rescue,12110.343999723837,12110.343999723837,1,4cb44969bd2784e4807dec7afeca06da4e31c85fb9c86cb2f5e1f89aec5cf21c,0.0,68.05275374024686,LB,104,1,time_critical_lightweight,task_time_critical_lightweight_10,emergency,0,1,0.9073734486686894
90171fbe6c43d824744bf74c21cfb67be192844fb30442991e2a129a5952d714,345,0,None,-1.0,-1,0.0,beta_c_0.16,18600.0,930,50.0,1,lifeline_zero,353,E7,failed,0,-1,LB-v1-20260822,0.0,352,0.0,100.0,ER-HLNS-parallel-rescue,5010.518718001438,5010.518718001438,0,4cb44969bd2784e4807dec7afeca06da4e31c85fb9c86cb2f5e1f89aec5cf21c,50.0,0.0,LB,104,0,time_critical_lightweight,task_time_critical_lightweight_11,emergency,0,1,0.7839172668337464
90171fbe6c43d824744bf74c21cfb67be192844fb30442991e2a129a5952d714,0,0,None,-1.0,-1,0.0,beta_c_0.16,19200.0,960,800.0,1,deadline_exceeded,961,E7,failed,-1,-1,LB-v1-20260822,0.0,-1,10.085083014575781,100.0,ER-HLNS-parallel-rescue,12577.323912323805,12577.323912323805,0,72a4b77e3791eab072bccfcb1341068246fe8e3200facb029368f87cb72c4e8f,800.0,0.0,LB,105,0,routine_bulk,task_routine_bulk_0,normal,1,0,0.4422958379032641
90171fbe6c43d824744bf74c21cfb67be192844fb30442991e2a129a5952d714,11,1,truck_2,2020.0,101,1.0,beta_c_0.16,20400.0,1020,800.0,0,,-1,E7,delivered,90,101,LB-v1-20260822,800.0,100,90.670341956208,100.0,ER-HLNS-parallel-rescue,8114.793341322871,8114.793341322871,1,72a4b77e3791eab072bccfcb1341068246fe8e3200facb029368f87cb72c4e8f,0.0,90.670341956208,LB,105,1,routine_bulk,task_routine_bulk_1,normal,1,0,0.35204079810666833
90171fbe6c43d824744bf74c21cfb67be192844fb30442991e2a129a5952d714,308,0,None,-1.0,-1,0.0,beta_c_0.16,21600.0,1080,800.0,1,deadline_exceeded,1081,E7,failed,216,-1,LB-v1-20260822,0.0,523,11.932981618929025,100.0,ER-HLNS-parallel-rescue,8729.62675428584,8729.62675428584,0,72a4b77e3791eab072bccfcb1341068246fe8e3200facb029368f87cb72c4e8f,800.0,0.0,LB,105,0,routine_bulk,task_routine_bulk_2,normal,1,0,0.287785035971319
90171fbe6c43d824744bf74c21cfb67be192844fb30442991e2a129a5952d714,94,0,None,-1.0,-1,0.0,beta_c_0.16,22800.0,1140,800.0,1,lifeline_zero,1139,E7,failed,164,-1,LB-v1-20260822,0.0,257,0.0,100.0,ER-HLNS-parallel-rescue,5910.696567912473,5910.696567912473,0,72a4b77e3791eab072bccfcb1341068246fe8e3200facb029368f87cb72c4e8f,800.0,0.0,LB,105,0,routine_bulk,task_routine_bulk_3,normal,1,0,0.350797741406931
90171fbe6c43d824744bf74c21cfb67be192844fb30442991e2a129a5952d714,241,1,truck_3,8060.0,403,1.0,beta_c_0.16,24000.0,1200,800.0,0,,-1,E7,delivered,162,403,LB-v1-20260822,800.0,402,60.37239682402946,100.0,ER-HLNS-parallel-rescue,10694.004250403128,10694.004250403128,1,72a4b77e3791eab072bccfcb1341068246fe8e3200facb029368f87cb72c4e8f,0.0,60.37239682402946,LB,105,1,routine_bulk,task_routine_bulk_4,normal,1,0,0.4555758510257406
90171fbe6c43d824744bf74c21cfb67be192844fb30442991e2a129a5952d714,54,0,None,-1.0,-1,0.0,beta_c_0.16,25200.0,1260,800.0,1,lifeline_zero,1039,E7,failed,108,-1,LB-v1-20260822,0.0,161,0.0,100.0,ER-HLNS-parallel-rescue,11688.368471261618,11688.368471261618,0,72a4b77e3791eab072bccfcb1341068246fe8e3200facb029368f87cb72c4e8f,800.0,0.0,LB,105,0,routine_bulk,task_routine_bulk_5,normal,1,0,0.4710880429495432
90171fbe6c43d824744bf74c21cfb67be192844fb30442991e2a129a5952d714,57,1,truck_0,4560.0,228,1.0,beta_c_0.16,26400.0,1320,800.0,0,,-1,E7,delivered,171,228,LB-v1-20260822,800.0,227,78.41560180544136,100.0,ER-HLNS-parallel-rescue,6465.741892118609,6465.741892118609,1,72a4b77e3791eab072bccfcb1341068246fe8e3200facb029368f87cb72c4e8f,0.0,78.41560180544136,LB,105,1,routine_bulk,task_routine_bulk_6,normal,1,0,0.4027653483499122
90171fbe6c43d824744bf74c21cfb67be192844fb30442991e2a129a5952d714,11,1,truck_0,2160.0,108,1.0,beta_c_0.16,27600.0,1380,800.0,0,,-1,E7,delivered,97,108,LB-v1-20260822,800.0,107,88.80362520509155,100.0,ER-HLNS-parallel-rescue,5513.218277176952,5513.218277176952,1,72a4b77e3791eab072bccfcb1341068246fe8e3200facb029368f87cb72c4e8f,0.0,88.80362520509155,LB,105,1,routine_bulk,task_routine_bulk_7,normal,1,0,0.4532664729099701
90171fbe6c43d824744bf74c21cfb67be192844fb30442991e2a129a5952d714,42,1,uav_3,840.0,42,1.0,beta_c_0.16,12000.0,600,50.0,0,,-1,E7,delivered,0,42,LB-v1-20260822,50.0,41,87.79840578888358,100.0,ER-HLNS-parallel-rescue,3632.0997667878946,3632.0997667878946,1,72a4b77e3791eab072bccfcb1341068246fe8e3200facb029368f87cb72c4e8f,0.0,87.79840578888358,LB,105,1,time_critical_lightweight,task_time_critical_lightweight_0,emergency,0,1,0.8976075549457397
90171fbe6c43d824744bf74c21cfb67be192844fb30442991e2a129a5952d714,52,1,uav_1,1040.0,52,1.0,beta_c_0.16,12600.0,630,50.0,0,,-1,E7,delivered,0,52,LB-v1-20260822,50.0,51,85.17808158978524,100.0,ER-HLNS-parallel-rescue,4785.672150326649,4785.672150326649,1,72a4b77e3791eab072bccfcb1341068246fe8e3200facb029368f87cb72c4e8f,0.0,85.17808158978524,LB,105,1,time_critical_lightweight,task_time_critical_lightweight_1,emergency,0,1,0.778127135572565
90171fbe6c43d824744bf74c21cfb67be192844fb30442991e2a129a5952d714,54,1,uav_0,1080.0,54,1.0,beta_c_0.16,13200.0,660,50.0,0,,-1,E7,delivered,0,54,LB-v1-20260822,50.0,53,84.51159888777543,100.0,ER-HLNS-parallel-rescue,4398.113455086746,4398.113455086746,1,72a4b77e3791eab072bccfcb1341068246fe8e3200facb029368f87cb72c4e8f,0.0,84.51159888777543,LB,105,1,time_critical_lightweight,task_time_critical_lightweight_2,emergency,0,1,0.7499811226475924
90171fbe6c43d824744bf74c21cfb67be192844fb30442991e2a129a5952d714,14,1,uav_5,1200.0,60,1.0,beta_c_0.16,13800.0,690,50.0,0,,-1,E7,delivered,52,60,LB-v1-20260822,50.0,65,80.86353296788914,100.0,ER-HLNS-parallel-rescue,5420.674333996477,5420.674333996477,1,72a4b77e3791eab072bccfcb1341068246fe8e3200facb029368f87cb72c4e8f,0.0,80.86353296788914,LB,105,1,time_critical_lightweight,task_time_critical_lightweight_3,emergency,0,1,0.9578263112503582
90171fbe6c43d824744bf74c21cfb67be192844fb30442991e2a129a5952d714,92,1,uav_2,3100.0,155,1.0,beta_c_0.16,15360.0,768,50.0,0,,-1,E7,delivered,52,155,LB-v1-20260822,50.0,154,58.386760138410885,100.0,ER-HLNS-parallel-rescue,7181.023200554933,7181.023200554933,1,72a4b77e3791eab072bccfcb1341068246fe8e3200facb029368f87cb72c4e8f,0.0,58.386760138410885,LB,105,1,time_critical_lightweight,task_time_critical_lightweight_4,emergency,0,1,0.795836380139859
90171fbe6c43d824744bf74c21cfb67be192844fb30442991e2a129a5952d714,27,1,uav_2,3780.0,189,1.0,beta_c_0.16,15000.0,750,50.0,0,,-1,E7,delivered,162,189,LB-v1-20260822,50.0,188,48.6762445697854,100.0,ER-HLNS-parallel-rescue,6377.527483238084,6377.527483238084,1,72a4b77e3791eab072bccfcb1341068246fe8e3200facb029368f87cb72c4e8f,0.0,48.6762445697854,LB,105,1,time_critical_lightweight,task_time_critical_lightweight_5,emergency,0,1,0.780918270447546
90171fbe6c43d824744bf74c21cfb67be192844fb30442991e2a129a5952d714,48,0,None,-1.0,-1,0.0,beta_c_0.16,16560.0,828,50.0,1,lifeline_zero,386,E7,failed,42,-1,LB-v1-20260822,0.0,89,0.0,100.0,ER-HLNS-parallel-rescue,9029.776283917252,9029.776283917252,0,72a4b77e3791eab072bccfcb1341068246fe8e3200facb029368f87cb72c4e8f,50.0,0.0,LB,105,0,time_critical_lightweight,task_time_critical_lightweight_6,emergency,0,1,0.8689360715219382
90171fbe6c43d824744bf74c21cfb67be192844fb30442991e2a129a5952d714,67,1,uav_2,4320.0,216,1.0,beta_c_0.16,17160.0,858,50.0,0,,-1,E7,delivered,0,216,LB-v1-20260822,50.0,215,34.046156211580936,100.0,ER-HLNS-parallel-rescue,6748.743106898455,6748.743106898455,1,72a4b77e3791eab072bccfcb1341068246fe8e3200facb029368f87cb72c4e8f,0.0,34.046156211580936,LB,105,1,time_critical_lightweight,task_time_critical_lightweight_7,emergency,0,1,0.9402474835352292
90171fbe6c43d824744bf74c21cfb67be192844fb30442991e2a129a5952d714,72,1,uav_4,2440.0,122,1.0,beta_c_0.16,16800.0,840,50.0,0,,-1,E7,delivered,54,122,LB-v1-20260822,50.0,125,59.7170269937681,100.0,ER-HLNS-parallel-rescue,6916.263526249127,6916.263526249127,1,72a4b77e3791eab072bccfcb1341068246fe8e3200facb029368f87cb72c4e8f,0.0,59.7170269937681,LB,105,1,time_critical_lightweight,task_time_critical_lightweight_8,emergency,0,1,0.9661089449093814
90171fbe6c43d824744bf74c21cfb67be192844fb30442991e2a129a5952d714,35,1,uav_5,3280.0,164,1.0,beta_c_0.16,17400.0,870,50.0,0,,-1,E7,delivered,129,164,LB-v1-20260822,50.0,163,56.563391477111615,100.0,ER-HLNS-parallel-rescue,10495.756357098931,10495.756357098931,1,72a4b77e3791eab072bccfcb1341068246fe8e3200facb029368f87cb72c4e8f,0.0,56.563391477111615,LB,105,1,time_critical_lightweight,task_time_critical_lightweight_9,emergency,0,1,0.8274854444539167
90171fbe6c43d824744bf74c21cfb67be192844fb30442991e2a129a5952d714,45,1,uav_0,3420.0,171,1.0,beta_c_0.16,18000.0,900,50.0,0,,-1,E7,delivered,126,171,LB-v1-20260822,50.0,170,56.641437503583376,100.0,ER-HLNS-parallel-rescue,8510.237238411748,8510.237238411748,1,72a4b77e3791eab072bccfcb1341068246fe8e3200facb029368f87cb72c4e8f,0.0,56.641437503583376,LB,105,1,time_critical_lightweight,task_time_critical_lightweight_10,emergency,0,1,0.7765952172368125
90171fbe6c43d824744bf74c21cfb67be192844fb30442991e2a129a5952d714,140,1,uav_1,6700.0,335,1.0,beta_c_0.16,18600.0,930,50.0,0,,-1,E7,delivered,66,335,LB-v1-20260822,50.0,334,11.063044900508514,100.0,ER-HLNS-parallel-rescue,10506.128035288262,10506.128035288262,1,72a4b77e3791eab072bccfcb1341068246fe8e3200facb029368f87cb72c4e8f,0.0,11.063044900508514,LB,105,1,time_critical_lightweight,task_time_critical_lightweight_11,emergency,0,1,0.8832814159350445
90171fbe6c43d824744bf74c21cfb67be192844fb30442991e2a129a5952d714,0,1,truck_2,740.0,37,1.0,beta_c_0.16,19200.0,960,800.0,0,,-1,E7,delivered,-1,37,LB-v1-20260822,800.0,-1,96.54777720445192,100.0,ER-HLNS-parallel-rescue,3049.050045046094,3049.050045046094,1,7a804c8bd8d578c33a326a117c3fe4b8bc51e9046df91fc23903e82e3a610934,0.0,96.54777720445192,LB,106,1,routine_bulk,task_routine_bulk_0,normal,1,0,0.3041748807187687
90171fbe6c43d824744bf74c21cfb67be192844fb30442991e2a129a5952d714,291,1,truck_0,11260.0,563,1.0,beta_c_0.16,20400.0,1020,800.0,0,,-1,E7,delivered,249,563,LB-v1-20260822,800.0,562,55.67587783506999,100.0,ER-HLNS-parallel-rescue,11755.03202291802,11755.03202291802,1,7a804c8bd8d578c33a326a117c3fe4b8bc51e9046df91fc23903e82e3a610934,0.0,55.67587783506999,LB,106,1,routine_bulk,task_routine_bulk_1,normal,1,0,0.23717705835687986
90171fbe6c43d824744bf74c21cfb67be192844fb30442991e2a129a5952d714,140,0,None,-1.0,-1,0.0,beta_c_0.16,21600.0,1080,800.0,1,deadline_exceeded,1081,E7,failed,204,-1,LB-v1-20260822,0.0,399,20.801206276397178,100.0,ER-HLNS-parallel-rescue,7762.225913505712,7762.225913505712,0,7a804c8bd8d578c33a326a117c3fe4b8bc51e9046df91fc23903e82e3a610934,800.0,0.0,LB,106,0,routine_bulk,task_routine_bulk_2,normal,1,0,0.20180158138940132
90171fbe6c43d824744bf74c21cfb67be192844fb30442991e2a129a5952d714,94,0,None,-1.0,-1,0.0,beta_c_0.16,22800.0,1140,800.0,1,lifeline_zero,1126,E7,failed,167,-1,LB-v1-20260822,0.0,260,0.0,100.0,ER-HLNS-parallel-rescue,7568.718729445891,7568.718729445891,0,7a804c8bd8d578c33a326a117c3fe4b8bc51e9046df91fc23903e82e3a610934,800.0,0.0,LB,106,0,routine_bulk,task_routine_bulk_3,normal,1,0,0.3703078937759816
90171fbe6c43d824744bf74c21cfb67be192844fb30442991e2a129a5952d714,0,1,truck_3,2120.0,106,1.0,beta_c_0.16,24000.0,1200,800.0,0,,-1,E7,delivered,-1,106,LB-v1-20260822,800.0,-1,91.41083586159287,100.0,ER-HLNS-parallel-rescue,7346.585050938757,7346.585050938757,1,7a804c8bd8d578c33a326a117c3fe4b8bc51e9046df91fc23903e82e3a610934,0.0,91.41083586159287,LB,106,1,routine_bulk,task_routine_bulk_4,normal,1,0,0.25635863431386674
90171fbe6c43d824744bf74c21cfb67be192844fb30442991e2a129a5952d714,9,1,truck_0,180.0,9,1.0,beta_c_0.16,25200.0,1260,800.0,0,,-1,E7,delivered,0,9,LB-v1-20260822,800.0,8,98.94528326534876,100.0,ER-HLNS-parallel-rescue,321.7564136050573,321.7564136050573,1,7a804c8bd8d578c33a326a117c3fe4b8bc51e9046df91fc23903e82e3a610934,0.0,98.94528326534876,LB,106,1,routine_bulk,task_routine_bulk_5,normal,1,0,0.5920820278261801
90171fbe6c43d824744bf74c21cfb67be192844fb30442991e2a129a5952d714,14,1,truck_3,280.0,14,1.0,beta_c_0.16,26400.0,1320,800.0,0,,-1,E7,delivered,0,14,LB-v1-20260822,800.0,13,98.72376561355583,100.0,ER-HLNS-parallel-rescue,741.1163378438463,741.1163378438463,1,7a804c8bd8d578c33a326a117c3fe4b8bc51e9046df91fc23903e82e3a610934,0.0,98.72376561355583,LB,106,1,routine_bulk,task_routine_bulk_6,normal,1,0,0.3294775831790963
90171fbe6c43d824744bf74c21cfb67be192844fb30442991e2a129a5952d714,28,0,None,-1.0,-1,0.0,beta_c_0.16,27600.0,1380,800.0,1,lifeline_zero,947,E7,failed,138,-1,LB-v1-20260822,0.0,335,0.0,100.0,ER-HLNS-parallel-rescue,4309.209615779867,4309.209615779867,0,7a804c8bd8d578c33a326a117c3fe4b8bc51e9046df91fc23903e82e3a610934,800.0,0.0,LB,106,0,routine_bulk,task_routine_bulk_7,normal,1,0,0.5555376124004635
90171fbe6c43d824744bf74c21cfb67be192844fb30442991e2a129a5952d714,75,1,uav_2,6720.0,336,1.0,beta_c_0.16,12000.0,600,50.0,0,,-1,E7,delivered,261,336,LB-v1-20260822,50.0,335,17.60767721735057,100.0,ER-HLNS-parallel-rescue,11354.674767540788,11354.674767540788,1,7a804c8bd8d578c33a326a117c3fe4b8bc51e9046df91fc23903e82e3a610934,0.0,17.60767721735057,LB,106,1,time_critical_lightweight,task_time_critical_lightweight_0,emergency,0,1,0.774646165207239
90171fbe6c43d824744bf74c21cfb67be192844fb30442991e2a129a5952d714,85,1,uav_2,1700.0,85,1.0,beta_c_0.16,12600.0,630,50.0,0,,-1,E7,delivered,0,85,LB-v1-20260822,50.0,84,76.82236382157997,100.0,ER-HLNS-parallel-rescue,7230.961196434538,7230.961196434538,1,7a804c8bd8d578c33a326a117c3fe4b8bc51e9046df91fc23903e82e3a610934,0.0,76.82236382157997,LB,106,1,time_critical_lightweight,task_time_critical_lightweight_1,emergency,0,1,0.7809525578988008
90171fbe6c43d824744bf74c21cfb67be192844fb30442991e2a129a5952d714,99,1,uav_3,3720.0,186,1.0,beta_c_0.16,13200.0,660,50.0,0,,-1,E7,delivered,27,186,LB-v1-20260822,50.0,185,48.131117209086476,100.0,ER-HLNS-parallel-rescue,9555.659530191586,9555.659530191586,1,7a804c8bd8d578c33a326a117c3fe4b8bc51e9046df91fc23903e82e3a610934,0.0,48.131117209086476,LB,106,1,time_critical_lightweight,task_time_critical_lightweight_2,emergency,0,1,0.9049880278821211
90171fbe6c43d824744bf74c21cfb67be192844fb30442991e2a129a5952d714,27,1,uav_1,540.0,27,1.0,beta_c_0.16,13800.0,690,50.0,0,,-1,E7,delivered,0,27,LB-v1-20260822,50.0,26,93.00445070480745,100.0,ER-HLNS-parallel-rescue,2616.5347358552845,2616.5347358552845,1,7a804c8bd8d578c33a326a117c3fe4b8bc51e9046df91fc23903e82e3a610934,0.0,93.00445070480745,LB,106,1,time_critical_lightweight,task_time_critical_lightweight_3,emergency,0,1,0.7465918500496874
90171fbe6c43d824744bf74c21cfb67be192844fb30442991e2a129a5952d714,84,1,uav_0,1860.0,93,1.0,beta_c_0.16,14400.0,720,50.0,0,,-1,E7,delivered,9,93,LB-v1-20260822,50.0,92,73.57151893069266,100.0,ER-HLNS-parallel-rescue,4481.754838637108,4481.754838637108,1,7a804c8bd8d578c33a326a117c3fe4b8bc51e9046df91fc23903e82e3a610934,0.0,73.57151893069266,LB,106,1,time_critical_lightweight,task_time_critical_lightweight_4,emergency,0,1,0.7312565824232282
90171fbe6c43d824744bf74c21cfb67be192844fb30442991e2a129a5952d714,73,1,uav_2,3340.0,167,1.0,beta_c_0.16,15000.0,750,50.0,0,,-1,E7,delivered,94,167,LB-v1-20260822,50.0,166,52.66331650386104,100.0,ER-HLNS-parallel-rescue,9318.293364685915,9318.293364685915,1,7a804c8bd8d578c33a326a117c3fe4b8bc51e9046df91fc23903e82e3a610934,0.0,52.66331650386104,LB,106,1,time_critical_lightweight,task_time_critical_lightweight_5,emergency,0,1,0.9426048541447214
90171fbe6c43d824744bf74c21cfb67be192844fb30442991e2a129a5952d714,9,1,uav_2,1880.0,94,1.0,beta_c_0.16,15600.0,780,50.0,0,,-1,E7,delivered,85,94,LB-v1-20260822,50.0,93,74.15179835932494,100.0,ER-HLNS-parallel-rescue,8013.192717317415,8013.192717317415,1,7a804c8bd8d578c33a326a117c3fe4b8bc51e9046df91fc23903e82e3a610934,0.0,74.15179835932494,LB,106,1,time_critical_lightweight,task_time_critical_lightweight_6,emergency,0,1,0.8110072138332803
90171fbe6c43d824744bf74c21cfb67be192844fb30442991e2a129a5952d714,54,1,uav_3,5920.0,296,1.0,beta_c_0.16,17160.0,858,50.0,0,,-1,E7,delivered,242,296,LB-v1-20260822,50.0,295,9.774424800863052,100.0,ER-HLNS-parallel-rescue,13599.829777370682,13599.829777370682,1,7a804c8bd8d578c33a326a117c3fe4b8bc51e9046df91fc23903e82e3a610934,0.0,9.774424800863052,LB,106,1,time_critical_lightweight,task_time_critical_lightweight_7,emergency,0,1,0.8975879731334194
90171fbe6c43d824744bf74c21cfb67be192844fb30442991e2a129a5952d714,89,1,uav_4,3860.0,193,1.0,beta_c_0.16,16800.0,840,50.0,0,,-1,E7,delivered,94,193,LB-v1-20260822,50.0,192,44.31835304804396,100.0,ER-HLNS-parallel-rescue,9583.174302716527,9583.174302716527,1,7a804c8bd8d578c33a326a117c3fe4b8bc51e9046df91fc23903e82e3a610934,0.0,44.31835304804396,LB,106,1,time_critical_lightweight,task_time_critical_lightweight_8,emergency,0,1,0.9606920144075497
90171fbe6c43d824744bf74c21cfb67be192844fb30442991e2a129a5952d714,56,1,uav_0,4980.0,249,1.0,beta_c_0.16,18360.0,918,50.0,0,,-1,E7,delivered,193,249,LB-v1-20260822,50.0,248,35.79107119939801,100.0,ER-HLNS-parallel-rescue,11419.695818305287,11419.695818305287,1,7a804c8bd8d578c33a326a117c3fe4b8bc51e9046df91fc23903e82e3a610934,0.0,35.79107119939801,LB,106,1,time_critical_lightweight,task_time_critical_lightweight_9,emergency,0,1,0.7350690289126702
90171fbe6c43d824744bf74c21cfb67be192844fb30442991e2a129a5952d714,154,1,uav_3,3940.0,197,1.0,beta_c_0.16,18960.0,948,50.0,0,,-1,E7,delivered,14,197,LB-v1-20260822,50.0,203,48.886185338224934,100.0,ER-HLNS-parallel-rescue,9944.256660494088,9944.256660494088,1,7a804c8bd8d578c33a326a117c3fe4b8bc51e9046df91fc23903e82e3a610934,0.0,48.886185338224934,LB,106,1,time_critical_lightweight,task_time_critical_lightweight_10,emergency,0,1,0.8116832852154032
90171fbe6c43d824744bf74c21cfb67be192844fb30442991e2a129a5952d714,145,1,uav_3,4940.0,247,1.0,beta_c_0.16,18600.0,930,50.0,0,,-1,E7,delivered,90,247,LB-v1-20260822,50.0,246,34.7376909170944,100.0,ER-HLNS-parallel-rescue,9249.538160907647,9249.538160907647,1,7a804c8bd8d578c33a326a117c3fe4b8bc51e9046df91fc23903e82e3a610934,0.0,34.7376909170944,LB,106,1,time_critical_lightweight,task_time_critical_lightweight_11,emergency,0,1,0.8206547515719875
90171fbe6c43d824744bf74c21cfb67be192844fb30442991e2a129a5952d714,0,1,truck_3,2500.0,125,1.0,beta_c_0.16,19200.0,960,800.0,0,,-1,E7,delivered,-1,125,LB-v1-20260822,800.0,-1,86.53595358227145,100.0,ER-HLNS-parallel-rescue,4676.861376701063,4676.861376701063,1,32c9394d4af74227fd08e45523b2e0e695dacb45570ab806ea7eb6c0dab7bc8a,0.0,86.53595358227145,LB,107,1,routine_bulk,task_routine_bulk_0,normal,1,0,0.5706680857831006
90171fbe6c43d824744bf74c21cfb67be192844fb30442991e2a129a5952d714,62,1,truck_0,2480.0,124,1.0,beta_c_0.16,20400.0,1020,800.0,0,,-1,E7,delivered,62,124,LB-v1-20260822,800.0,123,89.97671937454982,100.0,ER-HLNS-parallel-rescue,4365.266097324558,4365.266097324558,1,32c9394d4af74227fd08e45523b2e0e695dacb45570ab806ea7eb6c0dab7bc8a,0.0,89.97671937454982,LB,107,1,routine_bulk,task_routine_bulk_1,normal,1,0,0.2966517718910157
90171fbe6c43d824744bf74c21cfb67be192844fb30442991e2a129a5952d714,0,1,truck_0,760.0,38,1.0,beta_c_0.16,21600.0,1080,800.0,0,,-1,E7,delivered,-1,38,LB-v1-20260822,800.0,-1,95.95163454467597,100.0,ER-HLNS-parallel-rescue,3168.672550952722,3168.672550952722,1,32c9394d4af74227fd08e45523b2e0e695dacb45570ab806ea7eb6c0dab7bc8a,0.0,95.95163454467597,LB,107,1,routine_bulk,task_routine_bulk_2,normal,1,0,0.5547067970949975
90171fbe6c43d824744bf74c21cfb67be192844fb30442991e2a129a5952d714,0,1,truck_0,2780.0,139,1.0,beta_c_0.16,22800.0,1140,800.0,0,,-1,E7,delivered,-1,139,LB-v1-20260822,800.0,-1,89.38189482261204,100.0,ER-HLNS-parallel-rescue,3245.16352904983,3245.16352904983,1,32c9394d4af74227fd08e45523b2e0e695dacb45570ab806ea7eb6c0dab7bc8a,0.0,89.38189482261204,LB,107,1,routine_bulk,task_routine_bulk_3,normal,1,0,0.2436562031867523
90171fbe6c43d824744bf74c21cfb67be192844fb30442991e2a129a5952d714,68,1,truck_3,3540.0,177,1.0,beta_c_0.16,24000.0,1200,800.0,0,,-1,E7,delivered,109,177,LB-v1-20260822,800.0,176,83.45777799140325,100.0,ER-HLNS-parallel-rescue,5980.171646239756,5980.171646239756,1,32c9394d4af74227fd08e45523b2e0e695dacb45570ab806ea7eb6c0dab7bc8a,0.0,83.45777799140325,LB,107,1,routine_bulk,task_routine_bulk_4,normal,1,0,0.4304808019757515
90171fbe6c43d824744bf74c21cfb67be192844fb30442991e2a129a5952d714,83,1,truck_1,4480.0,224,1.0,beta_c_0.16,25200.0,1260,800.0,0,,-1,E7,delivered,91,224,LB-v1-20260822,800.0,223,79.54870102316546,100.0,ER-HLNS-parallel-rescue,4790.794991940095,4790.794991940095,1,32c9394d4af74227fd08e45523b2e0e695dacb45570ab806ea7eb6c0dab7bc8a,0.0,79.54870102316546,LB,107,1,routine_bulk,task_routine_bulk_5,normal,1,0,0.3804450519899658
90171fbe6c43d824744bf74c21cfb67be192844fb30442991e2a129a5952d714,210,0,None,-1.0,-1,0.0,beta_c_0.16,26400.0,1320,800.0,1,lifeline_zero,1299,E7,failed,157,-1,LB-v1-20260822,0.0,395,0.0,100.0,ER-HLNS-parallel-rescue,9323.57765247018,9323.57765247018,0,32c9394d4af74227fd08e45523b2e0e695dacb45570ab806ea7eb6c0dab7bc8a,800.0,0.0,LB,107,0,routine_bulk,task_routine_bulk_6,normal,1,0,0.2221731791610967
90171fbe6c43d824744bf74c21cfb67be192844fb30442991e2a129a5952d714,101,1,truck_0,4900.0,245,1.0,beta_c_0.16,27600.0,1380,800.0,0,,-1,E7,delivered,124,245,LB-v1-20260822,800.0,244,76.47517362452754,100.0,ER-HLNS-parallel-rescue,2675.351273261336,2675.351273261336,1,32c9394d4af74227fd08e45523b2e0e695dacb45570ab806ea7eb6c0dab7bc8a,0.0,76.47517362452754,LB,107,1,routine_bulk,task_routine_bulk_7,normal,1,0,0.4377062722154169
90171fbe6c43d824744bf74c21cfb67be192844fb30442991e2a129a5952d714,142,1,uav_0,3640.0,182,1.0,beta_c_0.16,12000.0,600,50.0,0,,-1,E7,delivered,22,182,LB-v1-20260822,50.0,181,51.59161730579049,100.0,ER-HLNS-parallel-rescue,5394.62580921223,5394.62580921223,1,32c9394d4af74227fd08e45523b2e0e695dacb45570ab806ea7eb6c0dab7bc8a,0.0,51.59161730579049,LB,107,1,time_critical_lightweight,task_time_critical_lightweight_0,emergency,0,1,0.8302499593770897
90171fbe6c43d824744bf74c21cfb67be192844fb30442991e2a129a5952d714,15,1,uav_3,300.0,15,1.0,beta_c_0.16,12600.0,630,50.0,0,,-1,E7,delivered,0,15,LB-v1-20260822,50.0,14,95.9962208510408,100.0,ER-HLNS-parallel-rescue,1255.9076213524656,1255.9076213524656,1,32c9394d4af74227fd08e45523b2e0e695dacb45570ab806ea7eb6c0dab7bc8a,0.0,95.9962208510408,LB,107,1,time_critical_lightweight,task_time_critical_lightweight_1,emergency,0,1,0.7411016998019768
90171fbe6c43d824744bf74c21cfb67be192844fb30442991e2a129a5952d714,20,1,uav_1,1640.0,82,1.0,beta_c_0.16,14160.0,708,50.0,0,,-1,E7,delivered,62,82,LB-v1-20260822,50.0,81,80.1694278620816,100.0,ER-HLNS-parallel-rescue,8978.493170966221,8978.493170966221,1,32c9394d4af74227fd08e45523b2e0e695dacb45570ab806ea7eb6c0dab7bc8a,0.0,80.1694278620816,LB,107,1,time_critical_lightweight,task_time_critical_lightweight_2,emergency,0,1,0.7545769185202815
90171fbe6c43d824744bf74c21cfb67be192844fb30442991e2a129a5952d714,9,1,uav_5,2140.0,107,1.0,beta_c_0.16,14760.0,738,50.0,0,,-1,E7,delivered,82,107,LB-v1-20260822,50.0,90,72.63028529412988,100.0,ER-HLNS-parallel-rescue,9241.05280832803,9241.05280832803,1,32c9394d4af74227fd08e45523b2e0e695dacb45570ab806ea7eb6c0dab7bc8a,0.0,72.63028529412988,LB,107,1,time_critical_lightweight,task_time_critical_lightweight_3,emergency,0,1,0.8390694278116883
90171fbe6c43d824744bf74c21cfb67be192844fb30442991e2a129a5952d714,28,1,uav_0,560.0,28,1.0,beta_c_0.16,14400.0,720,50.0,0,,-1,E7,delivered,0,28,LB-v1-20260822,50.0,27,92.75628151630488,100.0,ER-HLNS-parallel-rescue,2739.1399798010775,2739.1399798010775,1,32c9394d4af74227fd08e45523b2e0e695dacb45570ab806ea7eb6c0dab7bc8a,0.0,92.75628151630488,LB,107,1,time_critical_lightweight,task_time_critical_lightweight_4,emergency,0,1,0.8046278717993235
90171fbe6c43d824744bf74c21cfb67be192844fb30442991e2a129a5952d714,94,1,uav_3,2180.0,109,1.0,beta_c_0.16,15000.0,750,50.0,0,,-1,E7,delivered,15,109,LB-v1-20260822,50.0,108,69.71429986988005,100.0,ER-HLNS-parallel-rescue,3797.4401881228073,3797.4401881228073,1,32c9394d4af74227fd08e45523b2e0e695dacb45570ab806ea7eb6c0dab7bc8a,0.0,69.71429986988005,LB,107,1,time_critical_lightweight,task_time_critical_lightweight_5,emergency,0,1,0.90085693700648
90171fbe6c43d824744bf74c21cfb67be192844fb30442991e2a129a5952d714,9,1,uav_2,3320.0,166,1.0,beta_c_0.16,15600.0,780,50.0,0,,-1,E7,delivered,157,166,LB-v1-20260822,50.0,165,56.910656809742214,100.0,ER-HLNS-parallel-rescue,5747.812352952764,5747.812352952764,1,32c9394d4af74227fd08e45523b2e0e695dacb45570ab806ea7eb6c0dab7bc8a,0.0,56.910656809742214,LB,107,1,time_critical_lightweight,task_time_critical_lightweight_6,emergency,0,1,0.7731538051901221
90171fbe6c43d824744bf74c21cfb67be192844fb30442991e2a129a5952d714,34,1,uav_2,4140.0,207,1.0,beta_c_0.16,17160.0,858,50.0,0,,-1,E7,delivered,173,207,LB-v1-20260822,50.0,206,45.81817932900498,100.0,ER-HLNS-parallel-rescue,9338.434762348648,9338.434762348648,1,32c9394d4af74227fd08e45523b2e0e695dacb45570ab806ea7eb6c0dab7bc8a,0.0,45.81817932900498,LB,107,1,time_critical_lightweight,task_time_critical_lightweight_7,emergency,0,1,0.8164838175840352
90171fbe6c43d824744bf74c21cfb67be192844fb30442991e2a129a5952d714,34,1,uav_4,1060.0,53,1.0,beta_c_0.16,16800.0,840,50.0,0,,-1,E7,delivered,28,53,LB-v1-20260822,50.0,61,84.48089645582097,100.0,ER-HLNS-parallel-rescue,4433.27498858184,4433.27498858184,1,32c9394d4af74227fd08e45523b2e0e695dacb45570ab806ea7eb6c0dab7bc8a,0.0,84.48089645582097,LB,107,1,time_critical_lightweight,task_time_critical_lightweight_8,emergency,0,1,0.969115762600605
90171fbe6c43d824744bf74c21cfb67be192844fb30442991e2a129a5952d714,22,1,uav_2,440.0,22,1.0,beta_c_0.16,17400.0,870,50.0,0,,-1,E7,delivered,0,22,LB-v1-20260822,50.0,21,93.08358005640582,100.0,ER-HLNS-parallel-rescue,1706.9408225484358,1706.9408225484358,1,32c9394d4af74227fd08e45523b2e0e695dacb45570ab806ea7eb6c0dab7bc8a,0.0,93.08358005640582,LB,107,1,time_critical_lightweight,task_time_critical_lightweight_9,emergency,0,1,0.9597035886893125
90171fbe6c43d824744bf74c21cfb67be192844fb30442991e2a129a5952d714,50,1,uav_1,1000.0,50,1.0,beta_c_0.16,18000.0,900,50.0,0,,-1,E7,delivered,0,50,LB-v1-20260822,50.0,49,86.67123797883067,100.0,ER-HLNS-parallel-rescue,3763.818128189182,3763.818128189182,1,32c9394d4af74227fd08e45523b2e0e695dacb45570ab806ea7eb6c0dab7bc8a,0.0,86.67123797883067,LB,107,1,time_critical_lightweight,task_time_critical_lightweight_10,emergency,0,1,0.8653418966582734
90171fbe6c43d824744bf74c21cfb67be192844fb30442991e2a129a5952d714,12,1,uav_5,1160.0,58,1.0,beta_c_0.16,18600.0,930,50.0,0,,-1,E7,delivered,50,58,LB-v1-20260822,50.0,61,83.46254470502949,100.0,ER-HLNS-parallel-rescue,5710.389558214626,5710.389558214626,1,32c9394d4af74227fd08e45523b2e0e695dacb45570ab806ea7eb6c0dab7bc8a,0.0,83.46254470502949,LB,107,1,time_critical_lightweight,task_time_critical_lightweight_11,emergency,0,1,0.961564265025886
90171fbe6c43d824744bf74c21cfb67be192844fb30442991e2a129a5952d714,9,1,truck_3,1860.0,93,1.0,beta_c_0.16,19200.0,960,800.0,0,,-1,E7,delivered,84,93,LB-v1-20260822,800.0,92,89.4473381923459,100.0,ER-HLNS-parallel-rescue,2859.966141595017,2859.966141595017,1,b503e3e8d452c8acd6b5b13174051b7db268a3fbb2867fd97e1b7529bfd341f1,0.0,89.4473381923459,LB,108,1,routine_bulk,task_routine_bulk_0,normal,1,0,0.5609855287075038
90171fbe6c43d824744bf74c21cfb67be192844fb30442991e2a129a5952d714,0,1,truck_1,2880.0,144,1.0,beta_c_0.16,20400.0,1020,800.0,0,,-1,E7,delivered,-1,144,LB-v1-20260822,800.0,-1,84.38583506109921,100.0,ER-HLNS-parallel-rescue,5637.344423392569,5637.344423392569,1,b503e3e8d452c8acd6b5b13174051b7db268a3fbb2867fd97e1b7529bfd341f1,0.0,84.38583506109921,LB,108,1,routine_bulk,task_routine_bulk_1,normal,1,0,0.501236365885313
90171fbe6c43d824744bf74c21cfb67be192844fb30442991e2a129a5952d714,429,0,None,-1.0,-1,0.0,beta_c_0.16,21600.0,1080,800.0,1,lifeline_zero,962,E7,failed,500,-1,LB-v1-20260822,0.0,928,0.0,100.0,ER-HLNS-parallel-rescue,9942.057192264663,9942.057192264663,0,b503e3e8d452c8acd6b5b13174051b7db268a3fbb2867fd97e1b7529bfd341f1,800.0,0.0,LB,108,0,routine_bulk,task_routine_bulk_2,normal,1,0,0.5555026708663071
90171fbe6c43d824744bf74c21cfb67be192844fb30442991e2a129a5952d714,0,1,truck_0,1020.0,51,1.0,beta_c_0.16,22800.0,1140,800.0,0,,-1,E7,delivered,-1,51,LB-v1-20260822,800.0,-1,95.56548672714192,100.0,ER-HLNS-parallel-rescue,4666.121541604554,4666.121541604554,1,b503e3e8d452c8acd6b5b13174051b7db268a3fbb2867fd97e1b7529bfd341f1,0.0,95.56548672714192,LB,108,1,routine_bulk,task_routine_bulk_3,normal,1,0,0.3185650985937015
90171fbe6c43d824744bf74c21cfb67be192844fb30442991e2a129a5952d714,240,0,None,-1.0,-1,0.0,beta_c_0.16,24000.0,1200,800.0,1,lifeline_zero,1157,E7,failed,488,-1,LB-v1-20260822,0.0,1156,0.0,100.0,ER-HLNS-parallel-rescue,6781.35066497251,6781.35066497251,0,b503e3e8d452c8acd6b5b13174051b7db268a3fbb2867fd97e1b7529bfd341f1,800.0,0.0,LB,108,0,routine_bulk,task_routine_bulk_4,normal,1,0,0.34064574335616304
90171fbe6c43d824744bf74c21cfb67be192844fb30442991e2a129a5952d714,0,1,truck_1,1140.0,57,1.0,beta_c_0.16,25200.0,1260,800.0,0,,-1,E7,delivered,-1,57,LB-v1-20260822,800.0,-1,95.20410833797288,100.0,ER-HLNS-parallel-rescue,4155.704745337662,4155.704745337662,1,b503e3e8d452c8acd6b5b13174051b7db268a3fbb2867fd97e1b7529bfd341f1,0.0,95.20410833797288,LB,108,1,routine_bulk,task_routine_bulk_5,normal,1,0,0.25864485362533485
90171fbe6c43d824744bf74c21cfb67be192844fb30442991e2a129a5952d714,12,0,None,-1.0,-1,0.0,beta_c_0.16,26400.0,1320,800.0,1,lifeline_zero,1141,E7,failed,222,-1,LB-v1-20260822,0.0,233,0.0,100.0,ER-HLNS-parallel-rescue,10185.81922082076,10185.81922082076,0,b503e3e8d452c8acd6b5b13174051b7db268a3fbb2867fd97e1b7529bfd341f1,800.0,0.0,LB,108,0,routine_bulk,task_routine_bulk_6,normal,1,0,0.343202237017046
90171fbe6c43d824744bf74c21cfb67be192844fb30442991e2a129a5952d714,30,1,truck_1,4220.0,211,1.0,beta_c_0.16,27600.0,1380,800.0,0,,-1,E7,delivered,145,211,LB-v1-20260822,800.0,174,75.48692637561508,100.0,ER-HLNS-parallel-rescue,7723.085120746713,7723.085120746713,1,b503e3e8d452c8acd6b5b13174051b7db268a3fbb2867fd97e1b7529bfd341f1,0.0,75.48692637561508,LB,108,1,routine_bulk,task_routine_bulk_7,normal,1,0,0.5744015331175518
90171fbe6c43d824744bf74c21cfb67be192844fb30442991e2a129a5952d714,28,1,uav_2,1520.0,76,1.0,beta_c_0.16,12000.0,600,50.0,0,,-1,E7,delivered,48,76,LB-v1-20260822,50.0,75,80.60770348345213,100.0,ER-HLNS-parallel-rescue,6586.287052661501,6586.287052661501,1,b503e3e8d452c8acd6b5b13174051b7db268a3fbb2867fd97e1b7529bfd341f1,0.0,80.60770348345213,LB,108,1,time_critical_lightweight,task_time_critical_lightweight_0,emergency,0,1,0.7335914098601112
90171fbe6c43d824744bf74c21cfb67be192844fb30442991e2a129a5952d714,25,1,uav_5,6780.0,339,1.0,beta_c_0.16,12600.0,630,50.0,0,,-1,E7,delivered,312,339,LB-v1-20260822,50.0,338,5.519408503293962,100.0,ER-HLNS-parallel-rescue,7574.794648674728,7574.794648674728,1,b503e3e8d452c8acd6b5b13174051b7db268a3fbb2867fd97e1b7529bfd341f1,0.0,5.519408503293962,LB,108,1,time_critical_lightweight,task_time_critical_lightweight_1,emergency,0,1,0.8868543307242109
90171fbe6c43d824744bf74c21cfb67be192844fb30442991e2a129a5952d714,38,1,uav_1,6520.0,326,1.0,beta_c_0.16,14160.0,708,50.0,0,,-1,E7,delivered,288,326,LB-v1-20260822,50.0,325,4.783569890787906,100.0,ER-HLNS-parallel-rescue,11991.929167998902,11991.929167998902,1,b503e3e8d452c8acd6b5b13174051b7db268a3fbb2867fd97e1b7529bfd341f1,0.0,4.783569890787906,LB,108,1,time_critical_lightweight,task_time_critical_lightweight_2,emergency,0,1,0.8622104462015817
90171fbe6c43d824744bf74c21cfb67be192844fb30442991e2a129a5952d714,49,0,None,-1.0,-1,0.0,beta_c_0.16,13800.0,690,50.0,1,lifeline_zero,340,E7,failed,234,-1,LB-v1-20260822,0.0,339,0.0,100.0,ER-HLNS-parallel-rescue,14817.022911695385,14817.022911695385,0,b503e3e8d452c8acd6b5b13174051b7db268a3fbb2867fd97e1b7529bfd341f1,50.0,0.0,LB,108,0,time_critical_lightweight,task_time_critical_lightweight_3,emergency,0,1,0.8776064072695569
90171fbe6c43d824744bf74c21cfb67be192844fb30442991e2a129a5952d714,71,1,uav_0,1420.0,71,1.0,beta_c_0.16,14400.0,720,50.0,0,,-1,E7,delivered,0,71,LB-v1-20260822,50.0,70,78.56819375352241,100.0,ER-HLNS-parallel-rescue,4754.029733786183,4754.029733786183,1,b503e3e8d452c8acd6b5b13174051b7db268a3fbb2867fd97e1b7529bfd341f1,0.0,78.56819375352241,LB,108,1,time_critical_lightweight,task_time_critical_lightweight_4,emergency,0,1,0.9812414865193095
90171fbe6c43d824744bf74c21cfb67be192844fb30442991e2a129a5952d714,148,0,None,-1.0,-1,0.0,beta_c_0.16,15960.0,798,50.0,1,lifeline_zero,416,E7,failed,268,-1,LB-v1-20260822,0.0,415,0.0,100.0,ER-HLNS-parallel-rescue,5403.282100579913,5403.282100579913,0,b503e3e8d452c8acd6b5b13174051b7db268a3fbb2867fd97e1b7529bfd341f1,50.0,0.0,LB,108,0,time_critical_lightweight,task_time_critical_lightweight_5,emergency,0,1,0.7361653400527843
90171fbe6c43d824744bf74c21cfb67be192844fb30442991e2a129a5952d714,67,1,uav_1,1340.0,67,1.0,beta_c_0.16,15600.0,780,50.0,0,,-1,E7,delivered,0,67,LB-v1-20260822,50.0,66,81.21285726486754,100.0,ER-HLNS-parallel-rescue,3513.9142900961356,3513.9142900961356,1,b503e3e8d452c8acd6b5b13174051b7db268a3fbb2867fd97e1b7529bfd341f1,0.0,81.21285726486754,LB,108,1,time_critical_lightweight,task_time_critical_lightweight_6,emergency,0,1,0.8281854223501783
90171fbe6c43d824744bf74c21cfb67be192844fb30442991e2a129a5952d714,168,0,None,-1.0,-1,0.0,beta_c_0.16,16200.0,810,50.0,1,lifeline_zero,341,E7,failed,67,-1,LB-v1-20260822,0.0,325,0.0,100.0,ER-HLNS-parallel-rescue,7067.058621787813,7067.058621787813,0,b503e3e8d452c8acd6b5b13174051b7db268a3fbb2867fd97e1b7529bfd341f1,50.0,0.0,LB,108,0,time_critical_lightweight,task_time_critical_lightweight_7,emergency,0,1,0.9473833365764368
90171fbe6c43d824744bf74c21cfb67be192844fb30442991e2a129a5952d714,197,1,uav_4,5360.0,268,1.0,beta_c_0.16,17760.0,888,50.0,0,,-1,E7,delivered,71,268,LB-v1-20260822,50.0,267,30.534719132174015,100.0,ER-HLNS-parallel-rescue,5522.774919186775,5522.774919186775,1,b503e3e8d452c8acd6b5b13174051b7db268a3fbb2867fd97e1b7529bfd341f1,0.0,30.534719132174015,LB,108,1,time_critical_lightweight,task_time_critical_lightweight_8,emergency,0,1,0.7862908118294443
90171fbe6c43d824744bf74c21cfb67be192844fb30442991e2a129a5952d714,213,0,None,-1.0,-1,0.0,beta_c_0.16,17400.0,870,50.0,1,lifeline_zero,380,E7,failed,0,-1,LB-v1-20260822,0.0,221,0.0,100.0,ER-HLNS-parallel-rescue,7007.472939544873,7007.472939544873,0,b503e3e8d452c8acd6b5b13174051b7db268a3fbb2867fd97e1b7529bfd341f1,50.0,0.0,LB,108,0,time_critical_lightweight,task_time_critical_lightweight_9,emergency,0,1,0.8110961246662984
90171fbe6c43d824744bf74c21cfb67be192844fb30442991e2a129a5952d714,162,1,uav_2,5360.0,268,1.0,beta_c_0.16,18000.0,900,50.0,0,,-1,E7,delivered,76,268,LB-v1-20260822,50.0,267,24.52707421394196,100.0,ER-HLNS-parallel-rescue,6550.917811156877,6550.917811156877,1,b503e3e8d452c8acd6b5b13174051b7db268a3fbb2867fd97e1b7529bfd341f1,0.0,24.52707421394196,LB,108,1,time_critical_lightweight,task_time_critical_lightweight_10,emergency,0,1,0.9060906911985231
90171fbe6c43d824744bf74c21cfb67be192844fb30442991e2a129a5952d714,48,1,uav_2,960.0,48,1.0,beta_c_0.16,18600.0,930,50.0,0,,-1,E7,delivered,0,48,LB-v1-20260822,50.0,47,86.33976982426212,100.0,ER-HLNS-parallel-rescue,4254.156063356919,4254.156063356919,1,b503e3e8d452c8acd6b5b13174051b7db268a3fbb2867fd97e1b7529bfd341f1,0.0,86.33976982426212,LB,108,1,time_critical_lightweight,task_time_critical_lightweight_11,emergency,0,1,0.8683274098138106
90171fbe6c43d824744bf74c21cfb67be192844fb30442991e2a129a5952d714,24,0,None,-1.0,-1,0.0,beta_c_0.16,19200.0,960,800.0,1,deadline_exceeded,961,E7,failed,112,-1,LB-v1-20260822,0.0,135,25.235682663606955,100.0,ER-HLNS-parallel-rescue,10438.47474817182,10438.47474817182,0,cd347302c1c6fd22c6c848735821292321259c7c507db6b9717c86536ad7c2c8,800.0,0.0,LB,109,0,routine_bulk,task_routine_bulk_0,normal,1,0,0.24372892426675105
90171fbe6c43d824744bf74c21cfb67be192844fb30442991e2a129a5952d714,25,1,truck_1,2740.0,137,1.0,beta_c_0.16,20400.0,1020,800.0,0,,-1,E7,delivered,112,137,LB-v1-20260822,800.0,136,86.04280410496554,100.0,ER-HLNS-parallel-rescue,7520.043271903724,7520.043271903724,1,cd347302c1c6fd22c6c848735821292321259c7c507db6b9717c86536ad7c2c8,0.0,86.04280410496554,LB,109,1,routine_bulk,task_routine_bulk_1,normal,1,0,0.5054521103748251
90171fbe6c43d824744bf74c21cfb67be192844fb30442991e2a129a5952d714,22,1,truck_3,2000.0,100,1.0,beta_c_0.16,21600.0,1080,800.0,0,,-1,E7,delivered,78,100,LB-v1-20260822,800.0,99,92.32313826039042,100.0,ER-HLNS-parallel-rescue,5862.2526887266995,5862.2526887266995,1,cd347302c1c6fd22c6c848735821292321259c7c507db6b9717c86536ad7c2c8,0.0,92.32313826039042,LB,109,1,routine_bulk,task_routine_bulk_2,normal,1,0,0.22819223062131908
90171fbe6c43d824744bf74c21cfb67be192844fb30442991e2a129a5952d714,89,1,truck_0,8100.0,405,1.0,beta_c_0.16,22800.0,1140,800.0,0,,-1,E7,delivered,302,405,LB-v1-20260822,800.0,404,55.278717180777505,100.0,ER-HLNS-parallel-rescue,9233.836204566593,9233.836204566593,1,cd347302c1c6fd22c6c848735821292321259c7c507db6b9717c86536ad7c2c8,0.0,55.278717180777505,LB,109,1,routine_bulk,task_routine_bulk_3,normal,1,0,0.5591597629199856
90171fbe6c43d824744bf74c21cfb67be192844fb30442991e2a129a5952d714,815,0,None,-1.0,-1,0.0,beta_c_0.16,24000.0,1200,800.0,1,lifeline_zero,951,E7,failed,136,-1,LB-v1-20260822,0.0,950,0.0,100.0,ER-HLNS-parallel-rescue,12264.704525287152,12264.704525287152,0,cd347302c1c6fd22c6c848735821292321259c7c507db6b9717c86536ad7c2c8,800.0,0.0,LB,109,0,routine_bulk,task_routine_bulk_4,normal,1,0,0.5182976821364798
90171fbe6c43d824744bf74c21cfb67be192844fb30442991e2a129a5952d714,12,0,None,-1.0,-1,0.0,beta_c_0.16,25200.0,1260,800.0,1,lifeline_zero,1149,E7,failed,124,-1,LB-v1-20260822,0.0,135,0.0,100.0,ER-HLNS-parallel-rescue,3180.3161628672265,3180.3161628672265,0,cd347302c1c6fd22c6c848735821292321259c7c507db6b9717c86536ad7c2c8,800.0,0.0,LB,109,0,routine_bulk,task_routine_bulk_5,normal,1,0,0.27498948731286477
90171fbe6c43d824744bf74c21cfb67be192844fb30442991e2a129a5952d714,51,1,truck_0,9120.0,456,1.0,beta_c_0.16,26400.0,1320,800.0,0,,-1,E7,delivered,405,456,LB-v1-20260822,800.0,455,58.61724347022913,100.0,ER-HLNS-parallel-rescue,7638.021133490483,7638.021133490483,1,cd347302c1c6fd22c6c848735821292321259c7c507db6b9717c86536ad7c2c8,0.0,58.61724347022913,LB,109,1,routine_bulk,task_routine_bulk_6,normal,1,0,0.35938088605341784
90171fbe6c43d824744bf74c21cfb67be192844fb30442991e2a129a5952d714,186,1,truck_0,5640.0,282,1.0,beta_c_0.16,27600.0,1380,800.0,0,,-1,E7,delivered,43,282,LB-v1-20260822,800.0,277,73.23236467366182,100.0,ER-HLNS-parallel-rescue,8669.41558612628,8669.41558612628,1,cd347302c1c6fd22c6c848735821292321259c7c507db6b9717c86536ad7c2c8,0.0,73.23236467366182,LB,109,1,routine_bulk,task_routine_bulk_7,normal,1,0,0.4023390026781324
90171fbe6c43d824744bf74c21cfb67be192844fb30442991e2a129a5952d714,21,1,uav_2,420.0,21,1.0,beta_c_0.16,12000.0,600,50.0,0,,-1,E7,delivered,0,21,LB-v1-20260822,50.0,20,93.7593992803546,100.0,ER-HLNS-parallel-rescue,1577.2702063913625,1577.2702063913625,1,cd347302c1c6fd22c6c848735821292321259c7c507db6b9717c86536ad7c2c8,0.0,93.7593992803546,LB,109,1,time_critical_lightweight,task_time_critical_lightweight_0,emergency,0,1,0.9897379983613447
90171fbe6c43d824744bf74c21cfb67be192844fb30442991e2a129a5952d714,61,1,uav_1,1220.0,61,1.0,beta_c_0.16,12600.0,630,50.0,0,,-1,E7,delivered,0,61,LB-v1-20260822,50.0,60,84.9902258473411,100.0,ER-HLNS-parallel-rescue,5275.816914731613,5275.816914731613,1,cd347302c1c6fd22c6c848735821292321259c7c507db6b9717c86536ad7c2c8,0.0,84.9902258473411,LB,109,1,time_critical_lightweight,task_time_critical_lightweight_1,emergency,0,1,0.706236225687008
90171fbe6c43d824744bf74c21cfb67be192844fb30442991e2a129a5952d714,14,0,None,-1.0,-1,0.0,beta_c_0.16,14160.0,708,50.0,1,lifeline_zero,388,E7,failed,374,-1,LB-v1-20260822,0.0,387,0.0,100.0,ER-HLNS-parallel-rescue,7167.574303002123,7167.574303002123,0,cd347302c1c6fd22c6c848735821292321259c7c507db6b9717c86536ad7c2c8,50.0,0.0,LB,109,0,time_critical_lightweight,task_time_critical_lightweight_2,emergency,0,1,0.7651739864753156
90171fbe6c43d824744bf74c21cfb67be192844fb30442991e2a129a5952d714,10,1,uav_5,760.0,38,1.0,beta_c_0.16,13800.0,690,50.0,0,,-1,E7,delivered,33,38,LB-v1-20260822,50.0,42,89.69545295898592,100.0,ER-HLNS-parallel-rescue,4619.729192645459,4619.729192645459,1,cd347302c1c6fd22c6c848735821292321259c7c507db6b9717c86536ad7c2c8,0.0,89.69545295898592,LB,109,1,time_critical_lightweight,task_time_critical_lightweight_3,emergency,0,1,0.8801124407111246
90171fbe6c43d824744bf74c21cfb67be192844fb30442991e2a129a5952d714,78,1,uav_4,1540.0,77,1.0,beta_c_0.16,14400.0,720,50.0,0,,-1,E7,delivered,0,77,LB-v1-20260822,50.0,77,79.34883229360157,100.0,ER-HLNS-parallel-rescue,6105.193827786443,6105.193827786443,1,cd347302c1c6fd22c6c848735821292321259c7c507db6b9717c86536ad7c2c8,0.0,79.34883229360157,LB,109,1,time_critical_lightweight,task_time_critical_lightweight_4,emergency,0,1,0.8306203940527022
90171fbe6c43d824744bf74c21cfb67be192844fb30442991e2a129a5952d714,28,1,uav_1,1780.0,89,1.0,beta_c_0.16,15000.0,750,50.0,0,,-1,E7,delivered,61,89,LB-v1-20260822,50.0,88,76.69623364164268,100.0,ER-HLNS-parallel-rescue,6540.461456185408,6540.461456185408,1,cd347302c1c6fd22c6c848735821292321259c7c507db6b9717c86536ad7c2c8,0.0,76.69623364164268,LB,109,1,time_critical_lightweight,task_time_critical_lightweight_5,emergency,0,1,0.7964834075936699
90171fbe6c43d824744bf74c21cfb67be192844fb30442991e2a129a5952d714,30,1,uav_3,940.0,47,1.0,beta_c_0.16,15600.0,780,50.0,0,,-1,E7,delivered,21,47,LB-v1-20260822,50.0,50,88.18130518134213,100.0,ER-HLNS-parallel-rescue,3351.9343996195735,3351.9343996195735,1,cd347302c1c6fd22c6c848735821292321259c7c507db6b9717c86536ad7c2c8,0.0,88.18130518134213,LB,109,1,time_critical_lightweight,task_time_critical_lightweight_6,emergency,0,1,0.7422776363571023
90171fbe6c43d824744bf74c21cfb67be192844fb30442991e2a129a5952d714,50,0,None,-1.0,-1,0.0,beta_c_0.16,17160.0,858,50.0,1,lifeline_zero,363,E7,failed,99,-1,LB-v1-20260822,0.0,172,0.0,100.0,ER-HLNS-parallel-rescue,13138.274295739013,13138.274295739013,0,cd347302c1c6fd22c6c848735821292321259c7c507db6b9717c86536ad7c2c8,50.0,0.0,LB,109,0,time_critical_lightweight,task_time_critical_lightweight_7,emergency,0,1,0.9318751313700842
90171fbe6c43d824744bf74c21cfb67be192844fb30442991e2a129a5952d714,24,1,uav_4,2480.0,124,1.0,beta_c_0.16,16800.0,840,50.0,0,,-1,E7,delivered,100,124,LB-v1-20260822,50.0,123,65.9010640571719,100.0,ER-HLNS-parallel-rescue,11519.668044062157,11519.668044062157,1,cd347302c1c6fd22c6c848735821292321259c7c507db6b9717c86536ad7c2c8,0.0,65.9010640571719,LB,109,1,time_critical_lightweight,task_time_critical_lightweight_8,emergency,0,1,0.923149714829651
90171fbe6c43d824744bf74c21cfb67be192844fb30442991e2a129a5952d714,61,1,uav_2,2500.0,125,1.0,beta_c_0.16,18360.0,918,50.0,0,,-1,E7,delivered,51,125,LB-v1-20260822,50.0,111,65.66211661951068,100.0,ER-HLNS-parallel-rescue,11888.945353220079,11888.945353220079,1,cd347302c1c6fd22c6c848735821292321259c7c507db6b9717c86536ad7c2c8,0.0,65.66211661951068,LB,109,1,time_critical_lightweight,task_time_critical_lightweight_9,emergency,0,1,0.9021797238988898
90171fbe6c43d824744bf74c21cfb67be192844fb30442991e2a129a5952d714,9,1,uav_1,1960.0,98,1.0,beta_c_0.16,18000.0,900,50.0,0,,-1,E7,delivered,89,98,LB-v1-20260822,50.0,97,75.2511330815198,100.0,ER-HLNS-parallel-rescue,7732.639919099127,7732.639919099127,1,cd347302c1c6fd22c6c848735821292321259c7c507db6b9717c86536ad7c2c8,0.0,75.2511330815198,LB,109,1,time_critical_lightweight,task_time_critical_lightweight_10,emergency,0,1,0.7471077952711116
90171fbe6c43d824744bf74c21cfb67be192844fb30442991e2a129a5952d714,33,1,uav_0,660.0,33,1.0,beta_c_0.16,18600.0,930,50.0,0,,-1,E7,delivered,0,33,LB-v1-20260822,50.0,32,90.35767004122832,100.0,ER-HLNS-parallel-rescue,3412.6611524252316,3412.6611524252316,1,cd347302c1c6fd22c6c848735821292321259c7c507db6b9717c86536ad7c2c8,0.0,90.35767004122832,LB,109,1,time_critical_lightweight,task_time_critical_lightweight_11,emergency,0,1,0.9989661728188876
f42d94b7a35f9f5e14c04ed4146758b88c85995349f206e13dfbc0af426c6024,115,1,truck_3,3260.0,163,1.0,beta_c_0.22,19200.0,960,800.0,0,,-1,E7,delivered,48,163,LB-v1-20260822,800.0,162,84.92370523540191,100.0,C-ALNS-MP,14039.592726000365,14039.592726000365,1,2a5a6bb7823ec182f44e3844532db419e6239e6f2791ab4e2c85a1e62616bdef,0.0,84.92370523540191,LB,101,1,routine_bulk,task_routine_bulk_0,normal,1,0,0.34837428108412444
f42d94b7a35f9f5e14c04ed4146758b88c85995349f206e13dfbc0af426c6024,91,1,truck_2,1820.0,91,1.0,beta_c_0.22,20400.0,1020,800.0,0,,-1,E7,delivered,0,91,LB-v1-20260822,800.0,90,91.18479475514165,100.0,C-ALNS-MP,7511.760618564474,7511.760618564474,1,2a5a6bb7823ec182f44e3844532db419e6239e6f2791ab4e2c85a1e62616bdef,0.0,91.18479475514165,LB,101,1,routine_bulk,task_routine_bulk_1,normal,1,0,0.30016368013188016
f42d94b7a35f9f5e14c04ed4146758b88c85995349f206e13dfbc0af426c6024,107,1,truck_3,4140.0,207,1.0,beta_c_0.22,21600.0,1080,800.0,0,,-1,E7,delivered,96,207,LB-v1-20260822,800.0,202,76.46107283312364,100.0,C-ALNS-MP,15315.096891728663,15315.096891728663,1,2a5a6bb7823ec182f44e3844532db419e6239e6f2791ab4e2c85a1e62616bdef,0.0,76.46107283312364,LB,101,1,routine_bulk,task_routine_bulk_2,normal,1,0,0.527261765850137
f42d94b7a35f9f5e14c04ed4146758b88c85995349f206e13dfbc0af426c6024,187,1,truck_0,5660.0,283,1.0,beta_c_0.22,22800.0,1140,800.0,0,,-1,E7,delivered,96,283,LB-v1-20260822,800.0,282,70.89296154154023,100.0,C-ALNS-MP,14102.848363601865,14102.848363601865,1,2a5a6bb7823ec182f44e3844532db419e6239e6f2791ab4e2c85a1e62616bdef,0.0,70.89296154154023,LB,101,1,routine_bulk,task_routine_bulk_3,normal,1,0,0.3882350364392335
f42d94b7a35f9f5e14c04ed4146758b88c85995349f206e13dfbc0af426c6024,90,1,truck_1,1800.0,90,1.0,beta_c_0.22,24000.0,1200,800.0,0,,-1,E7,delivered,0,90,LB-v1-20260822,800.0,89,90.37302611168272,100.0,C-ALNS-MP,7302.1073017293165,7302.1073017293165,1,2a5a6bb7823ec182f44e3844532db419e6239e6f2791ab4e2c85a1e62616bdef,0.0,90.37302611168272,LB,101,1,routine_bulk,task_routine_bulk_4,normal,1,0,0.5361043015918403
f42d94b7a35f9f5e14c04ed4146758b88c85995349f206e13dfbc0af426c6024,47,1,truck_0,940.0,47,1.0,beta_c_0.22,25200.0,1260,800.0,0,,-1,E7,delivered,0,47,LB-v1-20260822,800.0,46,95.45703455130577,100.0,C-ALNS-MP,3909.3896971690133,3909.3896971690133,1,2a5a6bb7823ec182f44e3844532db419e6239e6f2791ab4e2c85a1e62616bdef,0.0,95.45703455130577,LB,101,1,routine_bulk,task_routine_bulk_5,normal,1,0,0.42701883575488137
f42d94b7a35f9f5e14c04ed4146758b88c85995349f206e13dfbc0af426c6024,108,1,truck_3,2200.0,110,1.0,beta_c_0.22,26400.0,1320,800.0,0,,-1,E7,delivered,0,110,LB-v1-20260822,800.0,107,87.69504676064473,100.0,C-ALNS-MP,9533.630318869733,9533.630318869733,1,2a5a6bb7823ec182f44e3844532db419e6239e6f2791ab4e2c85a1e62616bdef,0.0,87.69504676064473,LB,101,1,routine_bulk,task_routine_bulk_6,normal,1,0,0.5142470258374676
f42d94b7a35f9f5e14c04ed4146758b88c85995349f206e13dfbc0af426c6024,202,0,None,-1.0,-1,0.0,beta_c_0.22,27600.0,1380,800.0,1,lifeline_zero,1121,E7,failed,108,-1,LB-v1-20260822,0.0,321,0.0,100.0,C-ALNS-MP,10348.908405801398,10348.908405801398,0,2a5a6bb7823ec182f44e3844532db419e6239e6f2791ab4e2c85a1e62616bdef,800.0,0.0,LB,101,0,routine_bulk,task_routine_bulk_7,normal,1,0,0.3879694663765369
f42d94b7a35f9f5e14c04ed4146758b88c85995349f206e13dfbc0af426c6024,0,0,None,-1.0,-1,0.0,beta_c_0.22,12000.0,600,50.0,1,lifeline_zero,224,E7,failed,-1,-1,LB-v1-20260822,0.0,-1,0.0,100.0,C-ALNS-MP,14151.4620521434,14151.4620521434,0,2a5a6bb7823ec182f44e3844532db419e6239e6f2791ab4e2c85a1e62616bdef,50.0,0.0,LB,101,0,time_critical_lightweight,task_time_critical_lightweight_0,emergency,0,1,0.9705680205086198
f42d94b7a35f9f5e14c04ed4146758b88c85995349f206e13dfbc0af426c6024,0,0,None,-1.0,-1,0.0,beta_c_0.22,13560.0,678,50.0,1,lifeline_zero,280,E7,failed,-1,-1,LB-v1-20260822,0.0,-1,0.0,100.0,C-ALNS-MP,9099.797527415509,9099.797527415509,0,2a5a6bb7823ec182f44e3844532db419e6239e6f2791ab4e2c85a1e62616bdef,50.0,0.0,LB,101,0,time_critical_lightweight,task_time_critical_lightweight_1,emergency,0,1,0.8194413770540239
f42d94b7a35f9f5e14c04ed4146758b88c85995349f206e13dfbc0af426c6024,166,0,None,-1.0,-1,0.0,beta_c_0.22,13200.0,660,50.0,1,lifeline_zero,290,E7,failed,0,-1,LB-v1-20260822,0.0,261,0.0,100.0,C-ALNS-MP,8636.287551441419,8636.287551441419,0,2a5a6bb7823ec182f44e3844532db419e6239e6f2791ab4e2c85a1e62616bdef,50.0,0.0,LB,101,0,time_critical_lightweight,task_time_critical_lightweight_2,emergency,0,1,0.7276929418213184
f42d94b7a35f9f5e14c04ed4146758b88c85995349f206e13dfbc0af426c6024,229,0,None,-1.0,-1,0.0,beta_c_0.22,14760.0,738,50.0,1,lifeline_zero,288,E7,failed,0,-1,LB-v1-20260822,0.0,287,0.0,100.0,C-ALNS-MP,10171.88886835233,10171.88886835233,0,2a5a6bb7823ec182f44e3844532db419e6239e6f2791ab4e2c85a1e62616bdef,50.0,0.0,LB,101,0,time_critical_lightweight,task_time_critical_lightweight_3,emergency,0,1,0.7687067091449796
f42d94b7a35f9f5e14c04ed4146758b88c85995349f206e13dfbc0af426c6024,98,1,uav_3,1960.0,98,1.0,beta_c_0.22,14400.0,720,50.0,0,,-1,E7,delivered,0,98,LB-v1-20260822,50.0,97,63.9046699564767,100.0,C-ALNS-MP,8972.910969096309,8972.910969096309,1,2a5a6bb7823ec182f44e3844532db419e6239e6f2791ab4e2c85a1e62616bdef,0.0,63.9046699564767,LB,101,1,time_critical_lightweight,task_time_critical_lightweight_4,emergency,0,1,0.7273830460494194
f42d94b7a35f9f5e14c04ed4146758b88c85995349f206e13dfbc0af426c6024,215,0,None,-1.0,-1,0.0,beta_c_0.22,15960.0,798,50.0,1,lifeline_zero,236,E7,failed,0,-1,LB-v1-20260822,0.0,214,0.0,100.0,C-ALNS-MP,14148.754445771634,14148.754445771634,0,2a5a6bb7823ec182f44e3844532db419e6239e6f2791ab4e2c85a1e62616bdef,50.0,0.0,LB,101,0,time_critical_lightweight,task_time_critical_lightweight_5,emergency,0,1,0.909737917292143
f42d94b7a35f9f5e14c04ed4146758b88c85995349f206e13dfbc0af426c6024,253,0,None,-1.0,-1,0.0,beta_c_0.22,15600.0,780,50.0,1,lifeline_zero,253,E7,failed,0,-1,LB-v1-20260822,0.0,252,0.0,100.0,C-ALNS-MP,2913.7706040409153,2913.7706040409153,0,2a5a6bb7823ec182f44e3844532db419e6239e6f2791ab4e2c85a1e62616bdef,50.0,0.0,LB,101,0,time_critical_lightweight,task_time_critical_lightweight_6,emergency,0,1,0.8705161474912566
f42d94b7a35f9f5e14c04ed4146758b88c85995349f206e13dfbc0af426c6024,192,0,None,-1.0,-1,0.0,beta_c_0.22,16200.0,810,50.0,1,lifeline_zero,239,E7,failed,0,-1,LB-v1-20260822,0.0,191,0.0,100.0,C-ALNS-MP,8419.216536800033,8419.216536800033,0,2a5a6bb7823ec182f44e3844532db419e6239e6f2791ab4e2c85a1e62616bdef,50.0,0.0,LB,101,0,time_critical_lightweight,task_time_critical_lightweight_7,emergency,0,1,0.989879628037199
f42d94b7a35f9f5e14c04ed4146758b88c85995349f206e13dfbc0af426c6024,84,0,None,-1.0,-1,0.0,beta_c_0.22,16800.0,840,50.0,1,lifeline_zero,257,E7,failed,72,-1,LB-v1-20260822,0.0,155,0.0,100.0,C-ALNS-MP,9649.370387536506,9649.370387536506,0,2a5a6bb7823ec182f44e3844532db419e6239e6f2791ab4e2c85a1e62616bdef,50.0,0.0,LB,101,0,time_critical_lightweight,task_time_critical_lightweight_8,emergency,0,1,0.9323581933558626
f42d94b7a35f9f5e14c04ed4146758b88c85995349f206e13dfbc0af426c6024,136,0,None,-1.0,-1,0.0,beta_c_0.22,17400.0,870,50.0,1,lifeline_zero,244,E7,failed,108,-1,LB-v1-20260822,0.0,243,0.0,100.0,C-ALNS-MP,2591.7846470285945,2591.7846470285945,0,2a5a6bb7823ec182f44e3844532db419e6239e6f2791ab4e2c85a1e62616bdef,50.0,0.0,LB,101,0,time_critical_lightweight,task_time_critical_lightweight_9,emergency,0,1,0.8933819856045042
f42d94b7a35f9f5e14c04ed4146758b88c85995349f206e13dfbc0af426c6024,0,1,uav_1,1240.0,62,1.0,beta_c_0.22,18000.0,900,50.0,0,,-1,E7,delivered,-1,62,LB-v1-20260822,50.0,-1,78.84215360206271,100.0,C-ALNS-MP,5472.170625762758,5472.170625762758,1,2a5a6bb7823ec182f44e3844532db419e6239e6f2791ab4e2c85a1e62616bdef,0.0,78.84215360206271,LB,101,1,time_critical_lightweight,task_time_critical_lightweight_10,emergency,0,1,0.7142148384795817
f42d94b7a35f9f5e14c04ed4146758b88c85995349f206e13dfbc0af426c6024,24,0,None,-1.0,-1,0.0,beta_c_0.22,18600.0,930,50.0,1,lifeline_zero,262,E7,failed,203,-1,LB-v1-20260822,0.0,226,0.0,100.0,C-ALNS-MP,1506.2906048252266,1506.2906048252266,0,2a5a6bb7823ec182f44e3844532db419e6239e6f2791ab4e2c85a1e62616bdef,50.0,0.0,LB,101,0,time_critical_lightweight,task_time_critical_lightweight_11,emergency,0,1,0.7467335094406772
f42d94b7a35f9f5e14c04ed4146758b88c85995349f206e13dfbc0af426c6024,67,1,truck_3,1340.0,67,1.0,beta_c_0.22,19200.0,960,800.0,0,,-1,E7,delivered,0,67,LB-v1-20260822,800.0,66,92.50381684741134,100.0,C-ALNS-MP,4712.939965300228,4712.939965300228,1,16843334a0974404f1c02bc2ae8ae627f60ccc0e5280a3eceff2741982ce7a9f,0.0,92.50381684741134,LB,100,1,routine_bulk,task_routine_bulk_0,normal,1,0,0.5914487685478238
f42d94b7a35f9f5e14c04ed4146758b88c85995349f206e13dfbc0af426c6024,43,1,truck_0,860.0,43,1.0,beta_c_0.22,20400.0,1020,800.0,0,,-1,E7,delivered,0,43,LB-v1-20260822,800.0,42,96.13998850373648,100.0,C-ALNS-MP,2651.3638511663926,2651.3638511663926,1,16843334a0974404f1c02bc2ae8ae627f60ccc0e5280a3eceff2741982ce7a9f,0.0,96.13998850373648,LB,100,1,routine_bulk,task_routine_bulk_1,normal,1,0,0.328770105116882
f42d94b7a35f9f5e14c04ed4146758b88c85995349f206e13dfbc0af426c6024,59,0,None,-1.0,-1,0.0,beta_c_0.22,21600.0,1080,800.0,1,lifeline_zero,935,E7,failed,59,-1,LB-v1-20260822,0.0,117,0.0,100.0,C-ALNS-MP,9455.797786582447,9455.797786582447,0,16843334a0974404f1c02bc2ae8ae627f60ccc0e5280a3eceff2741982ce7a9f,800.0,0.0,LB,100,0,routine_bulk,task_routine_bulk_2,normal,1,0,0.5197299581475797
f42d94b7a35f9f5e14c04ed4146758b88c85995349f206e13dfbc0af426c6024,162,1,truck_2,4180.0,209,1.0,beta_c_0.22,22800.0,1140,800.0,0,,-1,E7,delivered,47,209,LB-v1-20260822,800.0,208,79.15613398727501,100.0,C-ALNS-MP,7467.100925813267,7467.100925813267,1,16843334a0974404f1c02bc2ae8ae627f60ccc0e5280a3eceff2741982ce7a9f,0.0,79.15613398727501,LB,100,1,routine_bulk,task_routine_bulk_3,normal,1,0,0.363407140663305
f42d94b7a35f9f5e14c04ed4146758b88c85995349f206e13dfbc0af426c6024,53,1,truck_1,1060.0,53,1.0,beta_c_0.22,24000.0,1200,800.0,0,,-1,E7,delivered,0,53,LB-v1-20260822,800.0,52,95.32927811874183,100.0,C-ALNS-MP,4256.447388010565,4256.447388010565,1,16843334a0974404f1c02bc2ae8ae627f60ccc0e5280a3eceff2741982ce7a9f,0.0,95.32927811874183,LB,100,1,routine_bulk,task_routine_bulk_4,normal,1,0,0.2526593582373026
f42d94b7a35f9f5e14c04ed4146758b88c85995349f206e13dfbc0af426c6024,6,1,truck_3,1540.0,77,1.0,beta_c_0.22,25200.0,1260,800.0,0,,-1,E7,delivered,71,77,LB-v1-20260822,800.0,76,93.94857451029266,100.0,C-ALNS-MP,4838.850094689374,4838.850094689374,1,16843334a0974404f1c02bc2ae8ae627f60ccc0e5280a3eceff2741982ce7a9f,0.0,93.94857451029266,LB,100,1,routine_bulk,task_routine_bulk_5,normal,1,0,0.23296054817545986
f42d94b7a35f9f5e14c04ed4146758b88c85995349f206e13dfbc0af426c6024,47,0,None,-1.0,-1,0.0,beta_c_0.22,26400.0,1320,800.0,1,lifeline_zero,1009,E7,failed,71,-1,LB-v1-20260822,0.0,117,0.0,100.0,C-ALNS-MP,11793.267377757751,11793.267377757751,0,16843334a0974404f1c02bc2ae8ae627f60ccc0e5280a3eceff2741982ce7a9f,800.0,0.0,LB,100,0,routine_bulk,task_routine_bulk_6,normal,1,0,0.46244681084905065
f42d94b7a35f9f5e14c04ed4146758b88c85995349f206e13dfbc0af426c6024,66,1,truck_2,1320.0,66,1.0,beta_c_0.22,27600.0,1380,800.0,0,,-1,E7,delivered,0,66,LB-v1-20260822,800.0,65,92.64758642208056,100.0,C-ALNS-MP,4587.683945260957,4587.683945260957,1,16843334a0974404f1c02bc2ae8ae627f60ccc0e5280a3eceff2741982ce7a9f,0.0,92.64758642208056,LB,100,1,routine_bulk,task_routine_bulk_7,normal,1,0,0.5338128687931456
f42d94b7a35f9f5e14c04ed4146758b88c85995349f206e13dfbc0af426c6024,0,1,uav_3,2080.0,104,1.0,beta_c_0.22,12000.0,600,50.0,0,,-1,E7,delivered,-1,104,LB-v1-20260822,50.0,-1,61.476888338126194,100.0,C-ALNS-MP,4043.5148887186647,4043.5148887186647,1,16843334a0974404f1c02bc2ae8ae627f60ccc0e5280a3eceff2741982ce7a9f,0.0,61.476888338126194,LB,100,1,time_critical_lightweight,task_time_critical_lightweight_0,emergency,0,1,0.8572362469902544
f42d94b7a35f9f5e14c04ed4146758b88c85995349f206e13dfbc0af426c6024,0,1,uav_2,860.0,43,1.0,beta_c_0.22,12600.0,630,50.0,0,,-1,E7,delivered,-1,43,LB-v1-20260822,50.0,-1,83.2821720889144,100.0,C-ALNS-MP,3938.2462884286088,3938.2462884286088,1,16843334a0974404f1c02bc2ae8ae627f60ccc0e5280a3eceff2741982ce7a9f,0.0,83.2821720889144,LB,100,1,time_critical_lightweight,task_time_critical_lightweight_1,emergency,0,1,0.7681740887900437
f42d94b7a35f9f5e14c04ed4146758b88c85995349f206e13dfbc0af426c6024,63,1,uav_3,2600.0,130,1.0,beta_c_0.22,13200.0,660,50.0,0,,-1,E7,delivered,0,130,LB-v1-20260822,50.0,129,54.18158785320803,100.0,C-ALNS-MP,1841.754606923464,1841.754606923464,1,16843334a0974404f1c02bc2ae8ae627f60ccc0e5280a3eceff2741982ce7a9f,0.0,54.18158785320803,LB,100,1,time_critical_lightweight,task_time_critical_lightweight_2,emergency,0,1,0.8022891552475101
f42d94b7a35f9f5e14c04ed4146758b88c85995349f206e13dfbc0af426c6024,83,0,None,-1.0,-1,0.0,beta_c_0.22,14760.0,738,50.0,1,lifeline_zero,234,E7,failed,0,-1,LB-v1-20260822,0.0,82,0.0,100.0,C-ALNS-MP,5652.839795309424,5652.839795309424,0,16843334a0974404f1c02bc2ae8ae627f60ccc0e5280a3eceff2741982ce7a9f,50.0,0.0,LB,100,0,time_critical_lightweight,task_time_critical_lightweight_3,emergency,0,1,0.960215083465178
f42d94b7a35f9f5e14c04ed4146758b88c85995349f206e13dfbc0af426c6024,130,1,uav_3,4240.0,212,1.0,beta_c_0.22,14400.0,720,50.0,0,,-1,E7,delivered,0,212,LB-v1-20260822,50.0,189,26.196460755380794,100.0,C-ALNS-MP,5313.398671961474,5313.398671961474,1,16843334a0974404f1c02bc2ae8ae627f60ccc0e5280a3eceff2741982ce7a9f,0.0,26.196460755380794,LB,100,1,time_critical_lightweight,task_time_critical_lightweight_4,emergency,0,1,0.8154167223421255
f42d94b7a35f9f5e14c04ed4146758b88c85995349f206e13dfbc0af426c6024,94,0,None,-1.0,-1,0.0,beta_c_0.22,15960.0,798,50.0,1,lifeline_zero,237,E7,failed,0,-1,LB-v1-20260822,0.0,93,0.0,100.0,C-ALNS-MP,12029.47975909369,12029.47975909369,0,16843334a0974404f1c02bc2ae8ae627f60ccc0e5280a3eceff2741982ce7a9f,50.0,0.0,LB,100,0,time_critical_lightweight,task_time_critical_lightweight_5,emergency,0,1,0.9867416871112791
f42d94b7a35f9f5e14c04ed4146758b88c85995349f206e13dfbc0af426c6024,111,1,uav_3,2220.0,111,1.0,beta_c_0.22,15600.0,780,50.0,0,,-1,E7,delivered,0,111,LB-v1-20260822,50.0,110,58.82079693740885,100.0,C-ALNS-MP,2945.1941967981666,2945.1941967981666,1,16843334a0974404f1c02bc2ae8ae627f60ccc0e5280a3eceff2741982ce7a9f,0.0,58.82079693740885,LB,100,1,time_critical_lightweight,task_time_critical_lightweight_6,emergency,0,1,0.8746488677361269
f42d94b7a35f9f5e14c04ed4146758b88c85995349f206e13dfbc0af426c6024,118,0,None,-1.0,-1,0.0,beta_c_0.22,17160.0,858,50.0,1,lifeline_zero,265,E7,failed,0,-1,LB-v1-20260822,0.0,117,0.0,100.0,C-ALNS-MP,8166.972222335975,8166.972222335975,0,16843334a0974404f1c02bc2ae8ae627f60ccc0e5280a3eceff2741982ce7a9f,50.0,0.0,LB,100,0,time_critical_lightweight,task_time_critical_lightweight_7,emergency,0,1,0.7446621799769354
f42d94b7a35f9f5e14c04ed4146758b88c85995349f206e13dfbc0af426c6024,0,1,uav_0,940.0,47,1.0,beta_c_0.22,16800.0,840,50.0,0,,-1,E7,delivered,-1,47,LB-v1-20260822,50.0,-1,81.82431490907186,100.0,C-ALNS-MP,2311.2789292757247,2311.2789292757247,1,16843334a0974404f1c02bc2ae8ae627f60ccc0e5280a3eceff2741982ce7a9f,0.0,81.82431490907186,LB,100,1,time_critical_lightweight,task_time_critical_lightweight_8,emergency,0,1,0.8689502560984448
f42d94b7a35f9f5e14c04ed4146758b88c85995349f206e13dfbc0af426c6024,191,1,uav_4,5240.0,262,1.0,beta_c_0.22,17400.0,870,50.0,0,,-1,E7,delivered,47,262,LB-v1-20260822,50.0,261,13.24729835286063,100.0,C-ALNS-MP,6760.559725492877,6760.559725492877,1,16843334a0974404f1c02bc2ae8ae627f60ccc0e5280a3eceff2741982ce7a9f,0.0,13.24729835286063,LB,100,1,time_critical_lightweight,task_time_critical_lightweight_9,emergency,0,1,0.7554846985257647
f42d94b7a35f9f5e14c04ed4146758b88c85995349f206e13dfbc0af426c6024,11,1,uav_3,1880.0,94,1.0,beta_c_0.22,18000.0,900,50.0,0,,-1,E7,delivered,83,94,LB-v1-20260822,50.0,93,67.92722255161914,100.0,C-ALNS-MP,3952.8289116955493,3952.8289116955493,1,16843334a0974404f1c02bc2ae8ae627f60ccc0e5280a3eceff2741982ce7a9f,0.0,67.92722255161914,LB,100,1,time_critical_lightweight,task_time_critical_lightweight_10,emergency,0,1,0.7210061967003056
f42d94b7a35f9f5e14c04ed4146758b88c85995349f206e13dfbc0af426c6024,0,1,uav_2,1720.0,86,1.0,beta_c_0.22,18600.0,930,50.0,0,,-1,E7,delivered,-1,86,LB-v1-20260822,50.0,-1,64.84870290685969,100.0,C-ALNS-MP,6188.028410283936,6188.028410283936,1,16843334a0974404f1c02bc2ae8ae627f60ccc0e5280a3eceff2741982ce7a9f,0.0,64.84870290685969,LB,100,1,time_critical_lightweight,task_time_critical_lightweight_11,emergency,0,1,0.732056640977218
f42d94b7a35f9f5e14c04ed4146758b88c85995349f206e13dfbc0af426c6024,119,0,None,-1.0,-1,0.0,beta_c_0.22,19200.0,960,800.0,1,deadline_exceeded,961,E7,failed,0,-1,LB-v1-20260822,0.0,189,11.11850352989833,100.0,C-ALNS-MP,6119.550842362341,6119.550842362341,0,128d0fb172989ac20569c26a149739c8cdd604ff6c956cf6b294d712563d036c,800.0,0.0,LB,102,0,routine_bulk,task_routine_bulk_0,normal,1,0,0.4291837918236352
f42d94b7a35f9f5e14c04ed4146758b88c85995349f206e13dfbc0af426c6024,83,1,truck_0,3180.0,159,1.0,beta_c_0.22,20400.0,1020,800.0,0,,-1,E7,delivered,72,159,LB-v1-20260822,800.0,154,86.51262414799106,100.0,C-ALNS-MP,7442.506245460831,7442.506245460831,1,128d0fb172989ac20569c26a149739c8cdd604ff6c956cf6b294d712563d036c,0.0,86.51262414799106,LB,102,1,routine_bulk,task_routine_bulk_1,normal,1,0,0.24547112032784654
f42d94b7a35f9f5e14c04ed4146758b88c85995349f206e13dfbc0af426c6024,214,0,None,-1.0,-1,0.0,beta_c_0.22,21600.0,1080,800.0,1,deadline_exceeded,1081,E7,failed,0,-1,LB-v1-20260822,0.0,213,2.8465075966141518,100.0,C-ALNS-MP,5688.3871828179535,5688.3871828179535,0,128d0fb172989ac20569c26a149739c8cdd604ff6c956cf6b294d712563d036c,800.0,0.0,LB,102,0,routine_bulk,task_routine_bulk_2,normal,1,0,0.3976042905163367
f42d94b7a35f9f5e14c04ed4146758b88c85995349f206e13dfbc0af426c6024,84,0,None,-1.0,-1,0.0,beta_c_0.22,22800.0,1140,800.0,1,lifeline_zero,936,E7,failed,0,-1,LB-v1-20260822,0.0,83,0.0,100.0,C-ALNS-MP,5530.50432997441,5530.50432997441,0,128d0fb172989ac20569c26a149739c8cdd604ff6c956cf6b294d712563d036c,800.0,0.0,LB,102,0,routine_bulk,task_routine_bulk_3,normal,1,0,0.5908338171405074
f42d94b7a35f9f5e14c04ed4146758b88c85995349f206e13dfbc0af426c6024,130,0,None,-1.0,-1,0.0,beta_c_0.22,24000.0,1200,800.0,1,lifeline_zero,1198,E7,failed,84,-1,LB-v1-20260822,0.0,213,0.0,100.0,C-ALNS-MP,14165.534902512349,14165.534902512349,0,128d0fb172989ac20569c26a149739c8cdd604ff6c956cf6b294d712563d036c,800.0,0.0,LB,102,0,routine_bulk,task_routine_bulk_4,normal,1,0,0.31826058549111486
f42d94b7a35f9f5e14c04ed4146758b88c85995349f206e13dfbc0af426c6024,94,1,truck_0,3580.0,179,1.0,beta_c_0.22,25200.0,1260,800.0,0,,-1,E7,delivered,84,179,LB-v1-20260822,800.0,177,83.88453402840197,100.0,C-ALNS-MP,8329.032619537471,8329.032619537471,1,128d0fb172989ac20569c26a149739c8cdd604ff6c956cf6b294d712563d036c,0.0,83.88453402840197,LB,102,1,routine_bulk,task_routine_bulk_5,normal,1,0,0.316760490021223
f42d94b7a35f9f5e14c04ed4146758b88c85995349f206e13dfbc0af426c6024,44,1,truck_0,880.0,44,1.0,beta_c_0.22,26400.0,1320,800.0,0,,-1,E7,delivered,0,44,LB-v1-20260822,800.0,43,95.46808063072315,100.0,C-ALNS-MP,2207.167531132571,2207.167531132571,1,128d0fb172989ac20569c26a149739c8cdd604ff6c956cf6b294d712563d036c,0.0,95.46808063072315,LB,102,1,routine_bulk,task_routine_bulk_6,normal,1,0,0.3055363954601743
f42d94b7a35f9f5e14c04ed4146758b88c85995349f206e13dfbc0af426c6024,60,0,None,-1.0,-1,0.0,beta_c_0.22,27600.0,1380,800.0,1,lifeline_zero,1066,E7,failed,48,-1,LB-v1-20260822,0.0,213,0.0,100.0,C-ALNS-MP,8538.945436848508,8538.945436848508,0,128d0fb172989ac20569c26a149739c8cdd604ff6c956cf6b294d712563d036c,800.0,0.0,LB,102,0,routine_bulk,task_routine_bulk_7,normal,1,0,0.44156154877026366
f42d94b7a35f9f5e14c04ed4146758b88c85995349f206e13dfbc0af426c6024,11,1,uav_3,3320.0,166,1.0,beta_c_0.22,12000.0,600,50.0,0,,-1,E7,delivered,155,166,LB-v1-20260822,50.0,165,41.526673227266414,100.0,C-ALNS-MP,2988.5323177974346,2988.5323177974346,1,128d0fb172989ac20569c26a149739c8cdd604ff6c956cf6b294d712563d036c,0.0,41.526673227266414,LB,102,1,time_critical_lightweight,task_time_critical_lightweight_0,emergency,0,1,0.7521593742751356
f42d94b7a35f9f5e14c04ed4146758b88c85995349f206e13dfbc0af426c6024,24,0,None,-1.0,-1,0.0,beta_c_0.22,13560.0,678,50.0,1,lifeline_zero,306,E7,failed,190,-1,LB-v1-20260822,0.0,213,0.0,100.0,C-ALNS-MP,11294.290080097262,11294.290080097262,0,128d0fb172989ac20569c26a149739c8cdd604ff6c956cf6b294d712563d036c,50.0,0.0,LB,102,0,time_critical_lightweight,task_time_critical_lightweight_1,emergency,0,1,0.7491376000307091
f42d94b7a35f9f5e14c04ed4146758b88c85995349f206e13dfbc0af426c6024,176,1,uav_0,3520.0,176,1.0,beta_c_0.22,13200.0,660,50.0,0,,-1,E7,delivered,0,176,LB-v1-20260822,50.0,175,35.955423730344364,100.0,C-ALNS-MP,2792.418565959796,2792.418565959796,1,128d0fb172989ac20569c26a149739c8cdd604ff6c956cf6b294d712563d036c,0.0,35.955423730344364,LB,102,1,time_critical_lightweight,task_time_critical_lightweight_2,emergency,0,1,0.8083948419266088
f42d94b7a35f9f5e14c04ed4146758b88c85995349f206e13dfbc0af426c6024,65,1,uav_2,1300.0,65,1.0,beta_c_0.22,13800.0,690,50.0,0,,-1,E7,delivered,0,65,LB-v1-20260822,50.0,64,72.83002728532924,100.0,C-ALNS-MP,3010.973647764428,3010.973647764428,1,128d0fb172989ac20569c26a149739c8cdd604ff6c956cf6b294d712563d036c,0.0,72.83002728532924,LB,102,1,time_critical_lightweight,task_time_critical_lightweight_3,emergency,0,1,0.9739813351739603
f42d94b7a35f9f5e14c04ed4146758b88c85995349f206e13dfbc0af426c6024,152,1,uav_1,3040.0,152,1.0,beta_c_0.22,14400.0,720,50.0,0,,-1,E7,delivered,0,152,LB-v1-20260822,50.0,151,39.92754417028911,100.0,C-ALNS-MP,7595.6360268286,7595.6360268286,1,128d0fb172989ac20569c26a149739c8cdd604ff6c956cf6b294d712563d036c,0.0,39.92754417028911,LB,102,1,time_critical_lightweight,task_time_critical_lightweight_4,emergency,0,1,0.8902529497747588
f42d94b7a35f9f5e14c04ed4146758b88c85995349f206e13dfbc0af426c6024,86,1,uav_2,1720.0,86,1.0,beta_c_0.22,15000.0,750,50.0,0,,-1,E7,delivered,0,86,LB-v1-20260822,50.0,85,68.62123708306974,100.0,C-ALNS-MP,4623.366276010681,4623.366276010681,1,128d0fb172989ac20569c26a149739c8cdd604ff6c956cf6b294d712563d036c,0.0,68.62123708306974,LB,102,1,time_critical_lightweight,task_time_critical_lightweight_5,emergency,0,1,0.7848123351493127
f42d94b7a35f9f5e14c04ed4146758b88c85995349f206e13dfbc0af426c6024,96,0,None,-1.0,-1,0.0,beta_c_0.22,16560.0,828,50.0,1,lifeline_zero,258,E7,failed,0,-1,LB-v1-20260822,0.0,95,0.0,100.0,C-ALNS-MP,16324.170659246023,16324.170659246023,0,128d0fb172989ac20569c26a149739c8cdd604ff6c956cf6b294d712563d036c,50.0,0.0,LB,102,0,time_critical_lightweight,task_time_critical_lightweight_6,emergency,0,1,0.9948248799678303
f42d94b7a35f9f5e14c04ed4146758b88c85995349f206e13dfbc0af426c6024,132,0,None,-1.0,-1,0.0,beta_c_0.22,17160.0,858,50.0,1,lifeline_zero,288,E7,failed,0,-1,LB-v1-20260822,0.0,213,0.0,100.0,C-ALNS-MP,15873.692094774171,15873.692094774171,0,128d0fb172989ac20569c26a149739c8cdd604ff6c956cf6b294d712563d036c,50.0,0.0,LB,102,0,time_critical_lightweight,task_time_critical_lightweight_7,emergency,0,1,0.8273965865006737
f42d94b7a35f9f5e14c04ed4146758b88c85995349f206e13dfbc0af426c6024,32,1,uav_2,2080.0,104,1.0,beta_c_0.22,16800.0,840,50.0,0,,-1,E7,delivered,72,104,LB-v1-20260822,50.0,103,61.37307640394101,100.0,C-ALNS-MP,4562.626701547581,4562.626701547581,1,128d0fb172989ac20569c26a149739c8cdd604ff6c956cf6b294d712563d036c,0.0,61.37307640394101,LB,102,1,time_critical_lightweight,task_time_critical_lightweight_8,emergency,0,1,0.800241625655852
f42d94b7a35f9f5e14c04ed4146758b88c85995349f206e13dfbc0af426c6024,130,0,None,-1.0,-1,0.0,beta_c_0.22,17400.0,870,50.0,1,lifeline_zero,290,E7,failed,84,-1,LB-v1-20260822,0.0,213,0.0,100.0,C-ALNS-MP,9178.535368617246,9178.535368617246,0,128d0fb172989ac20569c26a149739c8cdd604ff6c956cf6b294d712563d036c,50.0,0.0,LB,102,0,time_critical_lightweight,task_time_critical_lightweight_9,emergency,0,1,0.8133445160620112
f42d94b7a35f9f5e14c04ed4146758b88c85995349f206e13dfbc0af426c6024,0,0,None,-1.0,-1,0.0,beta_c_0.22,18000.0,900,50.0,1,lifeline_zero,304,E7,failed,-1,-1,LB-v1-20260822,0.0,-1,0.0,100.0,C-ALNS-MP,5471.014458554654,5471.014458554654,0,128d0fb172989ac20569c26a149739c8cdd604ff6c956cf6b294d712563d036c,50.0,0.0,LB,102,0,time_critical_lightweight,task_time_critical_lightweight_10,emergency,0,1,0.7234608659077144
f42d94b7a35f9f5e14c04ed4146758b88c85995349f206e13dfbc0af426c6024,0,0,None,-1.0,-1,0.0,beta_c_0.22,18600.0,930,50.0,1,lifeline_zero,272,E7,failed,-1,-1,LB-v1-20260822,0.0,-1,0.0,100.0,C-ALNS-MP,10498.587816679308,10498.587816679308,0,128d0fb172989ac20569c26a149739c8cdd604ff6c956cf6b294d712563d036c,50.0,0.0,LB,102,0,time_critical_lightweight,task_time_critical_lightweight_11,emergency,0,1,0.8885468420710438
f42d94b7a35f9f5e14c04ed4146758b88c85995349f206e13dfbc0af426c6024,196,1,truck_0,4640.0,232,1.0,beta_c_0.22,19200.0,960,800.0,0,,-1,E7,delivered,36,232,LB-v1-20260822,800.0,231,78.9153900362992,100.0,C-ALNS-MP,10728.26032891467,10728.26032891467,1,63e92bcf060179d244f3cac024c7b4b990d7c22dc73c78adcec9a12cb48849ec,0.0,78.9153900362992,LB,103,1,routine_bulk,task_routine_bulk_0,normal,1,0,0.34842619173408906
f42d94b7a35f9f5e14c04ed4146758b88c85995349f206e13dfbc0af426c6024,36,1,truck_2,800.0,40,1.0,beta_c_0.22,20400.0,1020,800.0,0,,-1,E7,delivered,0,40,LB-v1-20260822,800.0,35,96.32643607358843,100.0,C-ALNS-MP,2909.773055537859,2909.773055537859,1,63e92bcf060179d244f3cac024c7b4b990d7c22dc73c78adcec9a12cb48849ec,0.0,96.32643607358843,LB,103,1,routine_bulk,task_routine_bulk_1,normal,1,0,0.36263112143461484
f42d94b7a35f9f5e14c04ed4146758b88c85995349f206e13dfbc0af426c6024,36,1,truck_3,1520.0,76,1.0,beta_c_0.22,21600.0,1080,800.0,0,,-1,E7,delivered,36,76,LB-v1-20260822,800.0,71,94.06179230166924,100.0,C-ALNS-MP,5891.031930588738,5891.031930588738,1,63e92bcf060179d244f3cac024c7b4b990d7c22dc73c78adcec9a12cb48849ec,0.0,94.06179230166924,LB,103,1,routine_bulk,task_routine_bulk_2,normal,1,0,0.22860762501670875
f42d94b7a35f9f5e14c04ed4146758b88c85995349f206e13dfbc0af426c6024,103,1,truck_0,2060.0,103,1.0,beta_c_0.22,22800.0,1140,800.0,0,,-1,E7,delivered,0,103,LB-v1-20260822,800.0,102,91.83194032629423,100.0,C-ALNS-MP,3679.4188095004256,3679.4188095004256,1,63e92bcf060179d244f3cac024c7b4b990d7c22dc73c78adcec9a12cb48849ec,0.0,91.83194032629423,LB,103,1,routine_bulk,task_routine_bulk_3,normal,1,0,0.20341849503107082
f42d94b7a35f9f5e14c04ed4146758b88c85995349f206e13dfbc0af426c6024,21,1,truck_0,420.0,21,1.0,beta_c_0.22,24000.0,1200,800.0,0,,-1,E7,delivered,0,21,LB-v1-20260822,800.0,20,98.05617214438035,100.0,C-ALNS-MP,1222.77839559386,1222.77839559386,1,63e92bcf060179d244f3cac024c7b4b990d7c22dc73c78adcec9a12cb48849ec,0.0,98.05617214438035,LB,103,1,routine_bulk,task_routine_bulk_4,normal,1,0,0.3319591618543233
f42d94b7a35f9f5e14c04ed4146758b88c85995349f206e13dfbc0af426c6024,281,1,truck_1,7060.0,353,1.0,beta_c_0.22,25200.0,1260,800.0,0,,-1,E7,delivered,72,353,LB-v1-20260822,800.0,352,65.5815673933029,100.0,C-ALNS-MP,12369.193535155884,12369.193535155884,1,63e92bcf060179d244f3cac024c7b4b990d7c22dc73c78adcec9a12cb48849ec,0.0,65.5815673933029,LB,103,1,routine_bulk,task_routine_bulk_5,normal,1,0,0.3837354804247379
f42d94b7a35f9f5e14c04ed4146758b88c85995349f206e13dfbc0af426c6024,34,1,truck_1,680.0,34,1.0,beta_c_0.22,26400.0,1320,800.0,0,,-1,E7,delivered,0,34,LB-v1-20260822,800.0,33,97.04500742049703,100.0,C-ALNS-MP,2190.503861145282,2190.503861145282,1,63e92bcf060179d244f3cac024c7b4b990d7c22dc73c78adcec9a12cb48849ec,0.0,97.04500742049703,LB,103,1,routine_bulk,task_routine_bulk_6,normal,1,0,0.29667557872401773
f42d94b7a35f9f5e14c04ed4146758b88c85995349f206e13dfbc0af426c6024,84,1,truck_1,2180.0,109,1.0,beta_c_0.22,27600.0,1380,800.0,0,,-1,E7,delivered,24,109,LB-v1-20260822,800.0,107,89.07362225421696,100.0,C-ALNS-MP,3849.1587366044114,3849.1587366044114,1,63e92bcf060179d244f3cac024c7b4b990d7c22dc73c78adcec9a12cb48849ec,0.0,89.07362225421696,LB,103,1,routine_bulk,task_routine_bulk_7,normal,1,0,0.46822780016891247
f42d94b7a35f9f5e14c04ed4146758b88c85995349f206e13dfbc0af426c6024,0,1,uav_2,2020.0,101,1.0,beta_c_0.22,12000.0,600,50.0,0,,-1,E7,delivered,-1,101,LB-v1-20260822,50.0,-1,54.40505796746514,100.0,C-ALNS-MP,3549.9180582011645,3549.9180582011645,1,63e92bcf060179d244f3cac024c7b4b990d7c22dc73c78adcec9a12cb48849ec,0.0,54.40505796746514,LB,103,1,time_critical_lightweight,task_time_critical_lightweight_0,emergency,0,1,0.9539752519885072
f42d94b7a35f9f5e14c04ed4146758b88c85995349f206e13dfbc0af426c6024,0,1,uav_1,2300.0,115,1.0,beta_c_0.22,12600.0,630,50.0,0,,-1,E7,delivered,-1,115,LB-v1-20260822,50.0,-1,52.56595056483601,100.0,C-ALNS-MP,3853.766998414422,3853.766998414422,1,63e92bcf060179d244f3cac024c7b4b990d7c22dc73c78adcec9a12cb48849ec,0.0,52.56595056483601,LB,103,1,time_critical_lightweight,task_time_critical_lightweight_1,emergency,0,1,0.9948079019505545
f42d94b7a35f9f5e14c04ed4146758b88c85995349f206e13dfbc0af426c6024,135,1,uav_1,2940.0,147,1.0,beta_c_0.22,13200.0,660,50.0,0,,-1,E7,delivered,0,147,LB-v1-20260822,50.0,146,50.44910506714699,100.0,C-ALNS-MP,4718.076354042247,4718.076354042247,1,63e92bcf060179d244f3cac024c7b4b990d7c22dc73c78adcec9a12cb48849ec,0.0,50.44910506714699,LB,103,1,time_critical_lightweight,task_time_critical_lightweight_2,emergency,0,1,0.7377905179466021
f42d94b7a35f9f5e14c04ed4146758b88c85995349f206e13dfbc0af426c6024,110,1,uav_3,2200.0,110,1.0,beta_c_0.22,13800.0,690,50.0,0,,-1,E7,delivered,0,110,LB-v1-20260822,50.0,109,53.49388991872566,100.0,C-ALNS-MP,4622.917826000115,4622.917826000115,1,63e92bcf060179d244f3cac024c7b4b990d7c22dc73c78adcec9a12cb48849ec,0.0,53.49388991872566,LB,103,1,time_critical_lightweight,task_time_critical_lightweight_3,emergency,0,1,0.993001467773675
f42d94b7a35f9f5e14c04ed4146758b88c85995349f206e13dfbc0af426c6024,132,0,None,-1.0,-1,0.0,beta_c_0.22,14400.0,720,50.0,1,lifeline_zero,238,E7,failed,0,-1,LB-v1-20260822,0.0,155,0.0,100.0,C-ALNS-MP,7874.47009238337,7874.47009238337,0,63e92bcf060179d244f3cac024c7b4b990d7c22dc73c78adcec9a12cb48849ec,50.0,0.0,LB,103,0,time_critical_lightweight,task_time_critical_lightweight_4,emergency,0,1,0.8793174987113003
f42d94b7a35f9f5e14c04ed4146758b88c85995349f206e13dfbc0af426c6024,230,0,None,-1.0,-1,0.0,beta_c_0.22,15960.0,798,50.0,1,lifeline_zero,266,E7,failed,0,-1,LB-v1-20260822,0.0,265,0.0,100.0,C-ALNS-MP,15631.763761674247,15631.763761674247,0,63e92bcf060179d244f3cac024c7b4b990d7c22dc73c78adcec9a12cb48849ec,50.0,0.0,LB,103,0,time_critical_lightweight,task_time_critical_lightweight_5,emergency,0,1,0.7453071219044164
f42d94b7a35f9f5e14c04ed4146758b88c85995349f206e13dfbc0af426c6024,250,0,None,-1.0,-1,0.0,beta_c_0.22,16560.0,828,50.0,1,lifeline_zero,262,E7,failed,0,-1,LB-v1-20260822,0.0,249,0.0,100.0,C-ALNS-MP,8424.160448484647,8424.160448484647,0,63e92bcf060179d244f3cac024c7b4b990d7c22dc73c78adcec9a12cb48849ec,50.0,0.0,LB,103,0,time_critical_lightweight,task_time_critical_lightweight_6,emergency,0,1,0.9405001457932693
f42d94b7a35f9f5e14c04ed4146758b88c85995349f206e13dfbc0af426c6024,144,0,None,-1.0,-1,0.0,beta_c_0.22,17160.0,858,50.0,1,lifeline_zero,244,E7,failed,0,-1,LB-v1-20260822,0.0,143,0.0,100.0,C-ALNS-MP,8257.460786599386,8257.460786599386,0,63e92bcf060179d244f3cac024c7b4b990d7c22dc73c78adcec9a12cb48849ec,50.0,0.0,LB,103,0,time_critical_lightweight,task_time_critical_lightweight_7,emergency,0,1,0.9967292359223714
f42d94b7a35f9f5e14c04ed4146758b88c85995349f206e13dfbc0af426c6024,0,1,uav_2,600.0,30,1.0,beta_c_0.22,16800.0,840,50.0,0,,-1,E7,delivered,-1,30,LB-v1-20260822,50.0,-1,87.59694586091562,100.0,C-ALNS-MP,2438.790356782932,2438.790356782932,1,63e92bcf060179d244f3cac024c7b4b990d7c22dc73c78adcec9a12cb48849ec,0.0,87.59694586091562,LB,103,1,time_critical_lightweight,task_time_critical_lightweight_8,emergency,0,1,0.956249863078559
f42d94b7a35f9f5e14c04ed4146758b88c85995349f206e13dfbc0af426c6024,59,1,uav_0,3340.0,167,1.0,beta_c_0.22,17400.0,870,50.0,0,,-1,E7,delivered,108,167,LB-v1-20260822,50.0,166,25.453839255778803,100.0,C-ALNS-MP,5229.962687587301,5229.962687587301,1,63e92bcf060179d244f3cac024c7b4b990d7c22dc73c78adcec9a12cb48849ec,0.0,25.453839255778803,LB,103,1,time_critical_lightweight,task_time_critical_lightweight_9,emergency,0,1,0.99615912292639
f42d94b7a35f9f5e14c04ed4146758b88c85995349f206e13dfbc0af426c6024,22,1,uav_3,3560.0,178,1.0,beta_c_0.22,18000.0,900,50.0,0,,-1,E7,delivered,156,178,LB-v1-20260822,50.0,177,38.47006221913323,100.0,C-ALNS-MP,4101.291462269308,4101.291462269308,1,63e92bcf060179d244f3cac024c7b4b990d7c22dc73c78adcec9a12cb48849ec,0.0,38.47006221913323,LB,103,1,time_critical_lightweight,task_time_critical_lightweight_10,emergency,0,1,0.7679542876123209
f42d94b7a35f9f5e14c04ed4146758b88c85995349f206e13dfbc0af426c6024,36,0,None,-1.0,-1,0.0,beta_c_0.22,18600.0,930,50.0,1,lifeline_zero,250,E7,failed,108,-1,LB-v1-20260822,0.0,249,0.0,100.0,C-ALNS-MP,9892.748184234893,9892.748184234893,0,63e92bcf060179d244f3cac024c7b4b990d7c22dc73c78adcec9a12cb48849ec,50.0,0.0,LB,103,0,time_critical_lightweight,task_time_critical_lightweight_11,emergency,0,1,0.8558745641192899
f42d94b7a35f9f5e14c04ed4146758b88c85995349f206e13dfbc0af426c6024,120,0,None,-1.0,-1,0.0,beta_c_0.22,19200.0,960,800.0,1,deadline_exceeded,961,E7,failed,0,-1,LB-v1-20260822,0.0,143,0.8156339285624098,100.0,C-ALNS-MP,5272.8843626741755,5272.8843626741755,0,c72e7a8af14c09cdfead5a9164ca20bc565402829242dad3ead668243caf2fce,800.0,0.0,LB,104,0,routine_bulk,task_routine_bulk_0,normal,1,0,0.47918201810372657
f42d94b7a35f9f5e14c04ed4146758b88c85995349f206e13dfbc0af426c6024,67,1,truck_1,3020.0,151,1.0,beta_c_0.22,20400.0,1020,800.0,0,,-1,E7,delivered,84,151,LB-v1-20260822,800.0,150,83.35016225590273,100.0,C-ALNS-MP,7568.357709164488,7568.357709164488,1,c72e7a8af14c09cdfead5a9164ca20bc565402829242dad3ead668243caf2fce,0.0,83.35016225590273,LB,104,1,routine_bulk,task_routine_bulk_1,normal,1,0,0.5886518651509982
f42d94b7a35f9f5e14c04ed4146758b88c85995349f206e13dfbc0af426c6024,84,1,truck_3,1720.0,86,1.0,beta_c_0.22,21600.0,1080,800.0,0,,-1,E7,delivered,0,86,LB-v1-20260822,800.0,83,91.12712377468277,100.0,C-ALNS-MP,6249.3846204323945,6249.3846204323945,1,c72e7a8af14c09cdfead5a9164ca20bc565402829242dad3ead668243caf2fce,0.0,91.12712377468277,LB,104,1,routine_bulk,task_routine_bulk_2,normal,1,0,0.276105417555162
f42d94b7a35f9f5e14c04ed4146758b88c85995349f206e13dfbc0af426c6024,83,1,truck_2,1660.0,83,1.0,beta_c_0.22,22800.0,1140,800.0,0,,-1,E7,delivered,0,83,LB-v1-20260822,800.0,82,90.91415411800186,100.0,C-ALNS-MP,6698.28848762556,6698.28848762556,1,c72e7a8af14c09cdfead5a9164ca20bc565402829242dad3ead668243caf2fce,0.0,90.91415411800186,LB,104,1,routine_bulk,task_routine_bulk_3,normal,1,0,0.48560807268183753
f42d94b7a35f9f5e14c04ed4146758b88c85995349f206e13dfbc0af426c6024,41,1,truck_1,2740.0,137,1.0,beta_c_0.22,24000.0,1200,800.0,0,,-1,E7,delivered,96,137,LB-v1-20260822,800.0,136,85.32532533324063,100.0,C-ALNS-MP,7570.960812820636,7570.960812820636,1,c72e7a8af14c09cdfead5a9164ca20bc565402829242dad3ead668243caf2fce,0.0,85.32532533324063,LB,104,1,routine_bulk,task_routine_bulk_4,normal,1,0,0.5478035996107795
f42d94b7a35f9f5e14c04ed4146758b88c85995349f206e13dfbc0af426c6024,156,1,truck_1,6080.0,304,1.0,beta_c_0.22,25200.0,1260,800.0,0,,-1,E7,delivered,144,304,LB-v1-20260822,800.0,299,73.22361398724148,100.0,C-ALNS-MP,7123.574472651179,7123.574472651179,1,c72e7a8af14c09cdfead5a9164ca20bc565402829242dad3ead668243caf2fce,0.0,73.22361398724148,LB,104,1,routine_bulk,task_routine_bulk_5,normal,1,0,0.35137426266199645
f42d94b7a35f9f5e14c04ed4146758b88c85995349f206e13dfbc0af426c6024,93,1,truck_1,1860.0,93,1.0,beta_c_0.22,26400.0,1320,800.0,0,,-1,E7,delivered,0,93,LB-v1-20260822,800.0,92,90.30293922232143,100.0,C-ALNS-MP,6156.526159856502,6156.526159856502,1,c72e7a8af14c09cdfead5a9164ca20bc565402829242dad3ead668243caf2fce,0.0,90.30293922232143,LB,104,1,routine_bulk,task_routine_bulk_6,normal,1,0,0.4791203724344151
f42d94b7a35f9f5e14c04ed4146758b88c85995349f206e13dfbc0af426c6024,36,1,truck_1,3620.0,181,1.0,beta_c_0.22,27600.0,1380,800.0,0,,-1,E7,delivered,144,181,LB-v1-20260822,800.0,179,83.07915226226768,100.0,C-ALNS-MP,7985.041925894773,7985.041925894773,1,c72e7a8af14c09cdfead5a9164ca20bc565402829242dad3ead668243caf2fce,0.0,83.07915226226768,LB,104,1,routine_bulk,task_routine_bulk_7,normal,1,0,0.41526441828837324
f42d94b7a35f9f5e14c04ed4146758b88c85995349f206e13dfbc0af426c6024,0,1,uav_3,2120.0,106,1.0,beta_c_0.22,12000.0,600,50.0,0,,-1,E7,delivered,-1,106,LB-v1-20260822,50.0,-1,58.93118768118588,100.0,C-ALNS-MP,7023.7895527980045,7023.7895527980045,1,c72e7a8af14c09cdfead5a9164ca20bc565402829242dad3ead668243caf2fce,0.0,58.93118768118588,LB,104,1,time_critical_lightweight,task_time_critical_lightweight_0,emergency,0,1,0.7334050411538343
f42d94b7a35f9f5e14c04ed4146758b88c85995349f206e13dfbc0af426c6024,41,1,uav_1,4840.0,242,1.0,beta_c_0.22,12600.0,630,50.0,0,,-1,E7,delivered,151,242,LB-v1-20260822,50.0,215,16.09639560178666,100.0,C-ALNS-MP,7820.4684819216145,7820.4684819216145,1,c72e7a8af14c09cdfead5a9164ca20bc565402829242dad3ead668243caf2fce,0.0,16.09639560178666,LB,104,1,time_critical_lightweight,task_time_critical_lightweight_1,emergency,0,1,0.7756329563794074
f42d94b7a35f9f5e14c04ed4146758b88c85995349f206e13dfbc0af426c6024,168,0,None,-1.0,-1,0.0,beta_c_0.22,14160.0,708,50.0,1,lifeline_zero,280,E7,failed,0,-1,LB-v1-20260822,0.0,251,0.0,100.0,C-ALNS-MP,10205.303898503826,10205.303898503826,0,c72e7a8af14c09cdfead5a9164ca20bc565402829242dad3ead668243caf2fce,50.0,0.0,LB,104,0,time_critical_lightweight,task_time_critical_lightweight_2,emergency,0,1,0.7888680287525364
f42d94b7a35f9f5e14c04ed4146758b88c85995349f206e13dfbc0af426c6024,134,1,uav_5,2680.0,134,1.0,beta_c_0.22,13800.0,690,50.0,0,,-1,E7,delivered,0,134,LB-v1-20260822,50.0,133,51.00155295375998,100.0,C-ALNS-MP,16046.827472122433,16046.827472122433,1,c72e7a8af14c09cdfead5a9164ca20bc565402829242dad3ead668243caf2fce,0.0,51.00155295375998,LB,104,1,time_critical_lightweight,task_time_critical_lightweight_3,emergency,0,1,0.8367675481815295
f42d94b7a35f9f5e14c04ed4146758b88c85995349f206e13dfbc0af426c6024,246,0,None,-1.0,-1,0.0,beta_c_0.22,15360.0,768,50.0,1,lifeline_zero,282,E7,failed,0,-1,LB-v1-20260822,0.0,281,0.0,100.0,C-ALNS-MP,9174.482219933043,9174.482219933043,0,c72e7a8af14c09cdfead5a9164ca20bc565402829242dad3ead668243caf2fce,50.0,0.0,LB,104,0,time_critical_lightweight,task_time_critical_lightweight_4,emergency,0,1,0.8127661232413205
f42d94b7a35f9f5e14c04ed4146758b88c85995349f206e13dfbc0af426c6024,111,0,None,-1.0,-1,0.0,beta_c_0.22,15960.0,798,50.0,1,lifeline_zero,281,E7,failed,24,-1,LB-v1-20260822,0.0,280,0.0,100.0,C-ALNS-MP,19651.540378591842,19651.540378591842,0,c72e7a8af14c09cdfead5a9164ca20bc565402829242dad3ead668243caf2fce,50.0,0.0,LB,104,0,time_critical_lightweight,task_time_critical_lightweight_5,emergency,0,1,0.8423225708886023
f42d94b7a35f9f5e14c04ed4146758b88c85995349f206e13dfbc0af426c6024,101,1,uav_1,2740.0,137,1.0,beta_c_0.22,15600.0,780,50.0,0,,-1,E7,delivered,0,137,LB-v1-20260822,50.0,136,49.09533100781085,100.0,C-ALNS-MP,7018.248876048752,7018.248876048752,1,c72e7a8af14c09cdfead5a9164ca20bc565402829242dad3ead668243caf2fce,0.0,49.09533100781085,LB,104,1,time_critical_lightweight,task_time_critical_lightweight_6,emergency,0,1,0.8491294207660127
f42d94b7a35f9f5e14c04ed4146758b88c85995349f206e13dfbc0af426c6024,97,1,uav_2,3140.0,157,1.0,beta_c_0.22,16200.0,810,50.0,0,,-1,E7,delivered,0,157,LB-v1-20260822,50.0,156,34.57974440570372,100.0,C-ALNS-MP,8377.6446781383,8377.6446781383,1,c72e7a8af14c09cdfead5a9164ca20bc565402829242dad3ead668243caf2fce,0.0,34.57974440570372,LB,104,1,time_critical_lightweight,task_time_critical_lightweight_7,emergency,0,1,0.9286770435131199
f42d94b7a35f9f5e14c04ed4146758b88c85995349f206e13dfbc0af426c6024,150,0,None,-1.0,-1,0.0,beta_c_0.22,16800.0,840,50.0,1,lifeline_zero,282,E7,failed,0,-1,LB-v1-20260822,0.0,281,0.0,100.0,C-ALNS-MP,9300.70569730297,9300.70569730297,0,c72e7a8af14c09cdfead5a9164ca20bc565402829242dad3ead668243caf2fce,50.0,0.0,LB,104,0,time_critical_lightweight,task_time_critical_lightweight_8,emergency,0,1,0.8211665605115068
f42d94b7a35f9f5e14c04ed4146758b88c85995349f206e13dfbc0af426c6024,14,1,uav_1,3160.0,158,1.0,beta_c_0.22,17400.0,870,50.0,0,,-1,E7,delivered,144,158,LB-v1-20260822,50.0,157,39.66829377036192,100.0,C-ALNS-MP,7532.933777727172,7532.933777727172,1,c72e7a8af14c09cdfead5a9164ca20bc565402829242dad3ead668243caf2fce,0.0,39.66829377036192,LB,104,1,time_critical_lightweight,task_time_critical_lightweight_9,emergency,0,1,0.8946614200318721
f42d94b7a35f9f5e14c04ed4146758b88c85995349f206e13dfbc0af426c6024,24,1,uav_5,3360.0,168,1.0,beta_c_0.22,18000.0,900,50.0,0,,-1,E7,delivered,144,168,LB-v1-20260822,50.0,167,36.434980968647714,100.0,C-ALNS-MP,12110.343999723837,12110.343999723837,1,c72e7a8af14c09cdfead5a9164ca20bc565402829242dad3ead668243caf2fce,0.0,36.434980968647714,LB,104,1,time_critical_lightweight,task_time_critical_lightweight_10,emergency,0,1,0.9073734486686894
f42d94b7a35f9f5e14c04ed4146758b88c85995349f206e13dfbc0af426c6024,48,0,None,-1.0,-1,0.0,beta_c_0.22,18600.0,930,50.0,1,lifeline_zero,255,E7,failed,60,-1,LB-v1-20260822,0.0,107,0.0,100.0,C-ALNS-MP,5010.518718001438,5010.518718001438,0,c72e7a8af14c09cdfead5a9164ca20bc565402829242dad3ead668243caf2fce,50.0,0.0,LB,104,0,time_critical_lightweight,task_time_critical_lightweight_11,emergency,0,1,0.7839172668337464
f42d94b7a35f9f5e14c04ed4146758b88c85995349f206e13dfbc0af426c6024,24,0,None,-1.0,-1,0.0,beta_c_0.22,19200.0,960,800.0,1,deadline_exceeded,961,E7,failed,119,-1,LB-v1-20260822,0.0,142,10.085083014575781,100.0,C-ALNS-MP,12577.323912323805,12577.323912323805,0,14716e77b84ef7e77fe9c50243a038de0fa9a0d80a3b2e2df790697faaf07941,800.0,0.0,LB,105,0,routine_bulk,task_routine_bulk_0,normal,1,0,0.4422958379032641
f42d94b7a35f9f5e14c04ed4146758b88c85995349f206e13dfbc0af426c6024,119,1,truck_1,2460.0,123,1.0,beta_c_0.22,20400.0,1020,800.0,0,,-1,E7,delivered,0,123,LB-v1-20260822,800.0,118,88.7193996732142,100.0,C-ALNS-MP,8114.793341322871,8114.793341322871,1,14716e77b84ef7e77fe9c50243a038de0fa9a0d80a3b2e2df790697faaf07941,0.0,88.7193996732142,LB,105,1,routine_bulk,task_routine_bulk_1,normal,1,0,0.35204079810666833
f42d94b7a35f9f5e14c04ed4146758b88c85995349f206e13dfbc0af426c6024,167,1,truck_0,4800.0,240,1.0,beta_c_0.22,21600.0,1080,800.0,0,,-1,E7,delivered,72,240,LB-v1-20260822,800.0,238,79.00050524056626,100.0,C-ALNS-MP,8729.62675428584,8729.62675428584,1,14716e77b84ef7e77fe9c50243a038de0fa9a0d80a3b2e2df790697faaf07941,0.0,79.00050524056626,LB,105,1,routine_bulk,task_routine_bulk_2,normal,1,0,0.287785035971319
f42d94b7a35f9f5e14c04ed4146758b88c85995349f206e13dfbc0af426c6024,72,1,truck_1,1440.0,72,1.0,beta_c_0.22,22800.0,1140,800.0,0,,-1,E7,delivered,0,72,LB-v1-20260822,800.0,71,92.89743810261982,100.0,C-ALNS-MP,5910.696567912473,5910.696567912473,1,14716e77b84ef7e77fe9c50243a038de0fa9a0d80a3b2e2df790697faaf07941,0.0,92.89743810261982,LB,105,1,routine_bulk,task_routine_bulk_3,normal,1,0,0.350797741406931
f42d94b7a35f9f5e14c04ed4146758b88c85995349f206e13dfbc0af426c6024,52,1,truck_0,2720.0,136,1.0,beta_c_0.22,24000.0,1200,800.0,0,,-1,E7,delivered,84,136,LB-v1-20260822,800.0,135,86.65119429160026,100.0,C-ALNS-MP,10694.004250403128,10694.004250403128,1,14716e77b84ef7e77fe9c50243a038de0fa9a0d80a3b2e2df790697faaf07941,0.0,86.65119429160026,LB,105,1,routine_bulk,task_routine_bulk_4,normal,1,0,0.4555758510257406
f42d94b7a35f9f5e14c04ed4146758b88c85995349f206e13dfbc0af426c6024,71,0,None,-1.0,-1,0.0,beta_c_0.22,25200.0,1260,800.0,1,lifeline_zero,1039,E7,failed,72,-1,LB-v1-20260822,0.0,142,0.0,100.0,C-ALNS-MP,11688.368471261618,11688.368471261618,0,14716e77b84ef7e77fe9c50243a038de0fa9a0d80a3b2e2df790697faaf07941,800.0,0.0,LB,105,0,routine_bulk,task_routine_bulk_5,normal,1,0,0.4710880429495432
f42d94b7a35f9f5e14c04ed4146758b88c85995349f206e13dfbc0af426c6024,84,1,truck_0,1720.0,86,1.0,beta_c_0.22,26400.0,1320,800.0,0,,-1,E7,delivered,0,86,LB-v1-20260822,800.0,83,91.28469086368084,100.0,C-ALNS-MP,6465.741892118609,6465.741892118609,1,14716e77b84ef7e77fe9c50243a038de0fa9a0d80a3b2e2df790697faaf07941,0.0,91.28469086368084,LB,105,1,routine_bulk,task_routine_bulk_6,normal,1,0,0.4027653483499122
f42d94b7a35f9f5e14c04ed4146758b88c85995349f206e13dfbc0af426c6024,71,1,truck_2,1420.0,71,1.0,beta_c_0.22,27600.0,1380,800.0,0,,-1,E7,delivered,0,71,LB-v1-20260822,800.0,70,92.47866658177351,100.0,C-ALNS-MP,5513.218277176952,5513.218277176952,1,14716e77b84ef7e77fe9c50243a038de0fa9a0d80a3b2e2df790697faaf07941,0.0,92.47866658177351,LB,105,1,routine_bulk,task_routine_bulk_7,normal,1,0,0.4532664729099701
f42d94b7a35f9f5e14c04ed4146758b88c85995349f206e13dfbc0af426c6024,31,1,uav_4,3720.0,186,1.0,beta_c_0.22,12000.0,600,50.0,0,,-1,E7,delivered,155,186,LB-v1-20260822,50.0,185,29.35512215676137,100.0,C-ALNS-MP,3632.0997667878946,3632.0997667878946,1,14716e77b84ef7e77fe9c50243a038de0fa9a0d80a3b2e2df790697faaf07941,0.0,29.35512215676137,LB,105,1,time_critical_lightweight,task_time_critical_lightweight_0,emergency,0,1,0.8976075549457397
f42d94b7a35f9f5e14c04ed4146758b88c85995349f206e13dfbc0af426c6024,0,1,uav_3,1020.0,51,1.0,beta_c_0.22,12600.0,630,50.0,0,,-1,E7,delivered,-1,51,LB-v1-20260822,50.0,-1,80.0018839323787,100.0,C-ALNS-MP,4785.672150326649,4785.672150326649,1,14716e77b84ef7e77fe9c50243a038de0fa9a0d80a3b2e2df790697faaf07941,0.0,80.0018839323787,LB,105,1,time_critical_lightweight,task_time_critical_lightweight_1,emergency,0,1,0.778127135572565
f42d94b7a35f9f5e14c04ed4146758b88c85995349f206e13dfbc0af426c6024,103,1,uav_0,3720.0,186,1.0,beta_c_0.22,13200.0,660,50.0,0,,-1,E7,delivered,0,186,LB-v1-20260822,50.0,185,33.47692367231074,100.0,C-ALNS-MP,4398.113455086746,4398.113455086746,1,14716e77b84ef7e77fe9c50243a038de0fa9a0d80a3b2e2df790697faaf07941,0.0,33.47692367231074,LB,105,1,time_critical_lightweight,task_time_critical_lightweight_2,emergency,0,1,0.7499811226475924
f42d94b7a35f9f5e14c04ed4146758b88c85995349f206e13dfbc0af426c6024,158,1,uav_2,3400.0,170,1.0,beta_c_0.22,13800.0,690,50.0,0,,-1,E7,delivered,0,170,LB-v1-20260822,50.0,169,28.9817163915643,100.0,C-ALNS-MP,5420.674333996477,5420.674333996477,1,14716e77b84ef7e77fe9c50243a038de0fa9a0d80a3b2e2df790697faaf07941,0.0,28.9817163915643,LB,105,1,time_critical_lightweight,task_time_critical_lightweight_3,emergency,0,1,0.9578263112503582
f42d94b7a35f9f5e14c04ed4146758b88c85995349f206e13dfbc0af426c6024,72,0,None,-1.0,-1,0.0,beta_c_0.22,15360.0,768,50.0,1,lifeline_zero,284,E7,failed,0,-1,LB-v1-20260822,0.0,71,0.0,100.0,C-ALNS-MP,7181.023200554933,7181.023200554933,0,14716e77b84ef7e77fe9c50243a038de0fa9a0d80a3b2e2df790697faaf07941,50.0,0.0,LB,105,0,time_critical_lightweight,task_time_critical_lightweight_4,emergency,0,1,0.795836380139859
f42d94b7a35f9f5e14c04ed4146758b88c85995349f206e13dfbc0af426c6024,175,1,uav_2,3740.0,187,1.0,beta_c_0.22,15000.0,750,50.0,0,,-1,E7,delivered,0,187,LB-v1-20260822,50.0,186,30.10617534360218,100.0,C-ALNS-MP,6377.527483238084,6377.527483238084,1,14716e77b84ef7e77fe9c50243a038de0fa9a0d80a3b2e2df790697faaf07941,0.0,30.10617534360218,LB,105,1,time_critical_lightweight,task_time_critical_lightweight_5,emergency,0,1,0.780918270447546
f42d94b7a35f9f5e14c04ed4146758b88c85995349f206e13dfbc0af426c6024,209,0,None,-1.0,-1,0.0,beta_c_0.22,16560.0,828,50.0,1,lifeline_zero,281,E7,failed,0,-1,LB-v1-20260822,0.0,280,0.0,100.0,C-ALNS-MP,9029.776283917252,9029.776283917252,0,14716e77b84ef7e77fe9c50243a038de0fa9a0d80a3b2e2df790697faaf07941,50.0,0.0,LB,105,0,time_critical_lightweight,task_time_critical_lightweight_6,emergency,0,1,0.8689360715219382
f42d94b7a35f9f5e14c04ed4146758b88c85995349f206e13dfbc0af426c6024,212,1,uav_2,4240.0,212,1.0,beta_c_0.22,17160.0,858,50.0,0,,-1,E7,delivered,0,212,LB-v1-20260822,50.0,211,10.826581024454336,100.0,C-ALNS-MP,6748.743106898455,6748.743106898455,1,14716e77b84ef7e77fe9c50243a038de0fa9a0d80a3b2e2df790697faaf07941,0.0,10.826581024454336,LB,105,1,time_critical_lightweight,task_time_critical_lightweight_7,emergency,0,1,0.9402474835352292
f42d94b7a35f9f5e14c04ed4146758b88c85995349f206e13dfbc0af426c6024,25,1,uav_2,1700.0,85,1.0,beta_c_0.22,16800.0,840,50.0,0,,-1,E7,delivered,60,85,LB-v1-20260822,50.0,84,59.728120958551706,100.0,C-ALNS-MP,6916.263526249127,6916.263526249127,1,14716e77b84ef7e77fe9c50243a038de0fa9a0d80a3b2e2df790697faaf07941,0.0,59.728120958551706,LB,105,1,time_critical_lightweight,task_time_critical_lightweight_8,emergency,0,1,0.9661089449093814
f42d94b7a35f9f5e14c04ed4146758b88c85995349f206e13dfbc0af426c6024,71,0,None,-1.0,-1,0.0,beta_c_0.22,17400.0,870,50.0,1,lifeline_zero,284,E7,failed,72,-1,LB-v1-20260822,0.0,142,0.0,100.0,C-ALNS-MP,10495.756357098931,10495.756357098931,0,14716e77b84ef7e77fe9c50243a038de0fa9a0d80a3b2e2df790697faaf07941,50.0,0.0,LB,105,0,time_critical_lightweight,task_time_critical_lightweight_9,emergency,0,1,0.8274854444539167
f42d94b7a35f9f5e14c04ed4146758b88c85995349f206e13dfbc0af426c6024,7,1,uav_0,3000.0,150,1.0,beta_c_0.22,18000.0,900,50.0,0,,-1,E7,delivered,143,150,LB-v1-20260822,50.0,149,47.32057039044785,100.0,C-ALNS-MP,8510.237238411748,8510.237238411748,1,14716e77b84ef7e77fe9c50243a038de0fa9a0d80a3b2e2df790697faaf07941,0.0,47.32057039044785,LB,105,1,time_critical_lightweight,task_time_critical_lightweight_10,emergency,0,1,0.7765952172368125
f42d94b7a35f9f5e14c04ed4146758b88c85995349f206e13dfbc0af426c6024,0,0,None,-1.0,-1,0.0,beta_c_0.22,18600.0,930,50.0,1,lifeline_zero,272,E7,failed,-1,-1,LB-v1-20260822,0.0,-1,0.0,100.0,C-ALNS-MP,10506.128035288262,10506.128035288262,0,14716e77b84ef7e77fe9c50243a038de0fa9a0d80a3b2e2df790697faaf07941,50.0,0.0,LB,105,0,time_critical_lightweight,task_time_critical_lightweight_11,emergency,0,1,0.8832814159350445
f42d94b7a35f9f5e14c04ed4146758b88c85995349f206e13dfbc0af426c6024,36,1,truck_2,740.0,37,1.0,beta_c_0.22,19200.0,960,800.0,0,,-1,E7,delivered,0,37,LB-v1-20260822,800.0,35,96.54777720445192,100.0,C-ALNS-MP,3049.050045046094,3049.050045046094,1,c8b0c582304d8a9c77f6d75116866afa5228cd3bcf103200933ed5202fe5a2d0,0.0,96.54777720445192,LB,106,1,routine_bulk,task_routine_bulk_0,normal,1,0,0.3041748807187687
f42d94b7a35f9f5e14c04ed4146758b88c85995349f206e13dfbc0af426c6024,179,1,truck_0,5820.0,291,1.0,beta_c_0.22,20400.0,1020,800.0,0,,-1,E7,delivered,96,291,LB-v1-20260822,800.0,286,77.28219683565119,100.0,C-ALNS-MP,11755.03202291802,11755.03202291802,1,c8b0c582304d8a9c77f6d75116866afa5228cd3bcf103200933ed5202fe5a2d0,0.0,77.28219683565119,LB,106,1,routine_bulk,task_routine_bulk_1,normal,1,0,0.23717705835687986
f42d94b7a35f9f5e14c04ed4146758b88c85995349f206e13dfbc0af426c6024,36,0,None,-1.0,-1,0.0,beta_c_0.22,21600.0,1080,800.0,1,deadline_exceeded,1081,E7,failed,12,-1,LB-v1-20260822,0.0,47,20.801206276397178,100.0,C-ALNS-MP,7762.225913505712,7762.225913505712,0,c8b0c582304d8a9c77f6d75116866afa5228cd3bcf103200933ed5202fe5a2d0,800.0,0.0,LB,106,0,routine_bulk,task_routine_bulk_2,normal,1,0,0.20180158138940132
f42d94b7a35f9f5e14c04ed4146758b88c85995349f206e13dfbc0af426c6024,60,1,truck_2,2000.0,100,1.0,beta_c_0.22,22800.0,1140,800.0,0,,-1,E7,delivered,36,100,LB-v1-20260822,800.0,95,90.11839194586439,100.0,C-ALNS-MP,7568.718729445891,7568.718729445891,1,c8b0c582304d8a9c77f6d75116866afa5228cd3bcf103200933ed5202fe5a2d0,0.0,90.11839194586439,LB,106,1,routine_bulk,task_routine_bulk_3,normal,1,0,0.3703078937759816
f42d94b7a35f9f5e14c04ed4146758b88c85995349f206e13dfbc0af426c6024,101,1,truck_0,2260.0,113,1.0,beta_c_0.22,24000.0,1200,800.0,0,,-1,E7,delivered,12,113,LB-v1-20260822,800.0,112,90.84779312396971,100.0,C-ALNS-MP,7346.585050938757,7346.585050938757,1,c8b0c582304d8a9c77f6d75116866afa5228cd3bcf103200933ed5202fe5a2d0,0.0,90.84779312396971,LB,106,1,routine_bulk,task_routine_bulk_4,normal,1,0,0.25635863431386674
f42d94b7a35f9f5e14c04ed4146758b88c85995349f206e13dfbc0af426c6024,9,1,truck_0,180.0,9,1.0,beta_c_0.22,25200.0,1260,800.0,0,,-1,E7,delivered,0,9,LB-v1-20260822,800.0,8,98.94528326534876,100.0,C-ALNS-MP,321.7564136050573,321.7564136050573,1,c8b0c582304d8a9c77f6d75116866afa5228cd3bcf103200933ed5202fe5a2d0,0.0,98.94528326534876,LB,106,1,routine_bulk,task_routine_bulk_5,normal,1,0,0.5920820278261801
f42d94b7a35f9f5e14c04ed4146758b88c85995349f206e13dfbc0af426c6024,12,1,truck_1,280.0,14,1.0,beta_c_0.22,26400.0,1320,800.0,0,,-1,E7,delivered,0,14,LB-v1-20260822,800.0,11,98.72376561355583,100.0,C-ALNS-MP,741.1163378438463,741.1163378438463,1,c8b0c582304d8a9c77f6d75116866afa5228cd3bcf103200933ed5202fe5a2d0,0.0,98.72376561355583,LB,106,1,routine_bulk,task_routine_bulk_6,normal,1,0,0.3294775831790963
f42d94b7a35f9f5e14c04ed4146758b88c85995349f206e13dfbc0af426c6024,168,0,None,-1.0,-1,0.0,beta_c_0.22,27600.0,1380,800.0,1,lifeline_zero,947,E7,failed,0,-1,LB-v1-20260822,0.0,167,0.0,100.0,C-ALNS-MP,4309.209615779867,4309.209615779867,0,c8b0c582304d8a9c77f6d75116866afa5228cd3bcf103200933ed5202fe5a2d0,800.0,0.0,LB,106,0,routine_bulk,task_routine_bulk_7,normal,1,0,0.5555376124004635
f42d94b7a35f9f5e14c04ed4146758b88c85995349f206e13dfbc0af426c6024,29,0,None,-1.0,-1,0.0,beta_c_0.22,12000.0,600,50.0,1,lifeline_zero,297,E7,failed,113,-1,LB-v1-20260822,0.0,296,0.0,100.0,C-ALNS-MP,11354.674767540788,11354.674767540788,0,c8b0c582304d8a9c77f6d75116866afa5228cd3bcf103200933ed5202fe5a2d0,50.0,0.0,LB,106,0,time_critical_lightweight,task_time_critical_lightweight_0,emergency,0,1,0.774646165207239
f42d94b7a35f9f5e14c04ed4146758b88c85995349f206e13dfbc0af426c6024,0,1,uav_2,2180.0,109,1.0,beta_c_0.22,12600.0,630,50.0,0,,-1,E7,delivered,-1,109,LB-v1-20260822,50.0,-1,58.92731212111474,100.0,C-ALNS-MP,7230.961196434538,7230.961196434538,1,c8b0c582304d8a9c77f6d75116866afa5228cd3bcf103200933ed5202fe5a2d0,0.0,58.92731212111474,LB,106,1,time_critical_lightweight,task_time_critical_lightweight_1,emergency,0,1,0.7809525578988008
f42d94b7a35f9f5e14c04ed4146758b88c85995349f206e13dfbc0af426c6024,218,1,uav_0,4360.0,218,1.0,beta_c_0.22,13200.0,660,50.0,0,,-1,E7,delivered,0,218,LB-v1-20260822,50.0,217,16.612943401282568,100.0,C-ALNS-MP,9555.659530191586,9555.659530191586,1,c8b0c582304d8a9c77f6d75116866afa5228cd3bcf103200933ed5202fe5a2d0,0.0,16.612943401282568,LB,106,1,time_critical_lightweight,task_time_critical_lightweight_2,emergency,0,1,0.9049880278821211
f42d94b7a35f9f5e14c04ed4146758b88c85995349f206e13dfbc0af426c6024,60,0,None,-1.0,-1,0.0,beta_c_0.22,13800.0,690,50.0,1,lifeline_zero,267,E7,failed,0,-1,LB-v1-20260822,0.0,59,0.0,100.0,C-ALNS-MP,2616.5347358552845,2616.5347358552845,0,c8b0c582304d8a9c77f6d75116866afa5228cd3bcf103200933ed5202fe5a2d0,50.0,0.0,LB,106,0,time_critical_lightweight,task_time_critical_lightweight_3,emergency,0,1,0.7465918500496874
f42d94b7a35f9f5e14c04ed4146758b88c85995349f206e13dfbc0af426c6024,54,1,uav_2,1080.0,54,1.0,beta_c_0.22,14400.0,720,50.0,0,,-1,E7,delivered,0,54,LB-v1-20260822,50.0,53,78.3307423942028,100.0,C-ALNS-MP,4481.754838637108,4481.754838637108,1,c8b0c582304d8a9c77f6d75116866afa5228cd3bcf103200933ed5202fe5a2d0,0.0,78.3307423942028,LB,106,1,time_critical_lightweight,task_time_critical_lightweight_4,emergency,0,1,0.7312565824232282
f42d94b7a35f9f5e14c04ed4146758b88c85995349f206e13dfbc0af426c6024,174,1,uav_4,3720.0,186,1.0,beta_c_0.22,15000.0,750,50.0,0,,-1,E7,delivered,0,186,LB-v1-20260822,50.0,185,27.610701953013915,100.0,C-ALNS-MP,9318.293364685915,9318.293364685915,1,c8b0c582304d8a9c77f6d75116866afa5228cd3bcf103200933ed5202fe5a2d0,0.0,27.610701953013915,LB,106,1,time_critical_lightweight,task_time_critical_lightweight_5,emergency,0,1,0.9426048541447214
f42d94b7a35f9f5e14c04ed4146758b88c85995349f206e13dfbc0af426c6024,108,1,uav_2,3400.0,170,1.0,beta_c_0.22,15600.0,780,50.0,0,,-1,E7,delivered,0,170,LB-v1-20260822,50.0,119,35.64849799712771,100.0,C-ALNS-MP,8013.192717317415,8013.192717317415,1,c8b0c582304d8a9c77f6d75116866afa5228cd3bcf103200933ed5202fe5a2d0,0.0,35.64849799712771,LB,106,1,time_critical_lightweight,task_time_critical_lightweight_6,emergency,0,1,0.8110072138332803
f42d94b7a35f9f5e14c04ed4146758b88c85995349f206e13dfbc0af426c6024,88,0,None,-1.0,-1,0.0,beta_c_0.22,17160.0,858,50.0,1,lifeline_zero,232,E7,failed,0,-1,LB-v1-20260822,0.0,231,0.0,100.0,C-ALNS-MP,13599.829777370682,13599.829777370682,0,c8b0c582304d8a9c77f6d75116866afa5228cd3bcf103200933ed5202fe5a2d0,50.0,0.0,LB,106,0,time_critical_lightweight,task_time_critical_lightweight_7,emergency,0,1,0.8975879731334194
f42d94b7a35f9f5e14c04ed4146758b88c85995349f206e13dfbc0af426c6024,17,1,uav_4,4420.0,221,1.0,beta_c_0.22,16800.0,840,50.0,0,,-1,E7,delivered,204,221,LB-v1-20260822,50.0,220,12.515287846655566,100.0,C-ALNS-MP,9583.174302716527,9583.174302716527,1,c8b0c582304d8a9c77f6d75116866afa5228cd3bcf103200933ed5202fe5a2d0,0.0,12.515287846655566,LB,106,1,time_critical_lightweight,task_time_critical_lightweight_8,emergency,0,1,0.9606920144075497
f42d94b7a35f9f5e14c04ed4146758b88c85995349f206e13dfbc0af426c6024,57,0,None,-1.0,-1,0.0,beta_c_0.22,18360.0,918,50.0,1,lifeline_zero,285,E7,failed,228,-1,LB-v1-20260822,0.0,284,0.0,100.0,C-ALNS-MP,11419.695818305287,11419.695818305287,0,c8b0c582304d8a9c77f6d75116866afa5228cd3bcf103200933ed5202fe5a2d0,50.0,0.0,LB,106,0,time_critical_lightweight,task_time_critical_lightweight_9,emergency,0,1,0.7350690289126702
f42d94b7a35f9f5e14c04ed4146758b88c85995349f206e13dfbc0af426c6024,48,0,None,-1.0,-1,0.0,beta_c_0.22,18960.0,948,50.0,1,lifeline_zero,284,E7,failed,180,-1,LB-v1-20260822,0.0,227,0.0,100.0,C-ALNS-MP,9944.256660494088,9944.256660494088,0,c8b0c582304d8a9c77f6d75116866afa5228cd3bcf103200933ed5202fe5a2d0,50.0,0.0,LB,106,0,time_critical_lightweight,task_time_critical_lightweight_10,emergency,0,1,0.8116832852154032
f42d94b7a35f9f5e14c04ed4146758b88c85995349f206e13dfbc0af426c6024,156,1,uav_2,4240.0,212,1.0,beta_c_0.22,18600.0,930,50.0,0,,-1,E7,delivered,48,212,LB-v1-20260822,50.0,203,22.49749095683976,100.0,C-ALNS-MP,9249.538160907647,9249.538160907647,1,c8b0c582304d8a9c77f6d75116866afa5228cd3bcf103200933ed5202fe5a2d0,0.0,22.49749095683976,LB,106,1,time_critical_lightweight,task_time_critical_lightweight_11,emergency,0,1,0.8206547515719875
f42d94b7a35f9f5e14c04ed4146758b88c85995349f206e13dfbc0af426c6024,247,1,truck_1,6360.0,318,1.0,beta_c_0.22,19200.0,960,800.0,0,,-1,E7,delivered,36,318,LB-v1-20260822,800.0,317,66.41300576677169,100.0,C-ALNS-MP,4676.861376701063,4676.861376701063,1,312c0b294c114f0cc8f9b2f251eeb589f2f7e07bdbabc2ca2ec473197ffa18d8,0.0,66.41300576677169,LB,107,1,routine_bulk,task_routine_bulk_0,normal,1,0,0.5706680857831006
f42d94b7a35f9f5e14c04ed4146758b88c85995349f206e13dfbc0af426c6024,59,1,truck_2,1260.0,63,1.0,beta_c_0.22,20400.0,1020,800.0,0,,-1,E7,delivered,0,63,LB-v1-20260822,800.0,58,94.88466720321085,100.0,C-ALNS-MP,4365.266097324558,4365.266097324558,1,312c0b294c114f0cc8f9b2f251eeb589f2f7e07bdbabc2ca2ec473197ffa18d8,0.0,94.88466720321085,LB,107,1,routine_bulk,task_routine_bulk_1,normal,1,0,0.2966517718910157
f42d94b7a35f9f5e14c04ed4146758b88c85995349f206e13dfbc0af426c6024,36,1,truck_1,760.0,38,1.0,beta_c_0.22,21600.0,1080,800.0,0,,-1,E7,delivered,0,38,LB-v1-20260822,800.0,35,95.95163454467597,100.0,C-ALNS-MP,3168.672550952722,3168.672550952722,1,312c0b294c114f0cc8f9b2f251eeb589f2f7e07bdbabc2ca2ec473197ffa18d8,0.0,95.95163454467597,LB,107,1,routine_bulk,task_routine_bulk_2,normal,1,0,0.5547067970949975
f42d94b7a35f9f5e14c04ed4146758b88c85995349f206e13dfbc0af426c6024,66,1,truck_1,1320.0,66,1.0,beta_c_0.22,22800.0,1140,800.0,0,,-1,E7,delivered,0,66,LB-v1-20260822,800.0,65,94.92313197166987,100.0,C-ALNS-MP,3245.16352904983,3245.16352904983,1,312c0b294c114f0cc8f9b2f251eeb589f2f7e07bdbabc2ca2ec473197ffa18d8,0.0,94.92313197166987,LB,107,1,routine_bulk,task_routine_bulk_3,normal,1,0,0.2436562031867523
f42d94b7a35f9f5e14c04ed4146758b88c85995349f206e13dfbc0af426c6024,156,1,truck_1,4780.0,239,1.0,beta_c_0.22,24000.0,1200,800.0,0,,-1,E7,delivered,71,239,LB-v1-20260822,800.0,238,77.79554882429115,100.0,C-ALNS-MP,5980.171646239756,5980.171646239756,1,312c0b294c114f0cc8f9b2f251eeb589f2f7e07bdbabc2ca2ec473197ffa18d8,0.0,77.79554882429115,LB,107,1,routine_bulk,task_routine_bulk_4,normal,1,0,0.4304808019757515
f42d94b7a35f9f5e14c04ed4146758b88c85995349f206e13dfbc0af426c6024,220,1,truck_2,5600.0,280,1.0,beta_c_0.22,25200.0,1260,800.0,0,,-1,E7,delivered,36,280,LB-v1-20260822,800.0,279,74.6349836184191,100.0,C-ALNS-MP,4790.794991940095,4790.794991940095,1,312c0b294c114f0cc8f9b2f251eeb589f2f7e07bdbabc2ca2ec473197ffa18d8,0.0,74.6349836184191,LB,107,1,routine_bulk,task_routine_bulk_5,normal,1,0,0.3804450519899658
f42d94b7a35f9f5e14c04ed4146758b88c85995349f206e13dfbc0af426c6024,83,0,None,-1.0,-1,0.0,beta_c_0.22,26400.0,1320,800.0,1,lifeline_zero,1299,E7,failed,48,-1,LB-v1-20260822,0.0,130,0.0,100.0,C-ALNS-MP,9323.57765247018,9323.57765247018,0,312c0b294c114f0cc8f9b2f251eeb589f2f7e07bdbabc2ca2ec473197ffa18d8,800.0,0.0,LB,107,0,routine_bulk,task_routine_bulk_6,normal,1,0,0.2221731791610967
f42d94b7a35f9f5e14c04ed4146758b88c85995349f206e13dfbc0af426c6024,36,1,truck_0,800.0,40,1.0,beta_c_0.22,27600.0,1380,800.0,0,,-1,E7,delivered,0,40,LB-v1-20260822,800.0,35,95.92756737033696,100.0,C-ALNS-MP,2675.351273261336,2675.351273261336,1,312c0b294c114f0cc8f9b2f251eeb589f2f7e07bdbabc2ca2ec473197ffa18d8,0.0,95.92756737033696,LB,107,1,routine_bulk,task_routine_bulk_7,normal,1,0,0.4377062722154169
f42d94b7a35f9f5e14c04ed4146758b88c85995349f206e13dfbc0af426c6024,12,1,uav_1,3260.0,163,1.0,beta_c_0.22,12000.0,600,50.0,0,,-1,E7,delivered,143,163,LB-v1-20260822,50.0,154,40.18261001895259,100.0,C-ALNS-MP,5394.62580921223,5394.62580921223,1,312c0b294c114f0cc8f9b2f251eeb589f2f7e07bdbabc2ca2ec473197ffa18d8,0.0,40.18261001895259,LB,107,1,time_critical_lightweight,task_time_critical_lightweight_0,emergency,0,1,0.8302499593770897
f42d94b7a35f9f5e14c04ed4146758b88c85995349f206e13dfbc0af426c6024,22,1,uav_0,3060.0,153,1.0,beta_c_0.22,12600.0,630,50.0,0,,-1,E7,delivered,107,153,LB-v1-20260822,50.0,152,46.73285222933941,100.0,C-ALNS-MP,1255.9076213524656,1255.9076213524656,1,312c0b294c114f0cc8f9b2f251eeb589f2f7e07bdbabc2ca2ec473197ffa18d8,0.0,46.73285222933941,LB,107,1,time_critical_lightweight,task_time_critical_lightweight_1,emergency,0,1,0.7411016998019768
f42d94b7a35f9f5e14c04ed4146758b88c85995349f206e13dfbc0af426c6024,56,1,uav_3,1360.0,68,1.0,beta_c_0.22,14160.0,708,50.0,0,,-1,E7,delivered,0,68,LB-v1-20260822,50.0,67,77.38454521824805,100.0,C-ALNS-MP,8978.493170966221,8978.493170966221,1,312c0b294c114f0cc8f9b2f251eeb589f2f7e07bdbabc2ca2ec473197ffa18d8,0.0,77.38454521824805,LB,107,1,time_critical_lightweight,task_time_critical_lightweight_2,emergency,0,1,0.7545769185202815
f42d94b7a35f9f5e14c04ed4146758b88c85995349f206e13dfbc0af426c6024,68,1,uav_1,2060.0,103,1.0,beta_c_0.22,14760.0,738,50.0,0,,-1,E7,delivered,0,103,LB-v1-20260822,50.0,102,63.772024960811116,100.0,C-ALNS-MP,9241.05280832803,9241.05280832803,1,312c0b294c114f0cc8f9b2f251eeb589f2f7e07bdbabc2ca2ec473197ffa18d8,0.0,63.772024960811116,LB,107,1,time_critical_lightweight,task_time_critical_lightweight_3,emergency,0,1,0.8390694278116883
f42d94b7a35f9f5e14c04ed4146758b88c85995349f206e13dfbc0af426c6024,28,1,uav_1,560.0,28,1.0,beta_c_0.22,14400.0,720,50.0,0,,-1,E7,delivered,0,28,LB-v1-20260822,50.0,27,90.0398870849192,100.0,C-ALNS-MP,2739.1399798010775,2739.1399798010775,1,312c0b294c114f0cc8f9b2f251eeb589f2f7e07bdbabc2ca2ec473197ffa18d8,0.0,90.0398870849192,LB,107,1,time_critical_lightweight,task_time_critical_lightweight_4,emergency,0,1,0.8046278717993235
f42d94b7a35f9f5e14c04ed4146758b88c85995349f206e13dfbc0af426c6024,68,1,uav_2,2300.0,115,1.0,beta_c_0.22,15000.0,750,50.0,0,,-1,E7,delivered,0,115,LB-v1-20260822,50.0,114,56.11062516013069,100.0,C-ALNS-MP,3797.4401881228073,3797.4401881228073,1,312c0b294c114f0cc8f9b2f251eeb589f2f7e07bdbabc2ca2ec473197ffa18d8,0.0,56.11062516013069,LB,107,1,time_critical_lightweight,task_time_critical_lightweight_5,emergency,0,1,0.90085693700648
f42d94b7a35f9f5e14c04ed4146758b88c85995349f206e13dfbc0af426c6024,131,1,uav_2,5260.0,263,1.0,beta_c_0.22,15600.0,780,50.0,0,,-1,E7,delivered,0,263,LB-v1-20260822,50.0,262,7.772495812447882,100.0,C-ALNS-MP,5747.812352952764,5747.812352952764,1,312c0b294c114f0cc8f9b2f251eeb589f2f7e07bdbabc2ca2ec473197ffa18d8,0.0,7.772495812447882,LB,107,1,time_critical_lightweight,task_time_critical_lightweight_6,emergency,0,1,0.7731538051901221
f42d94b7a35f9f5e14c04ed4146758b88c85995349f206e13dfbc0af426c6024,166,1,uav_1,3960.0,198,1.0,beta_c_0.22,17160.0,858,50.0,0,,-1,E7,delivered,0,198,LB-v1-20260822,50.0,197,28.660054594888916,100.0,C-ALNS-MP,9338.434762348648,9338.434762348648,1,312c0b294c114f0cc8f9b2f251eeb589f2f7e07bdbabc2ca2ec473197ffa18d8,0.0,28.660054594888916,LB,107,1,time_critical_lightweight,task_time_critical_lightweight_7,emergency,0,1,0.8164838175840352
f42d94b7a35f9f5e14c04ed4146758b88c85995349f206e13dfbc0af426c6024,42,1,uav_2,1740.0,87,1.0,beta_c_0.22,16800.0,840,50.0,0,,-1,E7,delivered,36,87,LB-v1-20260822,50.0,86,65.1767766216686,100.0,C-ALNS-MP,4433.27498858184,4433.27498858184,1,312c0b294c114f0cc8f9b2f251eeb589f2f7e07bdbabc2ca2ec473197ffa18d8,0.0,65.1767766216686,LB,107,1,time_critical_lightweight,task_time_critical_lightweight_8,emergency,0,1,0.969115762600605
f42d94b7a35f9f5e14c04ed4146758b88c85995349f206e13dfbc0af426c6024,91,1,uav_4,3240.0,162,1.0,beta_c_0.22,17400.0,870,50.0,0,,-1,E7,delivered,36,162,LB-v1-20260822,50.0,161,34.08618006572456,100.0,C-ALNS-MP,1706.9408225484358,1706.9408225484358,1,312c0b294c114f0cc8f9b2f251eeb589f2f7e07bdbabc2ca2ec473197ffa18d8,0.0,34.08618006572456,LB,107,1,time_critical_lightweight,task_time_critical_lightweight_9,emergency,0,1,0.9597035886893125
f42d94b7a35f9f5e14c04ed4146758b88c85995349f206e13dfbc0af426c6024,4,1,uav_3,800.0,40,1.0,beta_c_0.22,18000.0,900,50.0,0,,-1,E7,delivered,36,40,LB-v1-20260822,50.0,39,85.32611434294977,100.0,C-ALNS-MP,3763.818128189182,3763.818128189182,1,312c0b294c114f0cc8f9b2f251eeb589f2f7e07bdbabc2ca2ec473197ffa18d8,0.0,85.32611434294977,LB,107,1,time_critical_lightweight,task_time_critical_lightweight_10,emergency,0,1,0.8653418966582734
f42d94b7a35f9f5e14c04ed4146758b88c85995349f206e13dfbc0af426c6024,8,1,uav_1,1120.0,56,1.0,beta_c_0.22,18600.0,930,50.0,0,,-1,E7,delivered,48,56,LB-v1-20260822,50.0,55,78.04166622159858,100.0,C-ALNS-MP,5710.389558214626,5710.389558214626,1,312c0b294c114f0cc8f9b2f251eeb589f2f7e07bdbabc2ca2ec473197ffa18d8,0.0,78.04166622159858,LB,107,1,time_critical_lightweight,task_time_critical_lightweight_11,emergency,0,1,0.961564265025886
f42d94b7a35f9f5e14c04ed4146758b88c85995349f206e13dfbc0af426c6024,43,1,truck_0,860.0,43,1.0,beta_c_0.22,19200.0,960,800.0,0,,-1,E7,delivered,0,43,LB-v1-20260822,800.0,42,95.10407731926675,100.0,C-ALNS-MP,2859.966141595017,2859.966141595017,1,15ffe9e90a19f50ccab9af9cfd961b230475554adfcfa639c7dc4ffa909c030d,0.0,95.10407731926675,LB,108,1,routine_bulk,task_routine_bulk_0,normal,1,0,0.5609855287075038
f42d94b7a35f9f5e14c04ed4146758b88c85995349f206e13dfbc0af426c6024,69,1,truck_3,1380.0,69,1.0,beta_c_0.22,20400.0,1020,800.0,0,,-1,E7,delivered,0,69,LB-v1-20260822,800.0,68,92.51044064230261,100.0,C-ALNS-MP,5637.344423392569,5637.344423392569,1,15ffe9e90a19f50ccab9af9cfd961b230475554adfcfa639c7dc4ffa909c030d,0.0,92.51044064230261,LB,108,1,routine_bulk,task_routine_bulk_1,normal,1,0,0.501236365885313
f42d94b7a35f9f5e14c04ed4146758b88c85995349f206e13dfbc0af426c6024,164,1,truck_1,4460.0,223,1.0,beta_c_0.22,21600.0,1080,800.0,0,,-1,E7,delivered,47,223,LB-v1-20260822,800.0,222,75.55896549633489,100.0,C-ALNS-MP,9942.057192264663,9942.057192264663,1,15ffe9e90a19f50ccab9af9cfd961b230475554adfcfa639c7dc4ffa909c030d,0.0,75.55896549633489,LB,108,1,routine_bulk,task_routine_bulk_2,normal,1,0,0.5555026708663071
f42d94b7a35f9f5e14c04ed4146758b88c85995349f206e13dfbc0af426c6024,47,1,truck_2,1020.0,51,1.0,beta_c_0.22,22800.0,1140,800.0,0,,-1,E7,delivered,0,51,LB-v1-20260822,800.0,46,95.56548672714192,100.0,C-ALNS-MP,4666.121541604554,4666.121541604554,1,15ffe9e90a19f50ccab9af9cfd961b230475554adfcfa639c7dc4ffa909c030d,0.0,95.56548672714192,LB,108,1,routine_bulk,task_routine_bulk_3,normal,1,0,0.3185650985937015
f42d94b7a35f9f5e14c04ed4146758b88c85995349f206e13dfbc0af426c6024,96,1,truck_0,4380.0,219,1.0,beta_c_0.22,24000.0,1200,800.0,0,,-1,E7,delivered,71,219,LB-v1-20260822,800.0,214,80.3265920911209,100.0,C-ALNS-MP,6781.35066497251,6781.35066497251,1,15ffe9e90a19f50ccab9af9cfd961b230475554adfcfa639c7dc4ffa909c030d,0.0,80.3265920911209,LB,108,1,routine_bulk,task_routine_bulk_4,normal,1,0,0.34064574335616304
f42d94b7a35f9f5e14c04ed4146758b88c85995349f206e13dfbc0af426c6024,57,1,truck_1,1140.0,57,1.0,beta_c_0.22,25200.0,1260,800.0,0,,-1,E7,delivered,0,57,LB-v1-20260822,800.0,56,95.20410833797288,100.0,C-ALNS-MP,4155.704745337662,4155.704745337662,1,15ffe9e90a19f50ccab9af9cfd961b230475554adfcfa639c7dc4ffa909c030d,0.0,95.20410833797288,LB,108,1,routine_bulk,task_routine_bulk_5,normal,1,0,0.25864485362533485
f42d94b7a35f9f5e14c04ed4146758b88c85995349f206e13dfbc0af426c6024,178,1,truck_3,5220.0,261,1.0,beta_c_0.22,26400.0,1320,800.0,0,,-1,E7,delivered,59,261,LB-v1-20260822,800.0,260,75.4727030166783,100.0,C-ALNS-MP,10185.81922082076,10185.81922082076,1,15ffe9e90a19f50ccab9af9cfd961b230475554adfcfa639c7dc4ffa909c030d,0.0,75.4727030166783,LB,108,1,routine_bulk,task_routine_bulk_6,normal,1,0,0.343202237017046
f42d94b7a35f9f5e14c04ed4146758b88c85995349f206e13dfbc0af426c6024,56,1,truck_3,2060.0,103,1.0,beta_c_0.22,27600.0,1380,800.0,0,,-1,E7,delivered,47,103,LB-v1-20260822,800.0,102,87.76800271747095,100.0,C-ALNS-MP,7723.085120746713,7723.085120746713,1,15ffe9e90a19f50ccab9af9cfd961b230475554adfcfa639c7dc4ffa909c030d,0.0,87.76800271747095,LB,108,1,routine_bulk,task_routine_bulk_7,normal,1,0,0.5744015331175518
f42d94b7a35f9f5e14c04ed4146758b88c85995349f206e13dfbc0af426c6024,16,0,None,-1.0,-1,0.0,beta_c_0.22,12000.0,600,50.0,1,lifeline_zero,290,E7,failed,43,-1,LB-v1-20260822,0.0,166,0.0,100.0,C-ALNS-MP,6586.287052661501,6586.287052661501,0,15ffe9e90a19f50ccab9af9cfd961b230475554adfcfa639c7dc4ffa909c030d,50.0,0.0,LB,108,0,time_critical_lightweight,task_time_critical_lightweight_0,emergency,0,1,0.7335914098601112
f42d94b7a35f9f5e14c04ed4146758b88c85995349f206e13dfbc0af426c6024,37,1,uav_0,4080.0,204,1.0,beta_c_0.22,12600.0,630,50.0,0,,-1,E7,delivered,143,204,LB-v1-20260822,50.0,203,19.101614699196713,100.0,C-ALNS-MP,7574.794648674728,7574.794648674728,1,15ffe9e90a19f50ccab9af9cfd961b230475554adfcfa639c7dc4ffa909c030d,0.0,19.101614699196713,LB,108,1,time_critical_lightweight,task_time_critical_lightweight_1,emergency,0,1,0.8868543307242109
f42d94b7a35f9f5e14c04ed4146758b88c85995349f206e13dfbc0af426c6024,71,0,None,-1.0,-1,0.0,beta_c_0.22,14160.0,708,50.0,1,lifeline_zero,240,E7,failed,0,-1,LB-v1-20260822,0.0,190,0.0,100.0,C-ALNS-MP,11991.929167998902,11991.929167998902,0,15ffe9e90a19f50ccab9af9cfd961b230475554adfcfa639c7dc4ffa909c030d,50.0,0.0,LB,108,0,time_critical_lightweight,task_time_critical_lightweight_2,emergency,0,1,0.8622104462015817
f42d94b7a35f9f5e14c04ed4146758b88c85995349f206e13dfbc0af426c6024,107,0,None,-1.0,-1,0.0,beta_c_0.22,13800.0,690,50.0,1,lifeline_zero,239,E7,failed,0,-1,LB-v1-20260822,0.0,142,0.0,100.0,C-ALNS-MP,14817.022911695385,14817.022911695385,0,15ffe9e90a19f50ccab9af9cfd961b230475554adfcfa639c7dc4ffa909c030d,50.0,0.0,LB,108,0,time_critical_lightweight,task_time_critical_lightweight_3,emergency,0,1,0.8776064072695569
f42d94b7a35f9f5e14c04ed4146758b88c85995349f206e13dfbc0af426c6024,156,1,uav_2,3120.0,156,1.0,beta_c_0.22,14400.0,720,50.0,0,,-1,E7,delivered,0,156,LB-v1-20260822,50.0,155,35.26793482779624,100.0,C-ALNS-MP,4754.029733786183,4754.029733786183,1,15ffe9e90a19f50ccab9af9cfd961b230475554adfcfa639c7dc4ffa909c030d,0.0,35.26793482779624,LB,108,1,time_critical_lightweight,task_time_critical_lightweight_4,emergency,0,1,0.9812414865193095
f42d94b7a35f9f5e14c04ed4146758b88c85995349f206e13dfbc0af426c6024,237,0,None,-1.0,-1,0.0,beta_c_0.22,15960.0,798,50.0,1,lifeline_zero,298,E7,failed,0,-1,LB-v1-20260822,0.0,297,0.0,100.0,C-ALNS-MP,5403.282100579913,5403.282100579913,0,15ffe9e90a19f50ccab9af9cfd961b230475554adfcfa639c7dc4ffa909c030d,50.0,0.0,LB,108,0,time_critical_lightweight,task_time_critical_lightweight_5,emergency,0,1,0.7361653400527843
f42d94b7a35f9f5e14c04ed4146758b88c85995349f206e13dfbc0af426c6024,245,0,None,-1.0,-1,0.0,beta_c_0.22,15600.0,780,50.0,1,lifeline_zero,269,E7,failed,0,-1,LB-v1-20260822,0.0,268,0.0,100.0,C-ALNS-MP,3513.9142900961356,3513.9142900961356,0,15ffe9e90a19f50ccab9af9cfd961b230475554adfcfa639c7dc4ffa909c030d,50.0,0.0,LB,108,0,time_critical_lightweight,task_time_critical_lightweight_6,emergency,0,1,0.8281854223501783
f42d94b7a35f9f5e14c04ed4146758b88c85995349f206e13dfbc0af426c6024,159,1,uav_0,3180.0,159,1.0,beta_c_0.22,16200.0,810,50.0,0,,-1,E7,delivered,0,159,LB-v1-20260822,50.0,158,32.09053809608154,100.0,C-ALNS-MP,7067.058621787813,7067.058621787813,1,15ffe9e90a19f50ccab9af9cfd961b230475554adfcfa639c7dc4ffa909c030d,0.0,32.09053809608154,LB,108,1,time_critical_lightweight,task_time_critical_lightweight_7,emergency,0,1,0.9473833365764368
f42d94b7a35f9f5e14c04ed4146758b88c85995349f206e13dfbc0af426c6024,36,0,None,-1.0,-1,0.0,beta_c_0.22,17760.0,888,50.0,1,lifeline_zero,282,E7,failed,59,-1,LB-v1-20260822,0.0,94,0.0,100.0,C-ALNS-MP,5522.774919186775,5522.774919186775,0,15ffe9e90a19f50ccab9af9cfd961b230475554adfcfa639c7dc4ffa909c030d,50.0,0.0,LB,108,0,time_critical_lightweight,task_time_critical_lightweight_8,emergency,0,1,0.7862908118294443
f42d94b7a35f9f5e14c04ed4146758b88c85995349f206e13dfbc0af426c6024,117,1,uav_0,3760.0,188,1.0,beta_c_0.22,17400.0,870,50.0,0,,-1,E7,delivered,71,188,LB-v1-20260822,50.0,187,28.569199136221037,100.0,C-ALNS-MP,7007.472939544873,7007.472939544873,1,15ffe9e90a19f50ccab9af9cfd961b230475554adfcfa639c7dc4ffa909c030d,0.0,28.569199136221037,LB,108,1,time_critical_lightweight,task_time_critical_lightweight_9,emergency,0,1,0.8110961246662984
f42d94b7a35f9f5e14c04ed4146758b88c85995349f206e13dfbc0af426c6024,0,0,None,-1.0,-1,0.0,beta_c_0.22,18000.0,900,50.0,1,lifeline_zero,258,E7,failed,-1,-1,LB-v1-20260822,0.0,-1,0.0,100.0,C-ALNS-MP,6550.917811156877,6550.917811156877,0,15ffe9e90a19f50ccab9af9cfd961b230475554adfcfa639c7dc4ffa909c030d,50.0,0.0,LB,108,0,time_critical_lightweight,task_time_critical_lightweight_10,emergency,0,1,0.9060906911985231
f42d94b7a35f9f5e14c04ed4146758b88c85995349f206e13dfbc0af426c6024,0,1,uav_3,960.0,48,1.0,beta_c_0.22,18600.0,930,50.0,0,,-1,E7,delivered,-1,48,LB-v1-20260822,50.0,-1,81.2171835083605,100.0,C-ALNS-MP,4254.156063356919,4254.156063356919,1,15ffe9e90a19f50ccab9af9cfd961b230475554adfcfa639c7dc4ffa909c030d,0.0,81.2171835083605,LB,108,1,time_critical_lightweight,task_time_critical_lightweight_11,emergency,0,1,0.8683274098138106
f42d94b7a35f9f5e14c04ed4146758b88c85995349f206e13dfbc0af426c6024,23,0,None,-1.0,-1,0.0,beta_c_0.22,19200.0,960,800.0,1,deadline_exceeded,961,E7,failed,119,-1,LB-v1-20260822,0.0,141,25.235682663606955,100.0,C-ALNS-MP,10438.47474817182,10438.47474817182,0,e44746b0f27c00f956c05d9c6a53fe12d7c39f23814499df5aab5046666b32ee,800.0,0.0,LB,109,0,routine_bulk,task_routine_bulk_0,normal,1,0,0.24372892426675105
f42d94b7a35f9f5e14c04ed4146758b88c85995349f206e13dfbc0af426c6024,112,1,truck_2,2240.0,112,1.0,beta_c_0.22,20400.0,1020,800.0,0,,-1,E7,delivered,0,112,LB-v1-20260822,800.0,111,88.53805226212803,100.0,C-ALNS-MP,7520.043271903724,7520.043271903724,1,e44746b0f27c00f956c05d9c6a53fe12d7c39f23814499df5aab5046666b32ee,0.0,88.53805226212803,LB,109,1,routine_bulk,task_routine_bulk_1,normal,1,0,0.5054521103748251
f42d94b7a35f9f5e14c04ed4146758b88c85995349f206e13dfbc0af426c6024,130,1,truck_1,2620.0,131,1.0,beta_c_0.22,21600.0,1080,800.0,0,,-1,E7,delivered,0,131,LB-v1-20260822,800.0,129,89.97876121034106,100.0,C-ALNS-MP,5862.2526887266995,5862.2526887266995,1,e44746b0f27c00f956c05d9c6a53fe12d7c39f23814499df5aab5046666b32ee,0.0,89.97876121034106,LB,109,1,routine_bulk,task_routine_bulk_2,normal,1,0,0.22819223062131908
f42d94b7a35f9f5e14c04ed4146758b88c85995349f206e13dfbc0af426c6024,272,1,truck_1,7100.0,355,1.0,beta_c_0.22,22800.0,1140,800.0,0,,-1,E7,delivered,47,355,LB-v1-20260822,800.0,354,60.76917703011177,100.0,C-ALNS-MP,9233.836204566593,9233.836204566593,1,e44746b0f27c00f956c05d9c6a53fe12d7c39f23814499df5aab5046666b32ee,0.0,60.76917703011177,LB,109,1,routine_bulk,task_routine_bulk_3,normal,1,0,0.5591597629199856
f42d94b7a35f9f5e14c04ed4146758b88c85995349f206e13dfbc0af426c6024,120,1,truck_3,6520.0,326,1.0,beta_c_0.22,24000.0,1200,800.0,0,,-1,E7,delivered,202,326,LB-v1-20260822,800.0,321,65.85027644251622,100.0,C-ALNS-MP,12264.704525287152,12264.704525287152,1,e44746b0f27c00f956c05d9c6a53fe12d7c39f23814499df5aab5046666b32ee,0.0,65.85027644251622,LB,109,1,routine_bulk,task_routine_bulk_4,normal,1,0,0.5182976821364798
f42d94b7a35f9f5e14c04ed4146758b88c85995349f206e13dfbc0af426c6024,42,1,truck_0,840.0,42,1.0,beta_c_0.22,25200.0,1260,800.0,0,,-1,E7,delivered,0,42,LB-v1-20260822,800.0,41,96.5977396463866,100.0,C-ALNS-MP,3180.3161628672265,3180.3161628672265,1,e44746b0f27c00f956c05d9c6a53fe12d7c39f23814499df5aab5046666b32ee,0.0,96.5977396463866,LB,109,1,routine_bulk,task_routine_bulk_5,normal,1,0,0.27498948731286477
f42d94b7a35f9f5e14c04ed4146758b88c85995349f206e13dfbc0af426c6024,145,1,truck_3,8280.0,414,1.0,beta_c_0.22,26400.0,1320,800.0,0,,-1,E7,delivered,0,414,LB-v1-20260822,800.0,413,62.381274065923925,100.0,C-ALNS-MP,7638.021133490483,7638.021133490483,1,e44746b0f27c00f956c05d9c6a53fe12d7c39f23814499df5aab5046666b32ee,0.0,62.381274065923925,LB,109,1,routine_bulk,task_routine_bulk_6,normal,1,0,0.35938088605341784
f42d94b7a35f9f5e14c04ed4146758b88c85995349f206e13dfbc0af426c6024,125,1,truck_1,4140.0,207,1.0,beta_c_0.22,27600.0,1380,800.0,0,,-1,E7,delivered,47,207,LB-v1-20260822,800.0,206,80.75313124432945,100.0,C-ALNS-MP,8669.41558612628,8669.41558612628,1,e44746b0f27c00f956c05d9c6a53fe12d7c39f23814499df5aab5046666b32ee,0.0,80.75313124432945,LB,109,1,routine_bulk,task_routine_bulk_7,normal,1,0,0.4023390026781324
f42d94b7a35f9f5e14c04ed4146758b88c85995349f206e13dfbc0af426c6024,10,1,uav_5,1620.0,81,1.0,beta_c_0.22,12000.0,600,50.0,0,,-1,E7,delivered,71,81,LB-v1-20260822,50.0,80,67.32975017576415,100.0,C-ALNS-MP,1577.2702063913625,1577.2702063913625,1,e44746b0f27c00f956c05d9c6a53fe12d7c39f23814499df5aab5046666b32ee,0.0,67.32975017576415,LB,109,1,time_critical_lightweight,task_time_critical_lightweight_0,emergency,0,1,0.9897379983613447
f42d94b7a35f9f5e14c04ed4146758b88c85995349f206e13dfbc0af426c6024,11,1,uav_0,2600.0,130,1.0,beta_c_0.22,12600.0,630,50.0,0,,-1,E7,delivered,119,130,LB-v1-20260822,50.0,129,56.77017334342426,100.0,C-ALNS-MP,5275.816914731613,5275.816914731613,1,e44746b0f27c00f956c05d9c6a53fe12d7c39f23814499df5aab5046666b32ee,0.0,56.77017334342426,LB,109,1,time_critical_lightweight,task_time_critical_lightweight_1,emergency,0,1,0.706236225687008
f42d94b7a35f9f5e14c04ed4146758b88c85995349f206e13dfbc0af426c6024,47,1,uav_0,1460.0,73,1.0,beta_c_0.22,14160.0,708,50.0,0,,-1,E7,delivered,0,73,LB-v1-20260822,50.0,70,75.22116626233931,100.0,C-ALNS-MP,7167.574303002123,7167.574303002123,1,e44746b0f27c00f956c05d9c6a53fe12d7c39f23814499df5aab5046666b32ee,0.0,75.22116626233931,LB,109,1,time_critical_lightweight,task_time_critical_lightweight_2,emergency,0,1,0.7651739864753156
f42d94b7a35f9f5e14c04ed4146758b88c85995349f206e13dfbc0af426c6024,50,1,uav_4,1000.0,50,1.0,beta_c_0.22,13800.0,690,50.0,0,,-1,E7,delivered,0,50,LB-v1-20260822,50.0,49,81.3917988276659,100.0,C-ALNS-MP,4619.729192645459,4619.729192645459,1,e44746b0f27c00f956c05d9c6a53fe12d7c39f23814499df5aab5046666b32ee,0.0,81.3917988276659,LB,109,1,time_critical_lightweight,task_time_critical_lightweight_3,emergency,0,1,0.8801124407111246
f42d94b7a35f9f5e14c04ed4146758b88c85995349f206e13dfbc0af426c6024,80,1,uav_2,2320.0,116,1.0,beta_c_0.22,14400.0,720,50.0,0,,-1,E7,delivered,0,116,LB-v1-20260822,50.0,115,57.57577986835538,100.0,C-ALNS-MP,6105.193827786443,6105.193827786443,1,e44746b0f27c00f956c05d9c6a53fe12d7c39f23814499df5aab5046666b32ee,0.0,57.57577986835538,LB,109,1,time_critical_lightweight,task_time_critical_lightweight_4,emergency,0,1,0.8306203940527022
f42d94b7a35f9f5e14c04ed4146758b88c85995349f206e13dfbc0af426c6024,85,1,uav_5,2180.0,109,1.0,beta_c_0.22,15000.0,750,50.0,0,,-1,E7,delivered,0,109,LB-v1-20260822,50.0,108,61.04716789078225,100.0,C-ALNS-MP,6540.461456185408,6540.461456185408,1,e44746b0f27c00f956c05d9c6a53fe12d7c39f23814499df5aab5046666b32ee,0.0,61.04716789078225,LB,109,1,time_critical_lightweight,task_time_critical_lightweight_5,emergency,0,1,0.7964834075936699
f42d94b7a35f9f5e14c04ed4146758b88c85995349f206e13dfbc0af426c6024,108,1,uav_0,2160.0,108,1.0,beta_c_0.22,15600.0,780,50.0,0,,-1,E7,delivered,0,108,LB-v1-20260822,50.0,107,63.241632132249826,100.0,C-ALNS-MP,3351.9343996195735,3351.9343996195735,1,e44746b0f27c00f956c05d9c6a53fe12d7c39f23814499df5aab5046666b32ee,0.0,63.241632132249826,LB,109,1,time_critical_lightweight,task_time_critical_lightweight_6,emergency,0,1,0.7422776363571023
f42d94b7a35f9f5e14c04ed4146758b88c85995349f206e13dfbc0af426c6024,113,1,uav_5,3440.0,172,1.0,beta_c_0.22,17160.0,858,50.0,0,,-1,E7,delivered,0,172,LB-v1-20260822,50.0,171,34.51926966553765,100.0,C-ALNS-MP,13138.274295739013,13138.274295739013,1,e44746b0f27c00f956c05d9c6a53fe12d7c39f23814499df5aab5046666b32ee,0.0,34.51926966553765,LB,109,1,time_critical_lightweight,task_time_critical_lightweight_7,emergency,0,1,0.9318751313700842
f42d94b7a35f9f5e14c04ed4146758b88c85995349f206e13dfbc0af426c6024,46,1,uav_4,1680.0,84,1.0,beta_c_0.22,16800.0,840,50.0,0,,-1,E7,delivered,35,84,LB-v1-20260822,50.0,83,68.16363870955111,100.0,C-ALNS-MP,11519.668044062157,11519.668044062157,1,e44746b0f27c00f956c05d9c6a53fe12d7c39f23814499df5aab5046666b32ee,0.0,68.16363870955111,LB,109,1,time_critical_lightweight,task_time_critical_lightweight_8,emergency,0,1,0.923149714829651
f42d94b7a35f9f5e14c04ed4146758b88c85995349f206e13dfbc0af426c6024,48,1,uav_1,2460.0,123,1.0,beta_c_0.22,18360.0,918,50.0,0,,-1,E7,delivered,47,123,LB-v1-20260822,50.0,94,53.508732724928,100.0,C-ALNS-MP,11888.945353220079,11888.945353220079,1,e44746b0f27c00f956c05d9c6a53fe12d7c39f23814499df5aab5046666b32ee,0.0,53.508732724928,LB,109,1,time_critical_lightweight,task_time_critical_lightweight_9,emergency,0,1,0.9021797238988898
f42d94b7a35f9f5e14c04ed4146758b88c85995349f206e13dfbc0af426c6024,0,1,uav_1,1700.0,85,1.0,beta_c_0.22,18000.0,900,50.0,0,,-1,E7,delivered,-1,85,LB-v1-20260822,50.0,-1,70.33857504616749,100.0,C-ALNS-MP,7732.639919099127,7732.639919099127,1,e44746b0f27c00f956c05d9c6a53fe12d7c39f23814499df5aab5046666b32ee,0.0,70.33857504616749,LB,109,1,time_critical_lightweight,task_time_critical_lightweight_10,emergency,0,1,0.7471077952711116
f42d94b7a35f9f5e14c04ed4146758b88c85995349f206e13dfbc0af426c6024,0,1,uav_4,700.0,35,1.0,beta_c_0.22,18600.0,930,50.0,0,,-1,E7,delivered,-1,35,LB-v1-20260822,50.0,-1,85.94251765303937,100.0,C-ALNS-MP,3412.6611524252316,3412.6611524252316,1,e44746b0f27c00f956c05d9c6a53fe12d7c39f23814499df5aab5046666b32ee,0.0,85.94251765303937,LB,109,1,time_critical_lightweight,task_time_critical_lightweight_11,emergency,0,1,0.9989661728188876
90171fbe6c43d824744bf74c21cfb67be192844fb30442991e2a129a5952d714,0,1,truck_2,2300.0,115,1.0,beta_c_0.22,19200.0,960,800.0,0,,-1,E7,delivered,-1,115,LB-v1-20260822,800.0,-1,87.25443852135479,100.0,ER-HLNS-parallel-rescue,4712.939965300228,4712.939965300228,1,16843334a0974404f1c02bc2ae8ae627f60ccc0e5280a3eceff2741982ce7a9f,0.0,87.25443852135479,LB,100,1,routine_bulk,task_routine_bulk_0,normal,1,0,0.5914487685478238
90171fbe6c43d824744bf74c21cfb67be192844fb30442991e2a129a5952d714,0,1,truck_3,840.0,42,1.0,beta_c_0.22,20400.0,1020,800.0,0,,-1,E7,delivered,-1,42,LB-v1-20260822,800.0,-1,96.22981873500012,100.0,ER-HLNS-parallel-rescue,2651.3638511663926,2651.3638511663926,1,16843334a0974404f1c02bc2ae8ae627f60ccc0e5280a3eceff2741982ce7a9f,0.0,96.22981873500012,LB,100,1,routine_bulk,task_routine_bulk_1,normal,1,0,0.328770105116882
90171fbe6c43d824744bf74c21cfb67be192844fb30442991e2a129a5952d714,0,0,None,-1.0,-1,0.0,beta_c_0.22,21600.0,1080,800.0,1,lifeline_zero,935,E7,failed,-1,-1,LB-v1-20260822,0.0,-1,0.0,100.0,ER-HLNS-parallel-rescue,9455.797786582447,9455.797786582447,0,16843334a0974404f1c02bc2ae8ae627f60ccc0e5280a3eceff2741982ce7a9f,800.0,0.0,LB,100,0,routine_bulk,task_routine_bulk_2,normal,1,0,0.5197299581475797
90171fbe6c43d824744bf74c21cfb67be192844fb30442991e2a129a5952d714,17,1,truck_0,5000.0,250,1.0,beta_c_0.22,22800.0,1140,800.0,0,,-1,E7,delivered,217,250,LB-v1-20260822,800.0,249,75.5651930696312,100.0,ER-HLNS-parallel-rescue,7467.100925813267,7467.100925813267,1,16843334a0974404f1c02bc2ae8ae627f60ccc0e5280a3eceff2741982ce7a9f,0.0,75.5651930696312,LB,100,1,routine_bulk,task_routine_bulk_3,normal,1,0,0.363407140663305
90171fbe6c43d824744bf74c21cfb67be192844fb30442991e2a129a5952d714,72,1,truck_1,4340.0,217,1.0,beta_c_0.22,24000.0,1200,800.0,0,,-1,E7,delivered,108,217,LB-v1-20260822,800.0,216,82.28684922005918,100.0,ER-HLNS-parallel-rescue,4256.447388010565,4256.447388010565,1,16843334a0974404f1c02bc2ae8ae627f60ccc0e5280a3eceff2741982ce7a9f,0.0,82.28684922005918,LB,100,1,routine_bulk,task_routine_bulk_4,normal,1,0,0.2526593582373026
90171fbe6c43d824744bf74c21cfb67be192844fb30442991e2a129a5952d714,0,1,truck_2,2100.0,105,1.0,beta_c_0.22,25200.0,1260,800.0,0,,-1,E7,delivered,-1,105,LB-v1-20260822,800.0,-1,91.80147945709251,100.0,ER-HLNS-parallel-rescue,4838.850094689374,4838.850094689374,1,16843334a0974404f1c02bc2ae8ae627f60ccc0e5280a3eceff2741982ce7a9f,0.0,91.80147945709251,LB,100,1,routine_bulk,task_routine_bulk_5,normal,1,0,0.23296054817545986
90171fbe6c43d824744bf74c21cfb67be192844fb30442991e2a129a5952d714,0,0,None,-1.0,-1,0.0,beta_c_0.22,26400.0,1320,800.0,1,lifeline_zero,1009,E7,failed,-1,-1,LB-v1-20260822,0.0,-1,0.0,100.0,ER-HLNS-parallel-rescue,11793.267377757751,11793.267377757751,0,16843334a0974404f1c02bc2ae8ae627f60ccc0e5280a3eceff2741982ce7a9f,800.0,0.0,LB,100,0,routine_bulk,task_routine_bulk_6,normal,1,0,0.46244681084905065
90171fbe6c43d824744bf74c21cfb67be192844fb30442991e2a129a5952d714,145,1,truck_1,5700.0,285,1.0,beta_c_0.22,27600.0,1380,800.0,0,,-1,E7,delivered,140,285,LB-v1-20260822,800.0,284,69.39930823656172,100.0,ER-HLNS-parallel-rescue,4587.683945260957,4587.683945260957,1,16843334a0974404f1c02bc2ae8ae627f60ccc0e5280a3eceff2741982ce7a9f,0.0,69.39930823656172,LB,100,1,routine_bulk,task_routine_bulk_7,normal,1,0,0.5338128687931456
90171fbe6c43d824744bf74c21cfb67be192844fb30442991e2a129a5952d714,23,1,uav_2,1320.0,66,1.0,beta_c_0.22,12000.0,600,50.0,0,,-1,E7,delivered,43,66,LB-v1-20260822,50.0,65,75.43151971439907,100.0,ER-HLNS-parallel-rescue,4043.5148887186647,4043.5148887186647,1,16843334a0974404f1c02bc2ae8ae627f60ccc0e5280a3eceff2741982ce7a9f,0.0,75.43151971439907,LB,100,1,time_critical_lightweight,task_time_critical_lightweight_0,emergency,0,1,0.8572362469902544
90171fbe6c43d824744bf74c21cfb67be192844fb30442991e2a129a5952d714,45,1,uav_0,900.0,45,1.0,beta_c_0.22,12600.0,630,50.0,0,,-1,E7,delivered,0,45,LB-v1-20260822,50.0,44,82.50372560433898,100.0,ER-HLNS-parallel-rescue,3938.2462884286088,3938.2462884286088,1,16843334a0974404f1c02bc2ae8ae627f60ccc0e5280a3eceff2741982ce7a9f,0.0,82.50372560433898,LB,100,1,time_critical_lightweight,task_time_critical_lightweight_1,emergency,0,1,0.7681740887900437
90171fbe6c43d824744bf74c21cfb67be192844fb30442991e2a129a5952d714,24,1,uav_1,480.0,24,1.0,beta_c_0.22,13200.0,660,50.0,0,,-1,E7,delivered,0,24,LB-v1-20260822,50.0,23,91.52682208418615,100.0,ER-HLNS-parallel-rescue,1841.754606923464,1841.754606923464,1,16843334a0974404f1c02bc2ae8ae627f60ccc0e5280a3eceff2741982ce7a9f,0.0,91.52682208418615,LB,100,1,time_critical_lightweight,task_time_critical_lightweight_2,emergency,0,1,0.8022891552475101
90171fbe6c43d824744bf74c21cfb67be192844fb30442991e2a129a5952d714,187,1,uav_5,4120.0,206,1.0,beta_c_0.22,14760.0,738,50.0,0,,-1,E7,delivered,24,206,LB-v1-20260822,50.0,215,10.609844645038793,100.0,ER-HLNS-parallel-rescue,5652.839795309424,5652.839795309424,1,16843334a0974404f1c02bc2ae8ae627f60ccc0e5280a3eceff2741982ce7a9f,0.0,10.609844645038793,LB,100,1,time_critical_lightweight,task_time_critical_lightweight_3,emergency,0,1,0.960215083465178
90171fbe6c43d824744bf74c21cfb67be192844fb30442991e2a129a5952d714,59,1,uav_2,2740.0,137,1.0,beta_c_0.22,14400.0,720,50.0,0,,-1,E7,delivered,81,137,LB-v1-20260822,50.0,139,52.10132040320779,100.0,ER-HLNS-parallel-rescue,5313.398671961474,5313.398671961474,1,16843334a0974404f1c02bc2ae8ae627f60ccc0e5280a3eceff2741982ce7a9f,0.0,52.10132040320779,LB,100,1,time_critical_lightweight,task_time_critical_lightweight_4,emergency,0,1,0.8154167223421255
90171fbe6c43d824744bf74c21cfb67be192844fb30442991e2a129a5952d714,36,0,None,-1.0,-1,0.0,beta_c_0.22,15960.0,798,50.0,1,lifeline_zero,237,E7,failed,196,-1,LB-v1-20260822,0.0,236,0.0,100.0,ER-HLNS-parallel-rescue,12029.47975909369,12029.47975909369,0,16843334a0974404f1c02bc2ae8ae627f60ccc0e5280a3eceff2741982ce7a9f,50.0,0.0,LB,100,0,time_critical_lightweight,task_time_critical_lightweight_5,emergency,0,1,0.9867416871112791
90171fbe6c43d824744bf74c21cfb67be192844fb30442991e2a129a5952d714,43,1,uav_2,740.0,37,1.0,beta_c_0.22,15600.0,780,50.0,0,,-1,E7,delivered,0,37,LB-v1-20260822,50.0,42,86.19627187727103,100.0,ER-HLNS-parallel-rescue,2945.1941967981666,2945.1941967981666,1,16843334a0974404f1c02bc2ae8ae627f60ccc0e5280a3eceff2741982ce7a9f,0.0,86.19627187727103,LB,100,1,time_critical_lightweight,task_time_critical_lightweight_6,emergency,0,1,0.8746488677361269
90171fbe6c43d824744bf74c21cfb67be192844fb30442991e2a129a5952d714,147,1,uav_1,4880.0,244,1.0,beta_c_0.22,17160.0,858,50.0,0,,-1,E7,delivered,77,244,LB-v1-20260822,50.0,243,6.93820733951883,100.0,ER-HLNS-parallel-rescue,8166.972222335975,8166.972222335975,1,16843334a0974404f1c02bc2ae8ae627f60ccc0e5280a3eceff2741982ce7a9f,0.0,6.93820733951883,LB,100,1,time_critical_lightweight,task_time_critical_lightweight_7,emergency,0,1,0.7446621799769354
90171fbe6c43d824744bf74c21cfb67be192844fb30442991e2a129a5952d714,46,1,uav_3,920.0,46,1.0,beta_c_0.22,16800.0,840,50.0,0,,-1,E7,delivered,0,46,LB-v1-20260822,50.0,45,82.21125874575361,100.0,ER-HLNS-parallel-rescue,2311.2789292757247,2311.2789292757247,1,16843334a0974404f1c02bc2ae8ae627f60ccc0e5280a3eceff2741982ce7a9f,0.0,82.21125874575361,LB,100,1,time_critical_lightweight,task_time_critical_lightweight_8,emergency,0,1,0.8689502560984448
90171fbe6c43d824744bf74c21cfb67be192844fb30442991e2a129a5952d714,62,1,uav_3,2160.0,108,1.0,beta_c_0.22,17400.0,870,50.0,0,,-1,E7,delivered,46,108,LB-v1-20260822,50.0,107,64.4196426843347,100.0,ER-HLNS-parallel-rescue,6760.559725492877,6760.559725492877,1,16843334a0974404f1c02bc2ae8ae627f60ccc0e5280a3eceff2741982ce7a9f,0.0,64.4196426843347,LB,100,1,time_critical_lightweight,task_time_critical_lightweight_9,emergency,0,1,0.7554846985257647
90171fbe6c43d824744bf74c21cfb67be192844fb30442991e2a129a5952d714,15,1,uav_2,1580.0,79,1.0,beta_c_0.22,18000.0,900,50.0,0,,-1,E7,delivered,66,79,LB-v1-20260822,50.0,80,72.96114959695682,100.0,ER-HLNS-parallel-rescue,3952.8289116955493,3952.8289116955493,1,16843334a0974404f1c02bc2ae8ae627f60ccc0e5280a3eceff2741982ce7a9f,0.0,72.96114959695682,LB,100,1,time_critical_lightweight,task_time_critical_lightweight_10,emergency,0,1,0.7210061967003056
90171fbe6c43d824744bf74c21cfb67be192844fb30442991e2a129a5952d714,32,1,uav_4,1540.0,77,1.0,beta_c_0.22,18600.0,930,50.0,0,,-1,E7,delivered,45,77,LB-v1-20260822,50.0,76,68.2859448108389,100.0,ER-HLNS-parallel-rescue,6188.028410283936,6188.028410283936,1,16843334a0974404f1c02bc2ae8ae627f60ccc0e5280a3eceff2741982ce7a9f,0.0,68.2859448108389,LB,100,1,time_critical_lightweight,task_time_critical_lightweight_11,emergency,0,1,0.732056640977218
90171fbe6c43d824744bf74c21cfb67be192844fb30442991e2a129a5952d714,157,1,truck_1,8940.0,447,1.0,beta_c_0.22,19200.0,960,800.0,0,,-1,E7,delivered,290,447,LB-v1-20260822,800.0,446,57.87088548313126,100.0,ER-HLNS-parallel-rescue,14039.592726000365,14039.592726000365,1,2a5a6bb7823ec182f44e3844532db419e6239e6f2791ab4e2c85a1e62616bdef,0.0,57.87088548313126,LB,101,1,routine_bulk,task_routine_bulk_0,normal,1,0,0.34837428108412444
90171fbe6c43d824744bf74c21cfb67be192844fb30442991e2a129a5952d714,54,1,truck_1,3340.0,167,1.0,beta_c_0.22,20400.0,1020,800.0,0,,-1,E7,delivered,85,167,LB-v1-20260822,800.0,162,83.55020224255678,100.0,ER-HLNS-parallel-rescue,7511.760618564474,7511.760618564474,1,2a5a6bb7823ec182f44e3844532db419e6239e6f2791ab4e2c85a1e62616bdef,0.0,83.55020224255678,LB,101,1,routine_bulk,task_routine_bulk_1,normal,1,0,0.30016368013188016
90171fbe6c43d824744bf74c21cfb67be192844fb30442991e2a129a5952d714,149,1,truck_1,8120.0,406,1.0,beta_c_0.22,21600.0,1080,800.0,0,,-1,E7,delivered,257,406,LB-v1-20260822,800.0,405,53.91180211998463,100.0,ER-HLNS-parallel-rescue,15315.096891728663,15315.096891728663,1,2a5a6bb7823ec182f44e3844532db419e6239e6f2791ab4e2c85a1e62616bdef,0.0,53.91180211998463,LB,101,1,routine_bulk,task_routine_bulk_2,normal,1,0,0.527261765850137
90171fbe6c43d824744bf74c21cfb67be192844fb30442991e2a129a5952d714,302,0,None,-1.0,-1,0.0,beta_c_0.22,22800.0,1140,800.0,1,lifeline_zero,1023,E7,failed,126,-1,LB-v1-20260822,0.0,546,0.0,100.0,ER-HLNS-parallel-rescue,14102.848363601865,14102.848363601865,0,2a5a6bb7823ec182f44e3844532db419e6239e6f2791ab4e2c85a1e62616bdef,800.0,0.0,LB,101,0,routine_bulk,task_routine_bulk_3,normal,1,0,0.3882350364392335
90171fbe6c43d824744bf74c21cfb67be192844fb30442991e2a129a5952d714,15,1,truck_1,2240.0,112,1.0,beta_c_0.22,24000.0,1200,800.0,0,,-1,E7,delivered,97,112,LB-v1-20260822,800.0,111,87.82909638498104,100.0,ER-HLNS-parallel-rescue,7302.1073017293165,7302.1073017293165,1,2a5a6bb7823ec182f44e3844532db419e6239e6f2791ab4e2c85a1e62616bdef,0.0,87.82909638498104,LB,101,1,routine_bulk,task_routine_bulk_4,normal,1,0,0.5361043015918403
90171fbe6c43d824744bf74c21cfb67be192844fb30442991e2a129a5952d714,203,0,None,-1.0,-1,0.0,beta_c_0.22,25200.0,1260,800.0,1,lifeline_zero,1037,E7,failed,406,-1,LB-v1-20260822,0.0,648,0.0,100.0,ER-HLNS-parallel-rescue,3909.3896971690133,3909.3896971690133,0,2a5a6bb7823ec182f44e3844532db419e6239e6f2791ab4e2c85a1e62616bdef,800.0,0.0,LB,101,0,routine_bulk,task_routine_bulk_5,normal,1,0,0.42701883575488137
90171fbe6c43d824744bf74c21cfb67be192844fb30442991e2a129a5952d714,0,1,truck_1,4260.0,213,1.0,beta_c_0.22,26400.0,1320,800.0,0,,-1,E7,delivered,-1,213,LB-v1-20260822,800.0,-1,76.15736739961277,100.0,ER-HLNS-parallel-rescue,9533.630318869733,9533.630318869733,1,2a5a6bb7823ec182f44e3844532db419e6239e6f2791ab4e2c85a1e62616bdef,0.0,76.15736739961277,LB,101,1,routine_bulk,task_routine_bulk_6,normal,1,0,0.5142470258374676
90171fbe6c43d824744bf74c21cfb67be192844fb30442991e2a129a5952d714,0,1,truck_0,6320.0,316,1.0,beta_c_0.22,27600.0,1380,800.0,0,,-1,E7,delivered,-1,316,LB-v1-20260822,800.0,-1,71.28375936788808,100.0,ER-HLNS-parallel-rescue,10348.908405801398,10348.908405801398,1,2a5a6bb7823ec182f44e3844532db419e6239e6f2791ab4e2c85a1e62616bdef,0.0,71.28375936788808,LB,101,1,routine_bulk,task_routine_bulk_7,normal,1,0,0.3879694663765369
90171fbe6c43d824744bf74c21cfb67be192844fb30442991e2a129a5952d714,16,0,None,-1.0,-1,0.0,beta_c_0.22,12000.0,600,50.0,1,lifeline_zero,224,E7,failed,187,-1,LB-v1-20260822,0.0,223,0.0,100.0,ER-HLNS-parallel-rescue,14151.4620521434,14151.4620521434,0,2a5a6bb7823ec182f44e3844532db419e6239e6f2791ab4e2c85a1e62616bdef,50.0,0.0,LB,101,0,time_critical_lightweight,task_time_critical_lightweight_0,emergency,0,1,0.9705680205086198
90171fbe6c43d824744bf74c21cfb67be192844fb30442991e2a129a5952d714,115,1,uav_0,3980.0,199,1.0,beta_c_0.22,13560.0,678,50.0,0,,-1,E7,delivered,70,199,LB-v1-20260822,50.0,184,28.697371238881157,100.0,ER-HLNS-parallel-rescue,9099.797527415509,9099.797527415509,1,2a5a6bb7823ec182f44e3844532db419e6239e6f2791ab4e2c85a1e62616bdef,0.0,28.697371238881157,LB,101,1,time_critical_lightweight,task_time_critical_lightweight_1,emergency,0,1,0.8194413770540239
90171fbe6c43d824744bf74c21cfb67be192844fb30442991e2a129a5952d714,188,0,None,-1.0,-1,0.0,beta_c_0.22,13200.0,660,50.0,1,lifeline_zero,290,E7,failed,0,-1,LB-v1-20260822,0.0,289,0.0,100.0,ER-HLNS-parallel-rescue,8636.287551441419,8636.287551441419,0,2a5a6bb7823ec182f44e3844532db419e6239e6f2791ab4e2c85a1e62616bdef,50.0,0.0,LB,101,0,time_critical_lightweight,task_time_critical_lightweight_2,emergency,0,1,0.7276929418213184
90171fbe6c43d824744bf74c21cfb67be192844fb30442991e2a129a5952d714,14,1,uav_4,3820.0,191,1.0,beta_c_0.22,14760.0,738,50.0,0,,-1,E7,delivered,185,191,LB-v1-20260822,50.0,198,32.87643043688204,100.0,ER-HLNS-parallel-rescue,10171.88886835233,10171.88886835233,1,2a5a6bb7823ec182f44e3844532db419e6239e6f2791ab4e2c85a1e62616bdef,0.0,32.87643043688204,LB,101,1,time_critical_lightweight,task_time_critical_lightweight_3,emergency,0,1,0.7687067091449796
90171fbe6c43d824744bf74c21cfb67be192844fb30442991e2a129a5952d714,29,1,uav_1,5040.0,252,1.0,beta_c_0.22,14400.0,720,50.0,0,,-1,E7,delivered,172,252,LB-v1-20260822,50.0,251,8.25530586530648,100.0,ER-HLNS-parallel-rescue,8972.910969096309,8972.910969096309,1,2a5a6bb7823ec182f44e3844532db419e6239e6f2791ab4e2c85a1e62616bdef,0.0,8.25530586530648,LB,101,1,time_critical_lightweight,task_time_critical_lightweight_4,emergency,0,1,0.7273830460494194
90171fbe6c43d824744bf74c21cfb67be192844fb30442991e2a129a5952d714,65,0,None,-1.0,-1,0.0,beta_c_0.22,15960.0,798,50.0,1,lifeline_zero,236,E7,failed,32,-1,LB-v1-20260822,0.0,235,0.0,100.0,ER-HLNS-parallel-rescue,14148.754445771634,14148.754445771634,0,2a5a6bb7823ec182f44e3844532db419e6239e6f2791ab4e2c85a1e62616bdef,50.0,0.0,LB,101,0,time_critical_lightweight,task_time_critical_lightweight_5,emergency,0,1,0.909737917292143
90171fbe6c43d824744bf74c21cfb67be192844fb30442991e2a129a5952d714,4,1,uav_3,640.0,32,1.0,beta_c_0.22,15600.0,780,50.0,0,,-1,E7,delivered,28,32,LB-v1-20260822,50.0,31,86.70801990302564,100.0,ER-HLNS-parallel-rescue,2913.7706040409153,2913.7706040409153,1,2a5a6bb7823ec182f44e3844532db419e6239e6f2791ab4e2c85a1e62616bdef,0.0,86.70801990302564,LB,101,1,time_critical_lightweight,task_time_critical_lightweight_6,emergency,0,1,0.8705161474912566
90171fbe6c43d824744bf74c21cfb67be192844fb30442991e2a129a5952d714,99,1,uav_0,2220.0,111,1.0,beta_c_0.22,16200.0,810,50.0,0,,-1,E7,delivered,0,111,LB-v1-20260822,50.0,110,50.997779927455696,100.0,ER-HLNS-parallel-rescue,8419.216536800033,8419.216536800033,1,2a5a6bb7823ec182f44e3844532db419e6239e6f2791ab4e2c85a1e62616bdef,0.0,50.997779927455696,LB,101,1,time_critical_lightweight,task_time_critical_lightweight_7,emergency,0,1,0.989879628037199
90171fbe6c43d824744bf74c21cfb67be192844fb30442991e2a129a5952d714,148,0,None,-1.0,-1,0.0,beta_c_0.22,16800.0,840,50.0,1,lifeline_zero,257,E7,failed,97,-1,LB-v1-20260822,0.0,256,0.0,100.0,ER-HLNS-parallel-rescue,9649.370387536506,9649.370387536506,0,2a5a6bb7823ec182f44e3844532db419e6239e6f2791ab4e2c85a1e62616bdef,50.0,0.0,LB,101,0,time_critical_lightweight,task_time_critical_lightweight_8,emergency,0,1,0.9323581933558626
90171fbe6c43d824744bf74c21cfb67be192844fb30442991e2a129a5952d714,28,1,uav_3,560.0,28,1.0,beta_c_0.22,17400.0,870,50.0,0,,-1,E7,delivered,0,28,LB-v1-20260822,50.0,27,87.98550481797261,100.0,ER-HLNS-parallel-rescue,2591.7846470285945,2591.7846470285945,1,2a5a6bb7823ec182f44e3844532db419e6239e6f2791ab4e2c85a1e62616bdef,0.0,87.98550481797261,LB,101,1,time_critical_lightweight,task_time_critical_lightweight_9,emergency,0,1,0.8933819856045042
90171fbe6c43d824744bf74c21cfb67be192844fb30442991e2a129a5952d714,68,1,uav_5,1660.0,83,1.0,beta_c_0.22,18000.0,900,50.0,0,,-1,E7,delivered,17,83,LB-v1-20260822,50.0,84,71.18023828926552,100.0,ER-HLNS-parallel-rescue,5472.170625762758,5472.170625762758,1,2a5a6bb7823ec182f44e3844532db419e6239e6f2791ab4e2c85a1e62616bdef,0.0,71.18023828926552,LB,101,1,time_critical_lightweight,task_time_critical_lightweight_10,emergency,0,1,0.7142148384795817
90171fbe6c43d824744bf74c21cfb67be192844fb30442991e2a129a5952d714,17,1,uav_1,340.0,17,1.0,beta_c_0.22,18600.0,930,50.0,0,,-1,E7,delivered,0,17,LB-v1-20260822,50.0,16,93.88442664805953,100.0,ER-HLNS-parallel-rescue,1506.2906048252266,1506.2906048252266,1,2a5a6bb7823ec182f44e3844532db419e6239e6f2791ab4e2c85a1e62616bdef,0.0,93.88442664805953,LB,101,1,time_critical_lightweight,task_time_critical_lightweight_11,emergency,0,1,0.7467335094406772
90171fbe6c43d824744bf74c21cfb67be192844fb30442991e2a129a5952d714,0,0,None,-1.0,-1,0.0,beta_c_0.22,19200.0,960,800.0,1,deadline_exceeded,961,E7,failed,-1,-1,LB-v1-20260822,0.0,-1,11.11850352989833,100.0,ER-HLNS-parallel-rescue,6119.550842362341,6119.550842362341,0,128d0fb172989ac20569c26a149739c8cdd604ff6c956cf6b294d712563d036c,800.0,0.0,LB,102,0,routine_bulk,task_routine_bulk_0,normal,1,0,0.4291837918236352
90171fbe6c43d824744bf74c21cfb67be192844fb30442991e2a129a5952d714,53,1,truck_2,3800.0,190,1.0,beta_c_0.22,20400.0,1020,800.0,0,,-1,E7,delivered,137,190,LB-v1-20260822,800.0,189,84.16729151248148,100.0,ER-HLNS-parallel-rescue,7442.506245460831,7442.506245460831,1,128d0fb172989ac20569c26a149739c8cdd604ff6c956cf6b294d712563d036c,0.0,84.16729151248148,LB,102,1,routine_bulk,task_routine_bulk_1,normal,1,0,0.24547112032784654
90171fbe6c43d824744bf74c21cfb67be192844fb30442991e2a129a5952d714,0,0,None,-1.0,-1,0.0,beta_c_0.22,21600.0,1080,800.0,1,deadline_exceeded,1081,E7,failed,-1,-1,LB-v1-20260822,0.0,-1,2.8465075966141518,100.0,ER-HLNS-parallel-rescue,5688.3871828179535,5688.3871828179535,0,128d0fb172989ac20569c26a149739c8cdd604ff6c956cf6b294d712563d036c,800.0,0.0,LB,102,0,routine_bulk,task_routine_bulk_2,normal,1,0,0.3976042905163367
90171fbe6c43d824744bf74c21cfb67be192844fb30442991e2a129a5952d714,0,0,None,-1.0,-1,0.0,beta_c_0.22,22800.0,1140,800.0,1,lifeline_zero,936,E7,failed,-1,-1,LB-v1-20260822,0.0,-1,0.0,100.0,ER-HLNS-parallel-rescue,5530.50432997441,5530.50432997441,0,128d0fb172989ac20569c26a149739c8cdd604ff6c956cf6b294d712563d036c,800.0,0.0,LB,102,0,routine_bulk,task_routine_bulk_3,normal,1,0,0.5908338171405074
90171fbe6c43d824744bf74c21cfb67be192844fb30442991e2a129a5952d714,0,0,None,-1.0,-1,0.0,beta_c_0.22,24000.0,1200,800.0,1,lifeline_zero,1198,E7,failed,-1,-1,LB-v1-20260822,0.0,-1,0.0,100.0,ER-HLNS-parallel-rescue,14165.534902512349,14165.534902512349,0,128d0fb172989ac20569c26a149739c8cdd604ff6c956cf6b294d712563d036c,800.0,0.0,LB,102,0,routine_bulk,task_routine_bulk_4,normal,1,0,0.31826058549111486
90171fbe6c43d824744bf74c21cfb67be192844fb30442991e2a129a5952d714,39,1,truck_2,3120.0,156,1.0,beta_c_0.22,25200.0,1260,800.0,0,,-1,E7,delivered,117,156,LB-v1-20260822,800.0,155,85.7662685427467,100.0,ER-HLNS-parallel-rescue,8329.032619537471,8329.032619537471,1,128d0fb172989ac20569c26a149739c8cdd604ff6c956cf6b294d712563d036c,0.0,85.7662685427467,LB,102,1,routine_bulk,task_routine_bulk_5,normal,1,0,0.316760490021223
90171fbe6c43d824744bf74c21cfb67be192844fb30442991e2a129a5952d714,248,1,truck_1,6420.0,321,1.0,beta_c_0.22,26400.0,1320,800.0,0,,-1,E7,delivered,73,321,LB-v1-20260822,800.0,320,72.71983436381512,100.0,ER-HLNS-parallel-rescue,2207.167531132571,2207.167531132571,1,128d0fb172989ac20569c26a149739c8cdd604ff6c956cf6b294d712563d036c,0.0,72.71983436381512,LB,102,1,routine_bulk,task_routine_bulk_6,normal,1,0,0.3055363954601743
90171fbe6c43d824744bf74c21cfb67be192844fb30442991e2a129a5952d714,0,0,None,-1.0,-1,0.0,beta_c_0.22,27600.0,1380,800.0,1,lifeline_zero,1066,E7,failed,-1,-1,LB-v1-20260822,0.0,-1,0.0,100.0,ER-HLNS-parallel-rescue,8538.945436848508,8538.945436848508,0,128d0fb172989ac20569c26a149739c8cdd604ff6c956cf6b294d712563d036c,800.0,0.0,LB,102,0,routine_bulk,task_routine_bulk_7,normal,1,0,0.44156154877026366
90171fbe6c43d824744bf74c21cfb67be192844fb30442991e2a129a5952d714,12,1,uav_2,900.0,45,1.0,beta_c_0.22,12000.0,600,50.0,0,,-1,E7,delivered,36,45,LB-v1-20260822,50.0,47,83.41817029169172,100.0,ER-HLNS-parallel-rescue,2988.5323177974346,2988.5323177974346,1,128d0fb172989ac20569c26a149739c8cdd604ff6c956cf6b294d712563d036c,0.0,83.41817029169172,LB,102,1,time_critical_lightweight,task_time_critical_lightweight_0,emergency,0,1,0.7521593742751356
90171fbe6c43d824744bf74c21cfb67be192844fb30442991e2a129a5952d714,10,0,None,-1.0,-1,0.0,beta_c_0.22,13560.0,678,50.0,1,lifeline_zero,306,E7,failed,63,-1,LB-v1-20260822,0.0,72,0.0,100.0,ER-HLNS-parallel-rescue,11294.290080097262,11294.290080097262,0,128d0fb172989ac20569c26a149739c8cdd604ff6c956cf6b294d712563d036c,50.0,0.0,LB,102,0,time_critical_lightweight,task_time_critical_lightweight_1,emergency,0,1,0.7491376000307091
90171fbe6c43d824744bf74c21cfb67be192844fb30442991e2a129a5952d714,36,1,uav_2,720.0,36,1.0,beta_c_0.22,13200.0,660,50.0,0,,-1,E7,delivered,0,36,LB-v1-20260822,50.0,35,86.20227657230927,100.0,ER-HLNS-parallel-rescue,2792.418565959796,2792.418565959796,1,128d0fb172989ac20569c26a149739c8cdd604ff6c956cf6b294d712563d036c,0.0,86.20227657230927,LB,102,1,time_critical_lightweight,task_time_critical_lightweight_2,emergency,0,1,0.8083948419266088
90171fbe6c43d824744bf74c21cfb67be192844fb30442991e2a129a5952d714,39,1,uav_1,780.0,39,1.0,beta_c_0.22,13800.0,690,50.0,0,,-1,E7,delivered,0,39,LB-v1-20260822,50.0,38,83.5550254971721,100.0,ER-HLNS-parallel-rescue,3010.973647764428,3010.973647764428,1,128d0fb172989ac20569c26a149739c8cdd604ff6c956cf6b294d712563d036c,0.0,83.5550254971721,LB,102,1,time_critical_lightweight,task_time_critical_lightweight_3,emergency,0,1,0.9739813351739603
90171fbe6c43d824744bf74c21cfb67be192844fb30442991e2a129a5952d714,47,1,uav_2,2340.0,117,1.0,beta_c_0.22,14400.0,720,50.0,0,,-1,E7,delivered,70,117,LB-v1-20260822,50.0,116,53.283252548853376,100.0,ER-HLNS-parallel-rescue,7595.6360268286,7595.6360268286,1,128d0fb172989ac20569c26a149739c8cdd604ff6c956cf6b294d712563d036c,0.0,53.283252548853376,LB,102,1,time_critical_lightweight,task_time_critical_lightweight_4,emergency,0,1,0.8902529497747588
90171fbe6c43d824744bf74c21cfb67be192844fb30442991e2a129a5952d714,24,1,uav_5,1200.0,60,1.0,beta_c_0.22,15000.0,750,50.0,0,,-1,E7,delivered,39,60,LB-v1-20260822,50.0,62,77.95956202727791,100.0,ER-HLNS-parallel-rescue,4623.366276010681,4623.366276010681,1,128d0fb172989ac20569c26a149739c8cdd604ff6c956cf6b294d712563d036c,0.0,77.95956202727791,LB,102,1,time_critical_lightweight,task_time_critical_lightweight_5,emergency,0,1,0.7848123351493127
90171fbe6c43d824744bf74c21cfb67be192844fb30442991e2a129a5952d714,1,1,uav_4,4380.0,219,1.0,beta_c_0.22,16560.0,828,50.0,0,,-1,E7,delivered,187,219,LB-v1-20260822,50.0,187,14.665020298484311,100.0,ER-HLNS-parallel-rescue,16324.170659246023,16324.170659246023,1,128d0fb172989ac20569c26a149739c8cdd604ff6c956cf6b294d712563d036c,0.0,14.665020298484311,LB,102,1,time_critical_lightweight,task_time_critical_lightweight_6,emergency,0,1,0.9948248799678303
90171fbe6c43d824744bf74c21cfb67be192844fb30442991e2a129a5952d714,12,1,uav_0,4880.0,244,1.0,beta_c_0.22,17160.0,858,50.0,0,,-1,E7,delivered,214,244,LB-v1-20260822,50.0,225,15.037114737910395,100.0,ER-HLNS-parallel-rescue,15873.692094774171,15873.692094774171,1,128d0fb172989ac20569c26a149739c8cdd604ff6c956cf6b294d712563d036c,0.0,15.037114737910395,LB,102,1,time_critical_lightweight,task_time_critical_lightweight_7,emergency,0,1,0.8273965865006737
90171fbe6c43d824744bf74c21cfb67be192844fb30442991e2a129a5952d714,22,1,uav_2,1400.0,70,1.0,beta_c_0.22,16800.0,840,50.0,0,,-1,E7,delivered,48,70,LB-v1-20260822,50.0,69,73.76149132729763,100.0,ER-HLNS-parallel-rescue,4562.626701547581,4562.626701547581,1,128d0fb172989ac20569c26a149739c8cdd604ff6c956cf6b294d712563d036c,0.0,73.76149132729763,LB,102,1,time_critical_lightweight,task_time_critical_lightweight_8,emergency,0,1,0.800241625655852
90171fbe6c43d824744bf74c21cfb67be192844fb30442991e2a129a5952d714,137,1,uav_0,2740.0,137,1.0,beta_c_0.22,17400.0,870,50.0,0,,-1,E7,delivered,0,137,LB-v1-20260822,50.0,136,51.52335790575139,100.0,ER-HLNS-parallel-rescue,9178.535368617246,9178.535368617246,1,128d0fb172989ac20569c26a149739c8cdd604ff6c956cf6b294d712563d036c,0.0,51.52335790575139,LB,102,1,time_critical_lightweight,task_time_critical_lightweight_9,emergency,0,1,0.8133445160620112
90171fbe6c43d824744bf74c21cfb67be192844fb30442991e2a129a5952d714,144,1,uav_3,3080.0,154,1.0,beta_c_0.22,18000.0,900,50.0,0,,-1,E7,delivered,0,154,LB-v1-20260822,50.0,153,47.168136523225975,100.0,ER-HLNS-parallel-rescue,5471.014458554654,5471.014458554654,1,128d0fb172989ac20569c26a149739c8cdd604ff6c956cf6b294d712563d036c,0.0,47.168136523225975,LB,102,1,time_critical_lightweight,task_time_critical_lightweight_10,emergency,0,1,0.7234608659077144
90171fbe6c43d824744bf74c21cfb67be192844fb30442991e2a129a5952d714,45,1,uav_0,3800.0,190,1.0,beta_c_0.22,18600.0,930,50.0,0,,-1,E7,delivered,73,190,LB-v1-20260822,50.0,189,28.95368066852758,100.0,ER-HLNS-parallel-rescue,10498.587816679308,10498.587816679308,1,128d0fb172989ac20569c26a149739c8cdd604ff6c956cf6b294d712563d036c,0.0,28.95368066852758,LB,102,1,time_critical_lightweight,task_time_critical_lightweight_11,emergency,0,1,0.8885468420710438
90171fbe6c43d824744bf74c21cfb67be192844fb30442991e2a129a5952d714,41,1,truck_1,5740.0,287,1.0,beta_c_0.22,19200.0,960,800.0,0,,-1,E7,delivered,242,287,LB-v1-20260822,800.0,286,74.09211678160045,100.0,ER-HLNS-parallel-rescue,10728.26032891467,10728.26032891467,1,63e92bcf060179d244f3cac024c7b4b990d7c22dc73c78adcec9a12cb48849ec,0.0,74.09211678160045,LB,103,1,routine_bulk,task_routine_bulk_0,normal,1,0,0.34842619173408906
90171fbe6c43d824744bf74c21cfb67be192844fb30442991e2a129a5952d714,0,1,truck_1,840.0,42,1.0,beta_c_0.22,20400.0,1020,800.0,0,,-1,E7,delivered,-1,42,LB-v1-20260822,800.0,-1,96.14321702926607,100.0,ER-HLNS-parallel-rescue,2909.773055537859,2909.773055537859,1,63e92bcf060179d244f3cac024c7b4b990d7c22dc73c78adcec9a12cb48849ec,0.0,96.14321702926607,LB,103,1,routine_bulk,task_routine_bulk_1,normal,1,0,0.36263112143461484
90171fbe6c43d824744bf74c21cfb67be192844fb30442991e2a129a5952d714,258,1,truck_1,11120.0,556,1.0,beta_c_0.22,21600.0,1080,800.0,0,,-1,E7,delivered,298,556,LB-v1-20260822,800.0,555,56.44977763944955,100.0,ER-HLNS-parallel-rescue,5891.031930588738,5891.031930588738,1,63e92bcf060179d244f3cac024c7b4b990d7c22dc73c78adcec9a12cb48849ec,0.0,56.44977763944955,LB,103,1,routine_bulk,task_routine_bulk_2,normal,1,0,0.22860762501670875
90171fbe6c43d824744bf74c21cfb67be192844fb30442991e2a129a5952d714,104,1,truck_3,7320.0,366,1.0,beta_c_0.22,22800.0,1140,800.0,0,,-1,E7,delivered,262,366,LB-v1-20260822,800.0,365,71.995221651893,100.0,ER-HLNS-parallel-rescue,3679.4188095004256,3679.4188095004256,1,63e92bcf060179d244f3cac024c7b4b990d7c22dc73c78adcec9a12cb48849ec,0.0,71.995221651893,LB,103,1,routine_bulk,task_routine_bulk_3,normal,1,0,0.20341849503107082
90171fbe6c43d824744bf74c21cfb67be192844fb30442991e2a129a5952d714,0,1,truck_0,3280.0,164,1.0,beta_c_0.22,24000.0,1200,800.0,0,,-1,E7,delivered,-1,164,LB-v1-20260822,800.0,-1,85.55674308678051,100.0,ER-HLNS-parallel-rescue,1222.77839559386,1222.77839559386,1,63e92bcf060179d244f3cac024c7b4b990d7c22dc73c78adcec9a12cb48849ec,0.0,85.55674308678051,LB,103,1,routine_bulk,task_routine_bulk_4,normal,1,0,0.3319591618543233
90171fbe6c43d824744bf74c21cfb67be192844fb30442991e2a129a5952d714,60,1,truck_1,7100.0,355,1.0,beta_c_0.22,25200.0,1260,800.0,0,,-1,E7,delivered,223,355,LB-v1-20260822,800.0,327,65.37935145217034,100.0,ER-HLNS-parallel-rescue,12369.193535155884,12369.193535155884,1,63e92bcf060179d244f3cac024c7b4b990d7c22dc73c78adcec9a12cb48849ec,0.0,65.37935145217034,LB,103,1,routine_bulk,task_routine_bulk_5,normal,1,0,0.3837354804247379
90171fbe6c43d824744bf74c21cfb67be192844fb30442991e2a129a5952d714,79,1,truck_3,3220.0,161,1.0,beta_c_0.22,26400.0,1320,800.0,0,,-1,E7,delivered,65,161,LB-v1-20260822,800.0,143,86.43164698915037,100.0,ER-HLNS-parallel-rescue,2190.503861145282,2190.503861145282,1,63e92bcf060179d244f3cac024c7b4b990d7c22dc73c78adcec9a12cb48849ec,0.0,86.43164698915037,LB,103,1,routine_bulk,task_routine_bulk_6,normal,1,0,0.29667557872401773
90171fbe6c43d824744bf74c21cfb67be192844fb30442991e2a129a5952d714,0,1,truck_3,1080.0,54,1.0,beta_c_0.22,27600.0,1380,800.0,0,,-1,E7,delivered,-1,54,LB-v1-20260822,800.0,-1,94.49972051824626,100.0,ER-HLNS-parallel-rescue,3849.1587366044114,3849.1587366044114,1,63e92bcf060179d244f3cac024c7b4b990d7c22dc73c78adcec9a12cb48849ec,0.0,94.49972051824626,LB,103,1,routine_bulk,task_routine_bulk_7,normal,1,0,0.46822780016891247
90171fbe6c43d824744bf74c21cfb67be192844fb30442991e2a129a5952d714,46,1,uav_0,920.0,46,1.0,beta_c_0.22,12000.0,600,50.0,0,,-1,E7,delivered,0,46,LB-v1-20260822,50.0,45,77.27334890142888,100.0,ER-HLNS-parallel-rescue,3549.9180582011645,3549.9180582011645,1,63e92bcf060179d244f3cac024c7b4b990d7c22dc73c78adcec9a12cb48849ec,0.0,77.27334890142888,LB,103,1,time_critical_lightweight,task_time_critical_lightweight_0,emergency,0,1,0.9539752519885072
90171fbe6c43d824744bf74c21cfb67be192844fb30442991e2a129a5952d714,65,1,uav_3,1200.0,60,1.0,beta_c_0.22,12600.0,630,50.0,0,,-1,E7,delivered,0,60,LB-v1-20260822,50.0,64,74.83636610877979,100.0,ER-HLNS-parallel-rescue,3853.766998414422,3853.766998414422,1,63e92bcf060179d244f3cac024c7b4b990d7c22dc73c78adcec9a12cb48849ec,0.0,74.83636610877979,LB,103,1,time_critical_lightweight,task_time_critical_lightweight_1,emergency,0,1,0.9948079019505545
90171fbe6c43d824744bf74c21cfb67be192844fb30442991e2a129a5952d714,105,0,None,-1.0,-1,0.0,beta_c_0.22,13200.0,660,50.0,1,lifeline_zero,298,E7,failed,193,-1,LB-v1-20260822,0.0,297,0.0,100.0,ER-HLNS-parallel-rescue,4718.076354042247,4718.076354042247,0,63e92bcf060179d244f3cac024c7b4b990d7c22dc73c78adcec9a12cb48849ec,50.0,0.0,LB,103,0,time_critical_lightweight,task_time_critical_lightweight_2,emergency,0,1,0.7377905179466021
90171fbe6c43d824744bf74c21cfb67be192844fb30442991e2a129a5952d714,101,1,uav_1,3080.0,154,1.0,beta_c_0.22,13800.0,690,50.0,0,,-1,E7,delivered,53,154,LB-v1-20260822,50.0,153,35.801184471469746,100.0,ER-HLNS-parallel-rescue,4622.917826000115,4622.917826000115,1,63e92bcf060179d244f3cac024c7b4b990d7c22dc73c78adcec9a12cb48849ec,0.0,35.801184471469746,LB,103,1,time_critical_lightweight,task_time_critical_lightweight_3,emergency,0,1,0.993001467773675
90171fbe6c43d824744bf74c21cfb67be192844fb30442991e2a129a5952d714,181,1,uav_2,3620.0,181,1.0,beta_c_0.22,14400.0,720,50.0,0,,-1,E7,delivered,0,181,LB-v1-20260822,50.0,180,21.161104215800528,100.0,ER-HLNS-parallel-rescue,7874.47009238337,7874.47009238337,1,63e92bcf060179d244f3cac024c7b4b990d7c22dc73c78adcec9a12cb48849ec,0.0,21.161104215800528,LB,103,1,time_critical_lightweight,task_time_critical_lightweight_4,emergency,0,1,0.8793174987113003
90171fbe6c43d824744bf74c21cfb67be192844fb30442991e2a129a5952d714,103,0,None,-1.0,-1,0.0,beta_c_0.22,15960.0,798,50.0,1,lifeline_zero,266,E7,failed,144,-1,LB-v1-20260822,0.0,268,0.0,100.0,ER-HLNS-parallel-rescue,15631.763761674247,15631.763761674247,0,63e92bcf060179d244f3cac024c7b4b990d7c22dc73c78adcec9a12cb48849ec,50.0,0.0,LB,103,0,time_critical_lightweight,task_time_critical_lightweight_5,emergency,0,1,0.7453071219044164
90171fbe6c43d824744bf74c21cfb67be192844fb30442991e2a129a5952d714,110,0,None,-1.0,-1,0.0,beta_c_0.22,16560.0,828,50.0,1,lifeline_zero,262,E7,failed,76,-1,LB-v1-20260822,0.0,261,0.0,100.0,ER-HLNS-parallel-rescue,8424.160448484647,8424.160448484647,0,63e92bcf060179d244f3cac024c7b4b990d7c22dc73c78adcec9a12cb48849ec,50.0,0.0,LB,103,0,time_critical_lightweight,task_time_critical_lightweight_6,emergency,0,1,0.9405001457932693
90171fbe6c43d824744bf74c21cfb67be192844fb30442991e2a129a5952d714,58,1,uav_4,4380.0,219,1.0,beta_c_0.22,17160.0,858,50.0,0,,-1,E7,delivered,144,219,LB-v1-20260822,50.0,219,9.513508507234677,100.0,ER-HLNS-parallel-rescue,8257.460786599386,8257.460786599386,1,63e92bcf060179d244f3cac024c7b4b990d7c22dc73c78adcec9a12cb48849ec,0.0,9.513508507234677,LB,103,1,time_critical_lightweight,task_time_critical_lightweight_7,emergency,0,1,0.9967292359223714
90171fbe6c43d824744bf74c21cfb67be192844fb30442991e2a129a5952d714,32,1,uav_1,640.0,32,1.0,beta_c_0.22,16800.0,840,50.0,0,,-1,E7,delivered,0,32,LB-v1-20260822,50.0,31,86.7717069807001,100.0,ER-HLNS-parallel-rescue,2438.790356782932,2438.790356782932,1,63e92bcf060179d244f3cac024c7b4b990d7c22dc73c78adcec9a12cb48849ec,0.0,86.7717069807001,LB,103,1,time_critical_lightweight,task_time_critical_lightweight_8,emergency,0,1,0.956249863078559
90171fbe6c43d824744bf74c21cfb67be192844fb30442991e2a129a5952d714,30,1,uav_4,1400.0,70,1.0,beta_c_0.22,17400.0,870,50.0,0,,-1,E7,delivered,46,70,LB-v1-20260822,50.0,75,65.96660001322499,100.0,ER-HLNS-parallel-rescue,5229.962687587301,5229.962687587301,1,63e92bcf060179d244f3cac024c7b4b990d7c22dc73c78adcec9a12cb48849ec,0.0,65.96660001322499,LB,103,1,time_critical_lightweight,task_time_critical_lightweight_9,emergency,0,1,0.99615912292639
90171fbe6c43d824744bf74c21cfb67be192844fb30442991e2a129a5952d714,21,1,uav_5,1060.0,53,1.0,beta_c_0.22,18000.0,900,50.0,0,,-1,E7,delivered,32,53,LB-v1-20260822,50.0,52,81.44192479395005,100.0,ER-HLNS-parallel-rescue,4101.291462269308,4101.291462269308,1,63e92bcf060179d244f3cac024c7b4b990d7c22dc73c78adcec9a12cb48849ec,0.0,81.44192479395005,LB,103,1,time_critical_lightweight,task_time_critical_lightweight_10,emergency,0,1,0.7679542876123209
90171fbe6c43d824744bf74c21cfb67be192844fb30442991e2a129a5952d714,76,0,None,-1.0,-1,0.0,beta_c_0.22,18600.0,930,50.0,1,lifeline_zero,250,E7,failed,158,-1,LB-v1-20260822,0.0,241,0.0,100.0,ER-HLNS-parallel-rescue,9892.748184234893,9892.748184234893,0,63e92bcf060179d244f3cac024c7b4b990d7c22dc73c78adcec9a12cb48849ec,50.0,0.0,LB,103,0,time_critical_lightweight,task_time_critical_lightweight_11,emergency,0,1,0.8558745641192899
90171fbe6c43d824744bf74c21cfb67be192844fb30442991e2a129a5952d714,179,0,None,-1.0,-1,0.0,beta_c_0.22,19200.0,960,800.0,1,deadline_exceeded,961,E7,failed,290,-1,LB-v1-20260822,0.0,476,0.8156339285624098,100.0,ER-HLNS-parallel-rescue,5272.8843626741755,5272.8843626741755,0,c72e7a8af14c09cdfead5a9164ca20bc565402829242dad3ead668243caf2fce,800.0,0.0,LB,104,0,routine_bulk,task_routine_bulk_0,normal,1,0,0.47918201810372657
90171fbe6c43d824744bf74c21cfb67be192844fb30442991e2a129a5952d714,12,1,truck_3,1980.0,99,1.0,beta_c_0.22,20400.0,1020,800.0,0,,-1,E7,delivered,87,99,LB-v1-20260822,800.0,98,88.96289620099411,100.0,ER-HLNS-parallel-rescue,7568.357709164488,7568.357709164488,1,c72e7a8af14c09cdfead5a9164ca20bc565402829242dad3ead668243caf2fce,0.0,88.96289620099411,LB,104,1,routine_bulk,task_routine_bulk_1,normal,1,0,0.5886518651509982
90171fbe6c43d824744bf74c21cfb67be192844fb30442991e2a129a5952d714,65,0,None,-1.0,-1,0.0,beta_c_0.22,21600.0,1080,800.0,1,deadline_exceeded,1081,E7,failed,290,-1,LB-v1-20260822,0.0,354,10.030242788472851,100.0,ER-HLNS-parallel-rescue,6249.3846204323945,6249.3846204323945,0,c72e7a8af14c09cdfead5a9164ca20bc565402829242dad3ead668243caf2fce,800.0,0.0,LB,104,0,routine_bulk,task_routine_bulk_2,normal,1,0,0.276105417555162
90171fbe6c43d824744bf74c21cfb67be192844fb30442991e2a129a5952d714,0,0,None,-1.0,-1,0.0,beta_c_0.22,22800.0,1140,800.0,1,lifeline_zero,997,E7,failed,-1,-1,LB-v1-20260822,0.0,-1,0.0,100.0,ER-HLNS-parallel-rescue,6698.28848762556,6698.28848762556,0,c72e7a8af14c09cdfead5a9164ca20bc565402829242dad3ead668243caf2fce,800.0,0.0,LB,104,0,routine_bulk,task_routine_bulk_3,normal,1,0,0.48560807268183753
90171fbe6c43d824744bf74c21cfb67be192844fb30442991e2a129a5952d714,0,1,truck_2,2880.0,144,1.0,beta_c_0.22,24000.0,1200,800.0,0,,-1,E7,delivered,-1,144,LB-v1-20260822,800.0,-1,84.59697550463424,100.0,ER-HLNS-parallel-rescue,7570.960812820636,7570.960812820636,1,c72e7a8af14c09cdfead5a9164ca20bc565402829242dad3ead668243caf2fce,0.0,84.59697550463424,LB,104,1,routine_bulk,task_routine_bulk_4,normal,1,0,0.5478035996107795
90171fbe6c43d824744bf74c21cfb67be192844fb30442991e2a129a5952d714,119,1,truck_2,6200.0,310,1.0,beta_c_0.22,25200.0,1260,800.0,0,,-1,E7,delivered,127,310,LB-v1-20260822,800.0,289,72.64918877091785,100.0,ER-HLNS-parallel-rescue,7123.574472651179,7123.574472651179,1,c72e7a8af14c09cdfead5a9164ca20bc565402829242dad3ead668243caf2fce,0.0,72.64918877091785,LB,104,1,routine_bulk,task_routine_bulk_5,normal,1,0,0.35137426266199645
90171fbe6c43d824744bf74c21cfb67be192844fb30442991e2a129a5952d714,92,1,truck_3,6520.0,326,1.0,beta_c_0.22,26400.0,1320,800.0,0,,-1,E7,delivered,206,326,LB-v1-20260822,800.0,321,67.51647234401018,100.0,ER-HLNS-parallel-rescue,6156.526159856502,6156.526159856502,1,c72e7a8af14c09cdfead5a9164ca20bc565402829242dad3ead668243caf2fce,0.0,67.51647234401018,LB,104,1,routine_bulk,task_routine_bulk_6,normal,1,0,0.4791203724344151
90171fbe6c43d824744bf74c21cfb67be192844fb30442991e2a129a5952d714,50,1,truck_3,3400.0,170,1.0,beta_c_0.22,27600.0,1380,800.0,0,,-1,E7,delivered,111,170,LB-v1-20260822,800.0,160,84.07172329170967,100.0,ER-HLNS-parallel-rescue,7985.041925894773,7985.041925894773,1,c72e7a8af14c09cdfead5a9164ca20bc565402829242dad3ead668243caf2fce,0.0,84.07172329170967,LB,104,1,routine_bulk,task_routine_bulk_7,normal,1,0,0.41526441828837324
90171fbe6c43d824744bf74c21cfb67be192844fb30442991e2a129a5952d714,19,0,None,-1.0,-1,0.0,beta_c_0.22,12000.0,600,50.0,1,lifeline_zero,278,E7,failed,50,-1,LB-v1-20260822,0.0,254,0.0,100.0,ER-HLNS-parallel-rescue,7023.7895527980045,7023.7895527980045,0,c72e7a8af14c09cdfead5a9164ca20bc565402829242dad3ead668243caf2fce,50.0,0.0,LB,104,0,time_critical_lightweight,task_time_critical_lightweight_0,emergency,0,1,0.7334050411538343
90171fbe6c43d824744bf74c21cfb67be192844fb30442991e2a129a5952d714,26,1,uav_2,4880.0,244,1.0,beta_c_0.22,12600.0,630,50.0,0,,-1,E7,delivered,218,244,LB-v1-20260822,50.0,243,15.393590995254081,100.0,ER-HLNS-parallel-rescue,7820.4684819216145,7820.4684819216145,1,c72e7a8af14c09cdfead5a9164ca20bc565402829242dad3ead668243caf2fce,0.0,15.393590995254081,LB,104,1,time_critical_lightweight,task_time_critical_lightweight_1,emergency,0,1,0.7756329563794074
90171fbe6c43d824744bf74c21cfb67be192844fb30442991e2a129a5952d714,0,0,None,-1.0,-1,0.0,beta_c_0.22,14160.0,708,50.0,1,lifeline_zero,280,E7,failed,-1,-1,LB-v1-20260822,0.0,-1,0.0,100.0,ER-HLNS-parallel-rescue,10205.303898503826,10205.303898503826,0,c72e7a8af14c09cdfead5a9164ca20bc565402829242dad3ead668243caf2fce,50.0,0.0,LB,104,0,time_critical_lightweight,task_time_critical_lightweight_2,emergency,0,1,0.7888680287525364
90171fbe6c43d824744bf74c21cfb67be192844fb30442991e2a129a5952d714,40,1,uav_3,2360.0,118,1.0,beta_c_0.22,13800.0,690,50.0,0,,-1,E7,delivered,87,118,LB-v1-20260822,50.0,126,56.72785690181488,100.0,ER-HLNS-parallel-rescue,16046.827472122433,16046.827472122433,1,c72e7a8af14c09cdfead5a9164ca20bc565402829242dad3ead668243caf2fce,0.0,56.72785690181488,LB,104,1,time_critical_lightweight,task_time_critical_lightweight_3,emergency,0,1,0.8367675481815295
90171fbe6c43d824744bf74c21cfb67be192844fb30442991e2a129a5952d714,14,1,uav_2,4120.0,206,1.0,beta_c_0.22,15360.0,768,50.0,0,,-1,E7,delivered,192,206,LB-v1-20260822,50.0,205,27.121303047742632,100.0,ER-HLNS-parallel-rescue,9174.482219933043,9174.482219933043,1,c72e7a8af14c09cdfead5a9164ca20bc565402829242dad3ead668243caf2fce,0.0,27.121303047742632,LB,104,1,time_critical_lightweight,task_time_critical_lightweight_4,emergency,0,1,0.8127661232413205
90171fbe6c43d824744bf74c21cfb67be192844fb30442991e2a129a5952d714,64,0,None,-1.0,-1,0.0,beta_c_0.22,15960.0,798,50.0,1,lifeline_zero,281,E7,failed,116,-1,LB-v1-20260822,0.0,179,0.0,100.0,ER-HLNS-parallel-rescue,19651.540378591842,19651.540378591842,0,c72e7a8af14c09cdfead5a9164ca20bc565402829242dad3ead668243caf2fce,50.0,0.0,LB,104,0,time_critical_lightweight,task_time_critical_lightweight_5,emergency,0,1,0.8423225708886023
90171fbe6c43d824744bf74c21cfb67be192844fb30442991e2a129a5952d714,87,1,uav_3,1740.0,87,1.0,beta_c_0.22,15600.0,780,50.0,0,,-1,E7,delivered,0,87,LB-v1-20260822,50.0,86,67.29267205498947,100.0,ER-HLNS-parallel-rescue,7018.248876048752,7018.248876048752,1,c72e7a8af14c09cdfead5a9164ca20bc565402829242dad3ead668243caf2fce,0.0,67.29267205498947,LB,104,1,time_critical_lightweight,task_time_critical_lightweight_6,emergency,0,1,0.8491294207660127
90171fbe6c43d824744bf74c21cfb67be192844fb30442991e2a129a5952d714,21,0,None,-1.0,-1,0.0,beta_c_0.22,16200.0,810,50.0,1,lifeline_zero,248,E7,failed,144,-1,LB-v1-20260822,0.0,164,0.0,100.0,ER-HLNS-parallel-rescue,8377.6446781383,8377.6446781383,0,c72e7a8af14c09cdfead5a9164ca20bc565402829242dad3ead668243caf2fce,50.0,0.0,LB,104,0,time_critical_lightweight,task_time_critical_lightweight_7,emergency,0,1,0.9286770435131199
90171fbe6c43d824744bf74c21cfb67be192844fb30442991e2a129a5952d714,111,1,uav_1,2220.0,111,1.0,beta_c_0.22,16800.0,840,50.0,0,,-1,E7,delivered,0,111,LB-v1-20260822,50.0,110,60.04662216435867,100.0,ER-HLNS-parallel-rescue,9300.70569730297,9300.70569730297,1,c72e7a8af14c09cdfead5a9164ca20bc565402829242dad3ead668243caf2fce,0.0,60.04662216435867,LB,104,1,time_critical_lightweight,task_time_critical_lightweight_8,emergency,0,1,0.8211665605115068
90171fbe6c43d824744bf74c21cfb67be192844fb30442991e2a129a5952d714,103,1,uav_2,3620.0,181,1.0,beta_c_0.22,17400.0,870,50.0,0,,-1,E7,delivered,0,181,LB-v1-20260822,50.0,164,31.27559983578921,100.0,ER-HLNS-parallel-rescue,7532.933777727172,7532.933777727172,1,c72e7a8af14c09cdfead5a9164ca20bc565402829242dad3ead668243caf2fce,0.0,31.27559983578921,LB,104,1,time_critical_lightweight,task_time_critical_lightweight_9,emergency,0,1,0.8946614200318721
90171fbe6c43d824744bf74c21cfb67be192844fb30442991e2a129a5952d714,5,1,uav_5,2300.0,115,1.0,beta_c_0.22,18000.0,900,50.0,0,,-1,E7,delivered,111,115,LB-v1-20260822,50.0,115,56.072536392839446,100.0,ER-HLNS-parallel-rescue,12110.343999723837,12110.343999723837,1,c72e7a8af14c09cdfead5a9164ca20bc565402829242dad3ead668243caf2fce,0.0,56.072536392839446,LB,104,1,time_critical_lightweight,task_time_critical_lightweight_10,emergency,0,1,0.9073734486686894
90171fbe6c43d824744bf74c21cfb67be192844fb30442991e2a129a5952d714,226,0,None,-1.0,-1,0.0,beta_c_0.22,18600.0,930,50.0,1,lifeline_zero,255,E7,failed,0,-1,LB-v1-20260822,0.0,254,0.0,100.0,ER-HLNS-parallel-rescue,5010.518718001438,5010.518718001438,0,c72e7a8af14c09cdfead5a9164ca20bc565402829242dad3ead668243caf2fce,50.0,0.0,LB,104,0,time_critical_lightweight,task_time_critical_lightweight_11,emergency,0,1,0.7839172668337464
90171fbe6c43d824744bf74c21cfb67be192844fb30442991e2a129a5952d714,0,0,None,-1.0,-1,0.0,beta_c_0.22,19200.0,960,800.0,1,deadline_exceeded,961,E7,failed,-1,-1,LB-v1-20260822,0.0,-1,10.085083014575781,100.0,ER-HLNS-parallel-rescue,12577.323912323805,12577.323912323805,0,14716e77b84ef7e77fe9c50243a038de0fa9a0d80a3b2e2df790697faaf07941,800.0,0.0,LB,105,0,routine_bulk,task_routine_bulk_0,normal,1,0,0.4422958379032641
90171fbe6c43d824744bf74c21cfb67be192844fb30442991e2a129a5952d714,11,1,truck_2,2020.0,101,1.0,beta_c_0.22,20400.0,1020,800.0,0,,-1,E7,delivered,90,101,LB-v1-20260822,800.0,100,90.670341956208,100.0,ER-HLNS-parallel-rescue,8114.793341322871,8114.793341322871,1,14716e77b84ef7e77fe9c50243a038de0fa9a0d80a3b2e2df790697faaf07941,0.0,90.670341956208,LB,105,1,routine_bulk,task_routine_bulk_1,normal,1,0,0.35204079810666833
90171fbe6c43d824744bf74c21cfb67be192844fb30442991e2a129a5952d714,121,1,truck_2,6740.0,337,1.0,beta_c_0.22,21600.0,1080,800.0,0,,-1,E7,delivered,216,337,LB-v1-20260822,800.0,336,71.3690520486397,100.0,ER-HLNS-parallel-rescue,8729.62675428584,8729.62675428584,1,14716e77b84ef7e77fe9c50243a038de0fa9a0d80a3b2e2df790697faaf07941,0.0,71.3690520486397,LB,105,1,routine_bulk,task_routine_bulk_2,normal,1,0,0.287785035971319
90171fbe6c43d824744bf74c21cfb67be192844fb30442991e2a129a5952d714,93,0,None,-1.0,-1,0.0,beta_c_0.22,22800.0,1140,800.0,1,lifeline_zero,1139,E7,failed,169,-1,LB-v1-20260822,0.0,261,0.0,100.0,ER-HLNS-parallel-rescue,5910.696567912473,5910.696567912473,0,14716e77b84ef7e77fe9c50243a038de0fa9a0d80a3b2e2df790697faaf07941,800.0,0.0,LB,105,0,routine_bulk,task_routine_bulk_3,normal,1,0,0.350797741406931
90171fbe6c43d824744bf74c21cfb67be192844fb30442991e2a129a5952d714,295,1,truck_3,9140.0,457,1.0,beta_c_0.22,24000.0,1200,800.0,0,,-1,E7,delivered,162,457,LB-v1-20260822,800.0,456,54.84953435259528,100.0,ER-HLNS-parallel-rescue,10694.004250403128,10694.004250403128,1,14716e77b84ef7e77fe9c50243a038de0fa9a0d80a3b2e2df790697faaf07941,0.0,54.84953435259528,LB,105,1,routine_bulk,task_routine_bulk_4,normal,1,0,0.4555758510257406
90171fbe6c43d824744bf74c21cfb67be192844fb30442991e2a129a5952d714,54,0,None,-1.0,-1,0.0,beta_c_0.22,25200.0,1260,800.0,1,lifeline_zero,1039,E7,failed,108,-1,LB-v1-20260822,0.0,161,0.0,100.0,ER-HLNS-parallel-rescue,11688.368471261618,11688.368471261618,0,14716e77b84ef7e77fe9c50243a038de0fa9a0d80a3b2e2df790697faaf07941,800.0,0.0,LB,105,0,routine_bulk,task_routine_bulk_5,normal,1,0,0.4710880429495432
90171fbe6c43d824744bf74c21cfb67be192844fb30442991e2a129a5952d714,57,1,truck_0,4560.0,228,1.0,beta_c_0.22,26400.0,1320,800.0,0,,-1,E7,delivered,171,228,LB-v1-20260822,800.0,227,78.41560180544136,100.0,ER-HLNS-parallel-rescue,6465.741892118609,6465.741892118609,1,14716e77b84ef7e77fe9c50243a038de0fa9a0d80a3b2e2df790697faaf07941,0.0,78.41560180544136,LB,105,1,routine_bulk,task_routine_bulk_6,normal,1,0,0.4027653483499122
90171fbe6c43d824744bf74c21cfb67be192844fb30442991e2a129a5952d714,11,1,truck_0,2160.0,108,1.0,beta_c_0.22,27600.0,1380,800.0,0,,-1,E7,delivered,97,108,LB-v1-20260822,800.0,107,88.80362520509155,100.0,ER-HLNS-parallel-rescue,5513.218277176952,5513.218277176952,1,14716e77b84ef7e77fe9c50243a038de0fa9a0d80a3b2e2df790697faaf07941,0.0,88.80362520509155,LB,105,1,routine_bulk,task_routine_bulk_7,normal,1,0,0.4532664729099701
90171fbe6c43d824744bf74c21cfb67be192844fb30442991e2a129a5952d714,42,1,uav_3,840.0,42,1.0,beta_c_0.22,12000.0,600,50.0,0,,-1,E7,delivered,0,42,LB-v1-20260822,50.0,41,83.222807959715,100.0,ER-HLNS-parallel-rescue,3632.0997667878946,3632.0997667878946,1,14716e77b84ef7e77fe9c50243a038de0fa9a0d80a3b2e2df790697faaf07941,0.0,83.222807959715,LB,105,1,time_critical_lightweight,task_time_critical_lightweight_0,emergency,0,1,0.8976075549457397
90171fbe6c43d824744bf74c21cfb67be192844fb30442991e2a129a5952d714,52,1,uav_1,1040.0,52,1.0,beta_c_0.22,12600.0,630,50.0,0,,-1,E7,delivered,0,52,LB-v1-20260822,50.0,51,79.61986218595472,100.0,ER-HLNS-parallel-rescue,4785.672150326649,4785.672150326649,1,14716e77b84ef7e77fe9c50243a038de0fa9a0d80a3b2e2df790697faaf07941,0.0,79.61986218595472,LB,105,1,time_critical_lightweight,task_time_critical_lightweight_1,emergency,0,1,0.778127135572565
90171fbe6c43d824744bf74c21cfb67be192844fb30442991e2a129a5952d714,54,1,uav_0,1080.0,54,1.0,beta_c_0.22,13200.0,660,50.0,0,,-1,E7,delivered,0,54,LB-v1-20260822,50.0,53,78.70344847069126,100.0,ER-HLNS-parallel-rescue,4398.113455086746,4398.113455086746,1,14716e77b84ef7e77fe9c50243a038de0fa9a0d80a3b2e2df790697faaf07941,0.0,78.70344847069126,LB,105,1,time_critical_lightweight,task_time_critical_lightweight_2,emergency,0,1,0.7499811226475924
90171fbe6c43d824744bf74c21cfb67be192844fb30442991e2a129a5952d714,14,1,uav_5,1200.0,60,1.0,beta_c_0.22,13800.0,690,50.0,0,,-1,E7,delivered,52,60,LB-v1-20260822,50.0,65,73.68735783084756,100.0,ER-HLNS-parallel-rescue,5420.674333996477,5420.674333996477,1,14716e77b84ef7e77fe9c50243a038de0fa9a0d80a3b2e2df790697faaf07941,0.0,73.68735783084756,LB,105,1,time_critical_lightweight,task_time_critical_lightweight_3,emergency,0,1,0.9578263112503582
90171fbe6c43d824744bf74c21cfb67be192844fb30442991e2a129a5952d714,92,1,uav_2,3100.0,155,1.0,beta_c_0.22,15360.0,768,50.0,0,,-1,E7,delivered,52,155,LB-v1-20260822,50.0,154,42.78179519031489,100.0,ER-HLNS-parallel-rescue,7181.023200554933,7181.023200554933,1,14716e77b84ef7e77fe9c50243a038de0fa9a0d80a3b2e2df790697faaf07941,0.0,42.78179519031489,LB,105,1,time_critical_lightweight,task_time_critical_lightweight_4,emergency,0,1,0.795836380139859
90171fbe6c43d824744bf74c21cfb67be192844fb30442991e2a129a5952d714,21,1,uav_2,3780.0,189,1.0,beta_c_0.22,15000.0,750,50.0,0,,-1,E7,delivered,162,189,LB-v1-20260822,50.0,182,29.429836283455035,100.0,ER-HLNS-parallel-rescue,6377.527483238084,6377.527483238084,1,14716e77b84ef7e77fe9c50243a038de0fa9a0d80a3b2e2df790697faaf07941,0.0,29.429836283455035,LB,105,1,time_critical_lightweight,task_time_critical_lightweight_5,emergency,0,1,0.780918270447546
90171fbe6c43d824744bf74c21cfb67be192844fb30442991e2a129a5952d714,48,0,None,-1.0,-1,0.0,beta_c_0.22,16560.0,828,50.0,1,lifeline_zero,281,E7,failed,42,-1,LB-v1-20260822,0.0,89,0.0,100.0,ER-HLNS-parallel-rescue,9029.776283917252,9029.776283917252,0,14716e77b84ef7e77fe9c50243a038de0fa9a0d80a3b2e2df790697faaf07941,50.0,0.0,LB,105,0,time_critical_lightweight,task_time_critical_lightweight_6,emergency,0,1,0.8689360715219382
90171fbe6c43d824744bf74c21cfb67be192844fb30442991e2a129a5952d714,73,1,uav_2,4320.0,216,1.0,beta_c_0.22,17160.0,858,50.0,0,,-1,E7,delivered,0,216,LB-v1-20260822,50.0,215,9.313464790923767,100.0,ER-HLNS-parallel-rescue,6748.743106898455,6748.743106898455,1,14716e77b84ef7e77fe9c50243a038de0fa9a0d80a3b2e2df790697faaf07941,0.0,9.313464790923767,LB,105,1,time_critical_lightweight,task_time_critical_lightweight_7,emergency,0,1,0.9402474835352292
90171fbe6c43d824744bf74c21cfb67be192844fb30442991e2a129a5952d714,72,1,uav_4,2440.0,122,1.0,beta_c_0.22,16800.0,840,50.0,0,,-1,E7,delivered,54,122,LB-v1-20260822,50.0,125,44.61091211643105,100.0,ER-HLNS-parallel-rescue,6916.263526249127,6916.263526249127,1,14716e77b84ef7e77fe9c50243a038de0fa9a0d80a3b2e2df790697faaf07941,0.0,44.61091211643105,LB,105,1,time_critical_lightweight,task_time_critical_lightweight_8,emergency,0,1,0.9661089449093814
90171fbe6c43d824744bf74c21cfb67be192844fb30442991e2a129a5952d714,33,1,uav_5,3280.0,164,1.0,beta_c_0.22,17400.0,870,50.0,0,,-1,E7,delivered,129,164,LB-v1-20260822,50.0,161,40.274663281028374,100.0,ER-HLNS-parallel-rescue,10495.756357098931,10495.756357098931,1,14716e77b84ef7e77fe9c50243a038de0fa9a0d80a3b2e2df790697faaf07941,0.0,40.274663281028374,LB,105,1,time_critical_lightweight,task_time_critical_lightweight_9,emergency,0,1,0.8274854444539167
90171fbe6c43d824744bf74c21cfb67be192844fb30442991e2a129a5952d714,45,1,uav_0,3420.0,171,1.0,beta_c_0.22,18000.0,900,50.0,0,,-1,E7,delivered,126,171,LB-v1-20260822,50.0,170,40.381976567427095,100.0,ER-HLNS-parallel-rescue,8510.237238411748,8510.237238411748,1,14716e77b84ef7e77fe9c50243a038de0fa9a0d80a3b2e2df790697faaf07941,0.0,40.381976567427095,LB,105,1,time_critical_lightweight,task_time_critical_lightweight_10,emergency,0,1,0.7765952172368125
90171fbe6c43d824744bf74c21cfb67be192844fb30442991e2a129a5952d714,70,1,uav_1,3380.0,169,1.0,beta_c_0.22,18600.0,930,50.0,0,,-1,E7,delivered,66,169,LB-v1-20260822,50.0,168,36.03905775556282,100.0,ER-HLNS-parallel-rescue,10506.128035288262,10506.128035288262,1,14716e77b84ef7e77fe9c50243a038de0fa9a0d80a3b2e2df790697faaf07941,0.0,36.03905775556282,LB,105,1,time_critical_lightweight,task_time_critical_lightweight_11,emergency,0,1,0.8832814159350445
90171fbe6c43d824744bf74c21cfb67be192844fb30442991e2a129a5952d714,0,1,truck_2,740.0,37,1.0,beta_c_0.22,19200.0,960,800.0,0,,-1,E7,delivered,-1,37,LB-v1-20260822,800.0,-1,96.54777720445192,100.0,ER-HLNS-parallel-rescue,3049.050045046094,3049.050045046094,1,c8b0c582304d8a9c77f6d75116866afa5228cd3bcf103200933ed5202fe5a2d0,0.0,96.54777720445192,LB,106,1,routine_bulk,task_routine_bulk_0,normal,1,0,0.3041748807187687
90171fbe6c43d824744bf74c21cfb67be192844fb30442991e2a129a5952d714,72,1,truck_2,6220.0,311,1.0,beta_c_0.22,20400.0,1020,800.0,0,,-1,E7,delivered,239,311,LB-v1-20260822,800.0,310,75.78640224732345,100.0,ER-HLNS-parallel-rescue,11755.03202291802,11755.03202291802,1,c8b0c582304d8a9c77f6d75116866afa5228cd3bcf103200933ed5202fe5a2d0,0.0,75.78640224732345,LB,106,1,routine_bulk,task_routine_bulk_1,normal,1,0,0.23717705835687986
90171fbe6c43d824744bf74c21cfb67be192844fb30442991e2a129a5952d714,52,0,None,-1.0,-1,0.0,beta_c_0.22,21600.0,1080,800.0,1,deadline_exceeded,1081,E7,failed,197,-1,LB-v1-20260822,0.0,256,20.801206276397178,100.0,ER-HLNS-parallel-rescue,7762.225913505712,7762.225913505712,0,c8b0c582304d8a9c77f6d75116866afa5228cd3bcf103200933ed5202fe5a2d0,800.0,0.0,LB,106,0,routine_bulk,task_routine_bulk_2,normal,1,0,0.20180158138940132
90171fbe6c43d824744bf74c21cfb67be192844fb30442991e2a129a5952d714,77,0,None,-1.0,-1,0.0,beta_c_0.22,22800.0,1140,800.0,1,lifeline_zero,1126,E7,failed,180,-1,LB-v1-20260822,0.0,256,0.0,100.0,ER-HLNS-parallel-rescue,7568.718729445891,7568.718729445891,0,c8b0c582304d8a9c77f6d75116866afa5228cd3bcf103200933ed5202fe5a2d0,800.0,0.0,LB,106,0,routine_bulk,task_routine_bulk_3,normal,1,0,0.3703078937759816
90171fbe6c43d824744bf74c21cfb67be192844fb30442991e2a129a5952d714,0,1,truck_3,2120.0,106,1.0,beta_c_0.22,24000.0,1200,800.0,0,,-1,E7,delivered,-1,106,LB-v1-20260822,800.0,-1,91.41083586159287,100.0,ER-HLNS-parallel-rescue,7346.585050938757,7346.585050938757,1,c8b0c582304d8a9c77f6d75116866afa5228cd3bcf103200933ed5202fe5a2d0,0.0,91.41083586159287,LB,106,1,routine_bulk,task_routine_bulk_4,normal,1,0,0.25635863431386674
90171fbe6c43d824744bf74c21cfb67be192844fb30442991e2a129a5952d714,9,1,truck_0,180.0,9,1.0,beta_c_0.22,25200.0,1260,800.0,0,,-1,E7,delivered,0,9,LB-v1-20260822,800.0,8,98.94528326534876,100.0,ER-HLNS-parallel-rescue,321.7564136050573,321.7564136050573,1,c8b0c582304d8a9c77f6d75116866afa5228cd3bcf103200933ed5202fe5a2d0,0.0,98.94528326534876,LB,106,1,routine_bulk,task_routine_bulk_5,normal,1,0,0.5920820278261801
90171fbe6c43d824744bf74c21cfb67be192844fb30442991e2a129a5952d714,14,1,truck_3,280.0,14,1.0,beta_c_0.22,26400.0,1320,800.0,0,,-1,E7,delivered,0,14,LB-v1-20260822,800.0,13,98.72376561355583,100.0,ER-HLNS-parallel-rescue,741.1163378438463,741.1163378438463,1,c8b0c582304d8a9c77f6d75116866afa5228cd3bcf103200933ed5202fe5a2d0,0.0,98.72376561355583,LB,106,1,routine_bulk,task_routine_bulk_6,normal,1,0,0.3294775831790963
90171fbe6c43d824744bf74c21cfb67be192844fb30442991e2a129a5952d714,12,0,None,-1.0,-1,0.0,beta_c_0.22,27600.0,1380,800.0,1,lifeline_zero,947,E7,failed,138,-1,LB-v1-20260822,0.0,149,0.0,100.0,ER-HLNS-parallel-rescue,4309.209615779867,4309.209615779867,0,c8b0c582304d8a9c77f6d75116866afa5228cd3bcf103200933ed5202fe5a2d0,800.0,0.0,LB,106,0,routine_bulk,task_routine_bulk_7,normal,1,0,0.5555376124004635
90171fbe6c43d824744bf74c21cfb67be192844fb30442991e2a129a5952d714,9,1,uav_2,3600.0,180,1.0,beta_c_0.22,12000.0,600,50.0,0,,-1,E7,delivered,171,180,LB-v1-20260822,50.0,179,38.44353948308642,100.0,ER-HLNS-parallel-rescue,11354.674767540788,11354.674767540788,1,c8b0c582304d8a9c77f6d75116866afa5228cd3bcf103200933ed5202fe5a2d0,0.0,38.44353948308642,LB,106,1,time_critical_lightweight,task_time_critical_lightweight_0,emergency,0,1,0.774646165207239
90171fbe6c43d824744bf74c21cfb67be192844fb30442991e2a129a5952d714,85,1,uav_2,1700.0,85,1.0,beta_c_0.22,12600.0,630,50.0,0,,-1,E7,delivered,0,85,LB-v1-20260822,50.0,84,68.13075025467236,100.0,ER-HLNS-parallel-rescue,7230.961196434538,7230.961196434538,1,c8b0c582304d8a9c77f6d75116866afa5228cd3bcf103200933ed5202fe5a2d0,0.0,68.13075025467236,LB,106,1,time_critical_lightweight,task_time_critical_lightweight_1,emergency,0,1,0.7809525578988008
90171fbe6c43d824744bf74c21cfb67be192844fb30442991e2a129a5952d714,99,1,uav_3,3720.0,186,1.0,beta_c_0.22,13200.0,660,50.0,0,,-1,E7,delivered,27,186,LB-v1-20260822,50.0,185,28.680286162493967,100.0,ER-HLNS-parallel-rescue,9555.659530191586,9555.659530191586,1,c8b0c582304d8a9c77f6d75116866afa5228cd3bcf103200933ed5202fe5a2d0,0.0,28.680286162493967,LB,106,1,time_critical_lightweight,task_time_critical_lightweight_2,emergency,0,1,0.9049880278821211
90171fbe6c43d824744bf74c21cfb67be192844fb30442991e2a129a5952d714,27,1,uav_1,540.0,27,1.0,beta_c_0.22,13800.0,690,50.0,0,,-1,E7,delivered,0,27,LB-v1-20260822,50.0,26,90.38111971911025,100.0,ER-HLNS-parallel-rescue,2616.5347358552845,2616.5347358552845,1,c8b0c582304d8a9c77f6d75116866afa5228cd3bcf103200933ed5202fe5a2d0,0.0,90.38111971911025,LB,106,1,time_critical_lightweight,task_time_critical_lightweight_3,emergency,0,1,0.7465918500496874
90171fbe6c43d824744bf74c21cfb67be192844fb30442991e2a129a5952d714,84,1,uav_0,1860.0,93,1.0,beta_c_0.22,14400.0,720,50.0,0,,-1,E7,delivered,9,93,LB-v1-20260822,50.0,92,63.66083852970235,100.0,ER-HLNS-parallel-rescue,4481.754838637108,4481.754838637108,1,c8b0c582304d8a9c77f6d75116866afa5228cd3bcf103200933ed5202fe5a2d0,0.0,63.66083852970235,LB,106,1,time_critical_lightweight,task_time_critical_lightweight_4,emergency,0,1,0.7312565824232282
90171fbe6c43d824744bf74c21cfb67be192844fb30442991e2a129a5952d714,73,1,uav_2,3340.0,167,1.0,beta_c_0.22,15000.0,750,50.0,0,,-1,E7,delivered,94,167,LB-v1-20260822,50.0,166,34.912060192808966,100.0,ER-HLNS-parallel-rescue,9318.293364685915,9318.293364685915,1,c8b0c582304d8a9c77f6d75116866afa5228cd3bcf103200933ed5202fe5a2d0,0.0,34.912060192808966,LB,106,1,time_critical_lightweight,task_time_critical_lightweight_5,emergency,0,1,0.9426048541447214
90171fbe6c43d824744bf74c21cfb67be192844fb30442991e2a129a5952d714,9,1,uav_2,1880.0,94,1.0,beta_c_0.22,15600.0,780,50.0,0,,-1,E7,delivered,85,94,LB-v1-20260822,50.0,93,64.45872274407185,100.0,ER-HLNS-parallel-rescue,8013.192717317415,8013.192717317415,1,c8b0c582304d8a9c77f6d75116866afa5228cd3bcf103200933ed5202fe5a2d0,0.0,64.45872274407185,LB,106,1,time_critical_lightweight,task_time_critical_lightweight_6,emergency,0,1,0.8110072138332803
90171fbe6c43d824744bf74c21cfb67be192844fb30442991e2a129a5952d714,34,0,None,-1.0,-1,0.0,beta_c_0.22,17160.0,858,50.0,1,lifeline_zero,232,E7,failed,150,-1,LB-v1-20260822,0.0,208,0.0,100.0,ER-HLNS-parallel-rescue,13599.829777370682,13599.829777370682,0,c8b0c582304d8a9c77f6d75116866afa5228cd3bcf103200933ed5202fe5a2d0,50.0,0.0,LB,106,0,time_critical_lightweight,task_time_critical_lightweight_7,emergency,0,1,0.8975879731334194
90171fbe6c43d824744bf74c21cfb67be192844fb30442991e2a129a5952d714,60,1,uav_3,3780.0,189,1.0,beta_c_0.22,16800.0,840,50.0,0,,-1,E7,delivered,94,189,LB-v1-20260822,50.0,188,25.00461498199457,100.0,ER-HLNS-parallel-rescue,9583.174302716527,9583.174302716527,1,c8b0c582304d8a9c77f6d75116866afa5228cd3bcf103200933ed5202fe5a2d0,0.0,25.00461498199457,LB,106,1,time_critical_lightweight,task_time_critical_lightweight_8,emergency,0,1,0.9606920144075497
90171fbe6c43d824744bf74c21cfb67be192844fb30442991e2a129a5952d714,38,1,uav_0,4940.0,247,1.0,beta_c_0.22,18360.0,918,50.0,0,,-1,E7,delivered,209,247,LB-v1-20260822,50.0,246,12.365145714731428,100.0,ER-HLNS-parallel-rescue,11419.695818305287,11419.695818305287,1,c8b0c582304d8a9c77f6d75116866afa5228cd3bcf103200933ed5202fe5a2d0,0.0,12.365145714731428,LB,106,1,time_critical_lightweight,task_time_critical_lightweight_9,emergency,0,1,0.7350690289126702
90171fbe6c43d824744bf74c21cfb67be192844fb30442991e2a129a5952d714,144,1,uav_3,3940.0,197,1.0,beta_c_0.22,18960.0,948,50.0,0,,-1,E7,delivered,14,197,LB-v1-20260822,50.0,196,29.71850484005934,100.0,ER-HLNS-parallel-rescue,9944.256660494088,9944.256660494088,1,c8b0c582304d8a9c77f6d75116866afa5228cd3bcf103200933ed5202fe5a2d0,0.0,29.71850484005934,LB,106,1,time_critical_lightweight,task_time_critical_lightweight_10,emergency,0,1,0.8116832852154032
90171fbe6c43d824744bf74c21cfb67be192844fb30442991e2a129a5952d714,167,1,uav_5,5380.0,269,1.0,beta_c_0.22,18600.0,930,50.0,0,,-1,E7,delivered,90,269,LB-v1-20260822,50.0,268,2.761653015353807,100.0,ER-HLNS-parallel-rescue,9249.538160907647,9249.538160907647,1,c8b0c582304d8a9c77f6d75116866afa5228cd3bcf103200933ed5202fe5a2d0,0.0,2.761653015353807,LB,106,1,time_critical_lightweight,task_time_critical_lightweight_11,emergency,0,1,0.8206547515719875
90171fbe6c43d824744bf74c21cfb67be192844fb30442991e2a129a5952d714,0,1,truck_3,2500.0,125,1.0,beta_c_0.22,19200.0,960,800.0,0,,-1,E7,delivered,-1,125,LB-v1-20260822,800.0,-1,86.53595358227145,100.0,ER-HLNS-parallel-rescue,4676.861376701063,4676.861376701063,1,312c0b294c114f0cc8f9b2f251eeb589f2f7e07bdbabc2ca2ec473197ffa18d8,0.0,86.53595358227145,LB,107,1,routine_bulk,task_routine_bulk_0,normal,1,0,0.5706680857831006
90171fbe6c43d824744bf74c21cfb67be192844fb30442991e2a129a5952d714,62,1,truck_0,2480.0,124,1.0,beta_c_0.22,20400.0,1020,800.0,0,,-1,E7,delivered,62,124,LB-v1-20260822,800.0,123,89.97671937454982,100.0,ER-HLNS-parallel-rescue,4365.266097324558,4365.266097324558,1,312c0b294c114f0cc8f9b2f251eeb589f2f7e07bdbabc2ca2ec473197ffa18d8,0.0,89.97671937454982,LB,107,1,routine_bulk,task_routine_bulk_1,normal,1,0,0.2966517718910157
90171fbe6c43d824744bf74c21cfb67be192844fb30442991e2a129a5952d714,0,1,truck_0,760.0,38,1.0,beta_c_0.22,21600.0,1080,800.0,0,,-1,E7,delivered,-1,38,LB-v1-20260822,800.0,-1,95.95163454467597,100.0,ER-HLNS-parallel-rescue,3168.672550952722,3168.672550952722,1,312c0b294c114f0cc8f9b2f251eeb589f2f7e07bdbabc2ca2ec473197ffa18d8,0.0,95.95163454467597,LB,107,1,routine_bulk,task_routine_bulk_2,normal,1,0,0.5547067970949975
90171fbe6c43d824744bf74c21cfb67be192844fb30442991e2a129a5952d714,0,1,truck_0,2780.0,139,1.0,beta_c_0.22,22800.0,1140,800.0,0,,-1,E7,delivered,-1,139,LB-v1-20260822,800.0,-1,89.38189482261204,100.0,ER-HLNS-parallel-rescue,3245.16352904983,3245.16352904983,1,312c0b294c114f0cc8f9b2f251eeb589f2f7e07bdbabc2ca2ec473197ffa18d8,0.0,89.38189482261204,LB,107,1,routine_bulk,task_routine_bulk_3,normal,1,0,0.2436562031867523
90171fbe6c43d824744bf74c21cfb67be192844fb30442991e2a129a5952d714,68,1,truck_3,3540.0,177,1.0,beta_c_0.22,24000.0,1200,800.0,0,,-1,E7,delivered,109,177,LB-v1-20260822,800.0,176,83.45777799140325,100.0,ER-HLNS-parallel-rescue,5980.171646239756,5980.171646239756,1,312c0b294c114f0cc8f9b2f251eeb589f2f7e07bdbabc2ca2ec473197ffa18d8,0.0,83.45777799140325,LB,107,1,routine_bulk,task_routine_bulk_4,normal,1,0,0.4304808019757515
90171fbe6c43d824744bf74c21cfb67be192844fb30442991e2a129a5952d714,83,1,truck_1,4480.0,224,1.0,beta_c_0.22,25200.0,1260,800.0,0,,-1,E7,delivered,91,224,LB-v1-20260822,800.0,223,79.54870102316546,100.0,ER-HLNS-parallel-rescue,4790.794991940095,4790.794991940095,1,312c0b294c114f0cc8f9b2f251eeb589f2f7e07bdbabc2ca2ec473197ffa18d8,0.0,79.54870102316546,LB,107,1,routine_bulk,task_routine_bulk_5,normal,1,0,0.3804450519899658
90171fbe6c43d824744bf74c21cfb67be192844fb30442991e2a129a5952d714,210,0,None,-1.0,-1,0.0,beta_c_0.22,26400.0,1320,800.0,1,lifeline_zero,1299,E7,failed,157,-1,LB-v1-20260822,0.0,395,0.0,100.0,ER-HLNS-parallel-rescue,9323.57765247018,9323.57765247018,0,312c0b294c114f0cc8f9b2f251eeb589f2f7e07bdbabc2ca2ec473197ffa18d8,800.0,0.0,LB,107,0,routine_bulk,task_routine_bulk_6,normal,1,0,0.2221731791610967
90171fbe6c43d824744bf74c21cfb67be192844fb30442991e2a129a5952d714,101,1,truck_0,4900.0,245,1.0,beta_c_0.22,27600.0,1380,800.0,0,,-1,E7,delivered,124,245,LB-v1-20260822,800.0,244,76.47517362452754,100.0,ER-HLNS-parallel-rescue,2675.351273261336,2675.351273261336,1,312c0b294c114f0cc8f9b2f251eeb589f2f7e07bdbabc2ca2ec473197ffa18d8,0.0,76.47517362452754,LB,107,1,routine_bulk,task_routine_bulk_7,normal,1,0,0.4377062722154169
90171fbe6c43d824744bf74c21cfb67be192844fb30442991e2a129a5952d714,142,1,uav_0,3640.0,182,1.0,beta_c_0.22,12000.0,600,50.0,0,,-1,E7,delivered,22,182,LB-v1-20260822,50.0,181,33.43847379546197,100.0,ER-HLNS-parallel-rescue,5394.62580921223,5394.62580921223,1,312c0b294c114f0cc8f9b2f251eeb589f2f7e07bdbabc2ca2ec473197ffa18d8,0.0,33.43847379546197,LB,107,1,time_critical_lightweight,task_time_critical_lightweight_0,emergency,0,1,0.8302499593770897
90171fbe6c43d824744bf74c21cfb67be192844fb30442991e2a129a5952d714,15,1,uav_3,300.0,15,1.0,beta_c_0.22,12600.0,630,50.0,0,,-1,E7,delivered,0,15,LB-v1-20260822,50.0,14,94.4948036701811,100.0,ER-HLNS-parallel-rescue,1255.9076213524656,1255.9076213524656,1,312c0b294c114f0cc8f9b2f251eeb589f2f7e07bdbabc2ca2ec473197ffa18d8,0.0,94.4948036701811,LB,107,1,time_critical_lightweight,task_time_critical_lightweight_1,emergency,0,1,0.7411016998019768
90171fbe6c43d824744bf74c21cfb67be192844fb30442991e2a129a5952d714,20,1,uav_1,1640.0,82,1.0,beta_c_0.22,14160.0,708,50.0,0,,-1,E7,delivered,62,82,LB-v1-20260822,50.0,81,72.73296331036224,100.0,ER-HLNS-parallel-rescue,8978.493170966221,8978.493170966221,1,312c0b294c114f0cc8f9b2f251eeb589f2f7e07bdbabc2ca2ec473197ffa18d8,0.0,72.73296331036224,LB,107,1,time_critical_lightweight,task_time_critical_lightweight_2,emergency,0,1,0.7545769185202815
90171fbe6c43d824744bf74c21cfb67be192844fb30442991e2a129a5952d714,9,1,uav_5,2140.0,107,1.0,beta_c_0.22,14760.0,738,50.0,0,,-1,E7,delivered,82,107,LB-v1-20260822,50.0,90,62.3666422794286,100.0,ER-HLNS-parallel-rescue,9241.05280832803,9241.05280832803,1,312c0b294c114f0cc8f9b2f251eeb589f2f7e07bdbabc2ca2ec473197ffa18d8,0.0,62.3666422794286,LB,107,1,time_critical_lightweight,task_time_critical_lightweight_3,emergency,0,1,0.8390694278116883
90171fbe6c43d824744bf74c21cfb67be192844fb30442991e2a129a5952d714,28,1,uav_0,560.0,28,1.0,beta_c_0.22,14400.0,720,50.0,0,,-1,E7,delivered,0,28,LB-v1-20260822,50.0,27,90.0398870849192,100.0,ER-HLNS-parallel-rescue,2739.1399798010775,2739.1399798010775,1,312c0b294c114f0cc8f9b2f251eeb589f2f7e07bdbabc2ca2ec473197ffa18d8,0.0,90.0398870849192,LB,107,1,time_critical_lightweight,task_time_critical_lightweight_4,emergency,0,1,0.8046278717993235
90171fbe6c43d824744bf74c21cfb67be192844fb30442991e2a129a5952d714,94,1,uav_3,2180.0,109,1.0,beta_c_0.22,15000.0,750,50.0,0,,-1,E7,delivered,15,109,LB-v1-20260822,50.0,108,58.35716232108504,100.0,ER-HLNS-parallel-rescue,3797.4401881228073,3797.4401881228073,1,312c0b294c114f0cc8f9b2f251eeb589f2f7e07bdbabc2ca2ec473197ffa18d8,0.0,58.35716232108504,LB,107,1,time_critical_lightweight,task_time_critical_lightweight_5,emergency,0,1,0.90085693700648
90171fbe6c43d824744bf74c21cfb67be192844fb30442991e2a129a5952d714,9,1,uav_2,3320.0,166,1.0,beta_c_0.22,15600.0,780,50.0,0,,-1,E7,delivered,157,166,LB-v1-20260822,50.0,165,40.7521531133956,100.0,ER-HLNS-parallel-rescue,5747.812352952764,5747.812352952764,1,312c0b294c114f0cc8f9b2f251eeb589f2f7e07bdbabc2ca2ec473197ffa18d8,0.0,40.7521531133956,LB,107,1,time_critical_lightweight,task_time_critical_lightweight_6,emergency,0,1,0.7731538051901221
90171fbe6c43d824744bf74c21cfb67be192844fb30442991e2a129a5952d714,34,1,uav_2,4140.0,207,1.0,beta_c_0.22,17160.0,858,50.0,0,,-1,E7,delivered,173,207,LB-v1-20260822,50.0,206,25.499996577381776,100.0,ER-HLNS-parallel-rescue,9338.434762348648,9338.434762348648,1,312c0b294c114f0cc8f9b2f251eeb589f2f7e07bdbabc2ca2ec473197ffa18d8,0.0,25.499996577381776,LB,107,1,time_critical_lightweight,task_time_critical_lightweight_7,emergency,0,1,0.8164838175840352
90171fbe6c43d824744bf74c21cfb67be192844fb30442991e2a129a5952d714,34,1,uav_4,1060.0,53,1.0,beta_c_0.22,16800.0,840,50.0,0,,-1,E7,delivered,28,53,LB-v1-20260822,50.0,61,78.66123262675389,100.0,ER-HLNS-parallel-rescue,4433.27498858184,4433.27498858184,1,312c0b294c114f0cc8f9b2f251eeb589f2f7e07bdbabc2ca2ec473197ffa18d8,0.0,78.66123262675389,LB,107,1,time_critical_lightweight,task_time_critical_lightweight_8,emergency,0,1,0.969115762600605
90171fbe6c43d824744bf74c21cfb67be192844fb30442991e2a129a5952d714,22,1,uav_2,440.0,22,1.0,beta_c_0.22,17400.0,870,50.0,0,,-1,E7,delivered,0,22,LB-v1-20260822,50.0,21,90.489922577558,100.0,ER-HLNS-parallel-rescue,1706.9408225484358,1706.9408225484358,1,312c0b294c114f0cc8f9b2f251eeb589f2f7e07bdbabc2ca2ec473197ffa18d8,0.0,90.489922577558,LB,107,1,time_critical_lightweight,task_time_critical_lightweight_9,emergency,0,1,0.9597035886893125
90171fbe6c43d824744bf74c21cfb67be192844fb30442991e2a129a5952d714,50,1,uav_1,1000.0,50,1.0,beta_c_0.22,18000.0,900,50.0,0,,-1,E7,delivered,0,50,LB-v1-20260822,50.0,49,81.67295222089228,100.0,ER-HLNS-parallel-rescue,3763.818128189182,3763.818128189182,1,312c0b294c114f0cc8f9b2f251eeb589f2f7e07bdbabc2ca2ec473197ffa18d8,0.0,81.67295222089228,LB,107,1,time_critical_lightweight,task_time_critical_lightweight_10,emergency,0,1,0.8653418966582734
90171fbe6c43d824744bf74c21cfb67be192844fb30442991e2a129a5952d714,12,1,uav_5,1160.0,58,1.0,beta_c_0.22,18600.0,930,50.0,0,,-1,E7,delivered,50,58,LB-v1-20260822,50.0,61,77.26099896941551,100.0,ER-HLNS-parallel-rescue,5710.389558214626,5710.389558214626,1,312c0b294c114f0cc8f9b2f251eeb589f2f7e07bdbabc2ca2ec473197ffa18d8,0.0,77.26099896941551,LB,107,1,time_critical_lightweight,task_time_critical_lightweight_11,emergency,0,1,0.961564265025886
90171fbe6c43d824744bf74c21cfb67be192844fb30442991e2a129a5952d714,9,1,truck_3,1860.0,93,1.0,beta_c_0.22,19200.0,960,800.0,0,,-1,E7,delivered,84,93,LB-v1-20260822,800.0,92,89.4473381923459,100.0,ER-HLNS-parallel-rescue,2859.966141595017,2859.966141595017,1,15ffe9e90a19f50ccab9af9cfd961b230475554adfcfa639c7dc4ffa909c030d,0.0,89.4473381923459,LB,108,1,routine_bulk,task_routine_bulk_0,normal,1,0,0.5609855287075038
90171fbe6c43d824744bf74c21cfb67be192844fb30442991e2a129a5952d714,0,1,truck_1,2880.0,144,1.0,beta_c_0.22,20400.0,1020,800.0,0,,-1,E7,delivered,-1,144,LB-v1-20260822,800.0,-1,84.38583506109921,100.0,ER-HLNS-parallel-rescue,5637.344423392569,5637.344423392569,1,15ffe9e90a19f50ccab9af9cfd961b230475554adfcfa639c7dc4ffa909c030d,0.0,84.38583506109921,LB,108,1,routine_bulk,task_routine_bulk_1,normal,1,0,0.501236365885313
90171fbe6c43d824744bf74c21cfb67be192844fb30442991e2a129a5952d714,214,0,None,-1.0,-1,0.0,beta_c_0.22,21600.0,1080,800.0,1,lifeline_zero,962,E7,failed,240,-1,LB-v1-20260822,0.0,493,0.0,100.0,ER-HLNS-parallel-rescue,9942.057192264663,9942.057192264663,0,15ffe9e90a19f50ccab9af9cfd961b230475554adfcfa639c7dc4ffa909c030d,800.0,0.0,LB,108,0,routine_bulk,task_routine_bulk_2,normal,1,0,0.5555026708663071
90171fbe6c43d824744bf74c21cfb67be192844fb30442991e2a129a5952d714,0,1,truck_0,1020.0,51,1.0,beta_c_0.22,22800.0,1140,800.0,0,,-1,E7,delivered,-1,51,LB-v1-20260822,800.0,-1,95.56548672714192,100.0,ER-HLNS-parallel-rescue,4666.121541604554,4666.121541604554,1,15ffe9e90a19f50ccab9af9cfd961b230475554adfcfa639c7dc4ffa909c030d,0.0,95.56548672714192,LB,108,1,routine_bulk,task_routine_bulk_3,normal,1,0,0.3185650985937015
90171fbe6c43d824744bf74c21cfb67be192844fb30442991e2a129a5952d714,158,0,None,-1.0,-1,0.0,beta_c_0.22,24000.0,1200,800.0,1,lifeline_zero,1157,E7,failed,298,-1,LB-v1-20260822,0.0,455,0.0,100.0,ER-HLNS-parallel-rescue,6781.35066497251,6781.35066497251,0,15ffe9e90a19f50ccab9af9cfd961b230475554adfcfa639c7dc4ffa909c030d,800.0,0.0,LB,108,0,routine_bulk,task_routine_bulk_4,normal,1,0,0.34064574335616304
90171fbe6c43d824744bf74c21cfb67be192844fb30442991e2a129a5952d714,0,1,truck_1,1140.0,57,1.0,beta_c_0.22,25200.0,1260,800.0,0,,-1,E7,delivered,-1,57,LB-v1-20260822,800.0,-1,95.20410833797288,100.0,ER-HLNS-parallel-rescue,4155.704745337662,4155.704745337662,1,15ffe9e90a19f50ccab9af9cfd961b230475554adfcfa639c7dc4ffa909c030d,0.0,95.20410833797288,LB,108,1,routine_bulk,task_routine_bulk_5,normal,1,0,0.25864485362533485
90171fbe6c43d824744bf74c21cfb67be192844fb30442991e2a129a5952d714,234,0,None,-1.0,-1,0.0,beta_c_0.22,26400.0,1320,800.0,1,lifeline_zero,1141,E7,failed,250,-1,LB-v1-20260822,0.0,653,0.0,100.0,ER-HLNS-parallel-rescue,10185.81922082076,10185.81922082076,0,15ffe9e90a19f50ccab9af9cfd961b230475554adfcfa639c7dc4ffa909c030d,800.0,0.0,LB,108,0,routine_bulk,task_routine_bulk_6,normal,1,0,0.343202237017046
90171fbe6c43d824744bf74c21cfb67be192844fb30442991e2a129a5952d714,18,1,truck_1,5400.0,270,1.0,beta_c_0.22,27600.0,1380,800.0,0,,-1,E7,delivered,145,270,LB-v1-20260822,800.0,267,69.11864148122194,100.0,ER-HLNS-parallel-rescue,7723.085120746713,7723.085120746713,1,15ffe9e90a19f50ccab9af9cfd961b230475554adfcfa639c7dc4ffa909c030d,0.0,69.11864148122194,LB,108,1,routine_bulk,task_routine_bulk_7,normal,1,0,0.5744015331175518
90171fbe6c43d824744bf74c21cfb67be192844fb30442991e2a129a5952d714,28,1,uav_2,1520.0,76,1.0,beta_c_0.22,12000.0,600,50.0,0,,-1,E7,delivered,48,76,LB-v1-20260822,50.0,75,73.33559228974669,100.0,ER-HLNS-parallel-rescue,6586.287052661501,6586.287052661501,1,15ffe9e90a19f50ccab9af9cfd961b230475554adfcfa639c7dc4ffa909c030d,0.0,73.33559228974669,LB,108,1,time_critical_lightweight,task_time_critical_lightweight_0,emergency,0,1,0.7335914098601112
90171fbe6c43d824744bf74c21cfb67be192844fb30442991e2a129a5952d714,14,1,uav_3,4940.0,247,1.0,beta_c_0.22,12600.0,630,50.0,0,,-1,E7,delivered,236,247,LB-v1-20260822,50.0,249,3.1710462118650975,100.0,ER-HLNS-parallel-rescue,7574.794648674728,7574.794648674728,1,15ffe9e90a19f50ccab9af9cfd961b230475554adfcfa639c7dc4ffa909c030d,0.0,3.1710462118650975,LB,108,1,time_critical_lightweight,task_time_critical_lightweight_1,emergency,0,1,0.8868543307242109
90171fbe6c43d824744bf74c21cfb67be192844fb30442991e2a129a5952d714,1,0,None,-1.0,-1,0.0,beta_c_0.22,14160.0,708,50.0,1,lifeline_zero,240,E7,failed,239,-1,LB-v1-20260822,0.0,239,0.0,100.0,ER-HLNS-parallel-rescue,11991.929167998902,11991.929167998902,0,15ffe9e90a19f50ccab9af9cfd961b230475554adfcfa639c7dc4ffa909c030d,50.0,0.0,LB,108,0,time_critical_lightweight,task_time_critical_lightweight_2,emergency,0,1,0.8622104462015817
90171fbe6c43d824744bf74c21cfb67be192844fb30442991e2a129a5952d714,15,0,None,-1.0,-1,0.0,beta_c_0.22,13800.0,690,50.0,1,lifeline_zero,239,E7,failed,224,-1,LB-v1-20260822,0.0,238,0.0,100.0,ER-HLNS-parallel-rescue,14817.022911695385,14817.022911695385,0,15ffe9e90a19f50ccab9af9cfd961b230475554adfcfa639c7dc4ffa909c030d,50.0,0.0,LB,108,0,time_critical_lightweight,task_time_critical_lightweight_3,emergency,0,1,0.8776064072695569
90171fbe6c43d824744bf74c21cfb67be192844fb30442991e2a129a5952d714,71,1,uav_0,1420.0,71,1.0,beta_c_0.22,14400.0,720,50.0,0,,-1,E7,delivered,0,71,LB-v1-20260822,50.0,70,70.53126641109336,100.0,ER-HLNS-parallel-rescue,4754.029733786183,4754.029733786183,1,15ffe9e90a19f50ccab9af9cfd961b230475554adfcfa639c7dc4ffa909c030d,0.0,70.53126641109336,LB,108,1,time_critical_lightweight,task_time_critical_lightweight_4,emergency,0,1,0.9812414865193095
90171fbe6c43d824744bf74c21cfb67be192844fb30442991e2a129a5952d714,10,0,None,-1.0,-1,0.0,beta_c_0.22,15960.0,798,50.0,1,lifeline_zero,298,E7,failed,288,-1,LB-v1-20260822,0.0,297,0.0,100.0,ER-HLNS-parallel-rescue,5403.282100579913,5403.282100579913,0,15ffe9e90a19f50ccab9af9cfd961b230475554adfcfa639c7dc4ffa909c030d,50.0,0.0,LB,108,0,time_critical_lightweight,task_time_critical_lightweight_5,emergency,0,1,0.7361653400527843
90171fbe6c43d824744bf74c21cfb67be192844fb30442991e2a129a5952d714,67,1,uav_1,1340.0,67,1.0,beta_c_0.22,15600.0,780,50.0,0,,-1,E7,delivered,0,67,LB-v1-20260822,50.0,66,74.16767873919292,100.0,ER-HLNS-parallel-rescue,3513.9142900961356,3513.9142900961356,1,15ffe9e90a19f50ccab9af9cfd961b230475554adfcfa639c7dc4ffa909c030d,0.0,74.16767873919292,LB,108,1,time_critical_lightweight,task_time_critical_lightweight_6,emergency,0,1,0.8281854223501783
90171fbe6c43d824744bf74c21cfb67be192844fb30442991e2a129a5952d714,155,1,uav_5,4260.0,213,1.0,beta_c_0.22,16200.0,810,50.0,0,,-1,E7,delivered,67,213,LB-v1-20260822,50.0,221,10.888488628519994,100.0,ER-HLNS-parallel-rescue,7067.058621787813,7067.058621787813,1,15ffe9e90a19f50ccab9af9cfd961b230475554adfcfa639c7dc4ffa909c030d,0.0,10.888488628519994,LB,108,1,time_critical_lightweight,task_time_critical_lightweight_7,emergency,0,1,0.9473833365764368
90171fbe6c43d824744bf74c21cfb67be192844fb30442991e2a129a5952d714,205,1,uav_4,5520.0,276,1.0,beta_c_0.22,17760.0,888,50.0,0,,-1,E7,delivered,71,276,LB-v1-20260822,50.0,275,1.865476505206491,100.0,ER-HLNS-parallel-rescue,5522.774919186775,5522.774919186775,1,15ffe9e90a19f50ccab9af9cfd961b230475554adfcfa639c7dc4ffa909c030d,0.0,1.865476505206491,LB,108,1,time_critical_lightweight,task_time_critical_lightweight_8,emergency,0,1,0.7862908118294443
90171fbe6c43d824744bf74c21cfb67be192844fb30442991e2a129a5952d714,227,1,uav_3,4520.0,226,1.0,beta_c_0.22,17400.0,870,50.0,0,,-1,E7,delivered,0,226,LB-v1-20260822,50.0,235,15.097661711375,100.0,ER-HLNS-parallel-rescue,7007.472939544873,7007.472939544873,1,15ffe9e90a19f50ccab9af9cfd961b230475554adfcfa639c7dc4ffa909c030d,0.0,15.097661711375,LB,108,1,time_critical_lightweight,task_time_critical_lightweight_9,emergency,0,1,0.8110961246662984
90171fbe6c43d824744bf74c21cfb67be192844fb30442991e2a129a5952d714,174,0,None,-1.0,-1,0.0,beta_c_0.22,18000.0,900,50.0,1,lifeline_zero,258,E7,failed,76,-1,LB-v1-20260822,0.0,257,0.0,100.0,ER-HLNS-parallel-rescue,6550.917811156877,6550.917811156877,0,15ffe9e90a19f50ccab9af9cfd961b230475554adfcfa639c7dc4ffa909c030d,50.0,0.0,LB,108,0,time_critical_lightweight,task_time_critical_lightweight_10,emergency,0,1,0.9060906911985231
90171fbe6c43d824744bf74c21cfb67be192844fb30442991e2a129a5952d714,48,1,uav_2,960.0,48,1.0,beta_c_0.22,18600.0,930,50.0,0,,-1,E7,delivered,0,48,LB-v1-20260822,50.0,47,81.2171835083605,100.0,ER-HLNS-parallel-rescue,4254.156063356919,4254.156063356919,1,15ffe9e90a19f50ccab9af9cfd961b230475554adfcfa639c7dc4ffa909c030d,0.0,81.2171835083605,LB,108,1,time_critical_lightweight,task_time_critical_lightweight_11,emergency,0,1,0.8683274098138106
90171fbe6c43d824744bf74c21cfb67be192844fb30442991e2a129a5952d714,24,0,None,-1.0,-1,0.0,beta_c_0.22,19200.0,960,800.0,1,deadline_exceeded,961,E7,failed,112,-1,LB-v1-20260822,0.0,135,25.235682663606955,100.0,ER-HLNS-parallel-rescue,10438.47474817182,10438.47474817182,0,e44746b0f27c00f956c05d9c6a53fe12d7c39f23814499df5aab5046666b32ee,800.0,0.0,LB,109,0,routine_bulk,task_routine_bulk_0,normal,1,0,0.24372892426675105
90171fbe6c43d824744bf74c21cfb67be192844fb30442991e2a129a5952d714,25,1,truck_1,2740.0,137,1.0,beta_c_0.22,20400.0,1020,800.0,0,,-1,E7,delivered,112,137,LB-v1-20260822,800.0,136,86.04280410496554,100.0,ER-HLNS-parallel-rescue,7520.043271903724,7520.043271903724,1,e44746b0f27c00f956c05d9c6a53fe12d7c39f23814499df5aab5046666b32ee,0.0,86.04280410496554,LB,109,1,routine_bulk,task_routine_bulk_1,normal,1,0,0.5054521103748251
90171fbe6c43d824744bf74c21cfb67be192844fb30442991e2a129a5952d714,22,1,truck_3,2000.0,100,1.0,beta_c_0.22,21600.0,1080,800.0,0,,-1,E7,delivered,78,100,LB-v1-20260822,800.0,99,92.32313826039042,100.0,ER-HLNS-parallel-rescue,5862.2526887266995,5862.2526887266995,1,e44746b0f27c00f956c05d9c6a53fe12d7c39f23814499df5aab5046666b32ee,0.0,92.32313826039042,LB,109,1,routine_bulk,task_routine_bulk_2,normal,1,0,0.22819223062131908
90171fbe6c43d824744bf74c21cfb67be192844fb30442991e2a129a5952d714,609,0,None,-1.0,-1,0.0,beta_c_0.22,22800.0,1140,800.0,1,lifeline_zero,902,E7,failed,293,-1,LB-v1-20260822,0.0,901,0.0,100.0,ER-HLNS-parallel-rescue,9233.836204566593,9233.836204566593,0,e44746b0f27c00f956c05d9c6a53fe12d7c39f23814499df5aab5046666b32ee,800.0,0.0,LB,109,0,routine_bulk,task_routine_bulk_3,normal,1,0,0.5591597629199856
90171fbe6c43d824744bf74c21cfb67be192844fb30442991e2a129a5952d714,230,1,truck_0,7320.0,366,1.0,beta_c_0.22,24000.0,1200,800.0,0,,-1,E7,delivered,136,366,LB-v1-20260822,800.0,365,61.51381227403172,100.0,ER-HLNS-parallel-rescue,12264.704525287152,12264.704525287152,1,e44746b0f27c00f956c05d9c6a53fe12d7c39f23814499df5aab5046666b32ee,0.0,61.51381227403172,LB,109,1,routine_bulk,task_routine_bulk_4,normal,1,0,0.5182976821364798
90171fbe6c43d824744bf74c21cfb67be192844fb30442991e2a129a5952d714,12,0,None,-1.0,-1,0.0,beta_c_0.22,25200.0,1260,800.0,1,lifeline_zero,1149,E7,failed,124,-1,LB-v1-20260822,0.0,135,0.0,100.0,ER-HLNS-parallel-rescue,3180.3161628672265,3180.3161628672265,0,e44746b0f27c00f956c05d9c6a53fe12d7c39f23814499df5aab5046666b32ee,800.0,0.0,LB,109,0,routine_bulk,task_routine_bulk_5,normal,1,0,0.27498948731286477
90171fbe6c43d824744bf74c21cfb67be192844fb30442991e2a129a5952d714,157,1,truck_0,10460.0,523,1.0,beta_c_0.22,26400.0,1320,800.0,0,,-1,E7,delivered,366,523,LB-v1-20260822,800.0,522,52.33646527580204,100.0,ER-HLNS-parallel-rescue,7638.021133490483,7638.021133490483,1,e44746b0f27c00f956c05d9c6a53fe12d7c39f23814499df5aab5046666b32ee,0.0,52.33646527580204,LB,109,1,routine_bulk,task_routine_bulk_6,normal,1,0,0.35938088605341784
90171fbe6c43d824744bf74c21cfb67be192844fb30442991e2a129a5952d714,177,1,truck_0,5640.0,282,1.0,beta_c_0.22,27600.0,1380,800.0,0,,-1,E7,delivered,43,282,LB-v1-20260822,800.0,268,73.23236467366182,100.0,ER-HLNS-parallel-rescue,8669.41558612628,8669.41558612628,1,e44746b0f27c00f956c05d9c6a53fe12d7c39f23814499df5aab5046666b32ee,0.0,73.23236467366182,LB,109,1,routine_bulk,task_routine_bulk_7,normal,1,0,0.4023390026781324
90171fbe6c43d824744bf74c21cfb67be192844fb30442991e2a129a5952d714,21,1,uav_2,420.0,21,1.0,beta_c_0.22,12000.0,600,50.0,0,,-1,E7,delivered,0,21,LB-v1-20260822,50.0,20,91.41917401048757,100.0,ER-HLNS-parallel-rescue,1577.2702063913625,1577.2702063913625,1,e44746b0f27c00f956c05d9c6a53fe12d7c39f23814499df5aab5046666b32ee,0.0,91.41917401048757,LB,109,1,time_critical_lightweight,task_time_critical_lightweight_0,emergency,0,1,0.9897379983613447
90171fbe6c43d824744bf74c21cfb67be192844fb30442991e2a129a5952d714,61,1,uav_1,1220.0,61,1.0,beta_c_0.22,12600.0,630,50.0,0,,-1,E7,delivered,0,61,LB-v1-20260822,50.0,60,79.361560540094,100.0,ER-HLNS-parallel-rescue,5275.816914731613,5275.816914731613,1,e44746b0f27c00f956c05d9c6a53fe12d7c39f23814499df5aab5046666b32ee,0.0,79.361560540094,LB,109,1,time_critical_lightweight,task_time_critical_lightweight_1,emergency,0,1,0.706236225687008
90171fbe6c43d824744bf74c21cfb67be192844fb30442991e2a129a5952d714,12,0,None,-1.0,-1,0.0,beta_c_0.22,14160.0,708,50.0,1,lifeline_zero,289,E7,failed,269,-1,LB-v1-20260822,0.0,280,0.0,100.0,ER-HLNS-parallel-rescue,7167.574303002123,7167.574303002123,0,e44746b0f27c00f956c05d9c6a53fe12d7c39f23814499df5aab5046666b32ee,50.0,0.0,LB,109,0,time_critical_lightweight,task_time_critical_lightweight_2,emergency,0,1,0.7651739864753156
90171fbe6c43d824744bf74c21cfb67be192844fb30442991e2a129a5952d714,10,1,uav_5,760.0,38,1.0,beta_c_0.22,13800.0,690,50.0,0,,-1,E7,delivered,33,38,LB-v1-20260822,50.0,42,85.8312478186057,100.0,ER-HLNS-parallel-rescue,4619.729192645459,4619.729192645459,1,e44746b0f27c00f956c05d9c6a53fe12d7c39f23814499df5aab5046666b32ee,0.0,85.8312478186057,LB,109,1,time_critical_lightweight,task_time_critical_lightweight_3,emergency,0,1,0.8801124407111246
90171fbe6c43d824744bf74c21cfb67be192844fb30442991e2a129a5952d714,78,1,uav_4,1540.0,77,1.0,beta_c_0.22,14400.0,720,50.0,0,,-1,E7,delivered,0,77,LB-v1-20260822,50.0,77,71.60464440370224,100.0,ER-HLNS-parallel-rescue,6105.193827786443,6105.193827786443,1,e44746b0f27c00f956c05d9c6a53fe12d7c39f23814499df5aab5046666b32ee,0.0,71.60464440370224,LB,109,1,time_critical_lightweight,task_time_critical_lightweight_4,emergency,0,1,0.8306203940527022
90171fbe6c43d824744bf74c21cfb67be192844fb30442991e2a129a5952d714,28,1,uav_1,1780.0,89,1.0,beta_c_0.22,15000.0,750,50.0,0,,-1,E7,delivered,61,89,LB-v1-20260822,50.0,88,67.95732125725858,100.0,ER-HLNS-parallel-rescue,6540.461456185408,6540.461456185408,1,e44746b0f27c00f956c05d9c6a53fe12d7c39f23814499df5aab5046666b32ee,0.0,67.95732125725858,LB,109,1,time_critical_lightweight,task_time_critical_lightweight_5,emergency,0,1,0.7964834075936699
90171fbe6c43d824744bf74c21cfb67be192844fb30442991e2a129a5952d714,30,1,uav_3,940.0,47,1.0,beta_c_0.22,15600.0,780,50.0,0,,-1,E7,delivered,21,47,LB-v1-20260822,50.0,50,83.74929462434544,100.0,ER-HLNS-parallel-rescue,3351.9343996195735,3351.9343996195735,1,e44746b0f27c00f956c05d9c6a53fe12d7c39f23814499df5aab5046666b32ee,0.0,83.74929462434544,LB,109,1,time_critical_lightweight,task_time_critical_lightweight_6,emergency,0,1,0.7422776363571023
90171fbe6c43d824744bf74c21cfb67be192844fb30442991e2a129a5952d714,50,0,None,-1.0,-1,0.0,beta_c_0.22,17160.0,858,50.0,1,lifeline_zero,265,E7,failed,99,-1,LB-v1-20260822,0.0,172,0.0,100.0,ER-HLNS-parallel-rescue,13138.274295739013,13138.274295739013,0,e44746b0f27c00f956c05d9c6a53fe12d7c39f23814499df5aab5046666b32ee,50.0,0.0,LB,109,0,time_critical_lightweight,task_time_critical_lightweight_7,emergency,0,1,0.9318751313700842
90171fbe6c43d824744bf74c21cfb67be192844fb30442991e2a129a5952d714,24,1,uav_4,2480.0,124,1.0,beta_c_0.22,16800.0,840,50.0,0,,-1,E7,delivered,100,124,LB-v1-20260822,50.0,123,53.113963078611285,100.0,ER-HLNS-parallel-rescue,11519.668044062157,11519.668044062157,1,e44746b0f27c00f956c05d9c6a53fe12d7c39f23814499df5aab5046666b32ee,0.0,53.113963078611285,LB,109,1,time_critical_lightweight,task_time_critical_lightweight_8,emergency,0,1,0.923149714829651
90171fbe6c43d824744bf74c21cfb67be192844fb30442991e2a129a5952d714,61,1,uav_2,2500.0,125,1.0,beta_c_0.22,18360.0,918,50.0,0,,-1,E7,delivered,51,125,LB-v1-20260822,50.0,111,52.78541035182716,100.0,ER-HLNS-parallel-rescue,11888.945353220079,11888.945353220079,1,e44746b0f27c00f956c05d9c6a53fe12d7c39f23814499df5aab5046666b32ee,0.0,52.78541035182716,LB,109,1,time_critical_lightweight,task_time_critical_lightweight_9,emergency,0,1,0.9021797238988898
90171fbe6c43d824744bf74c21cfb67be192844fb30442991e2a129a5952d714,9,1,uav_1,1960.0,98,1.0,beta_c_0.22,18000.0,900,50.0,0,,-1,E7,delivered,89,98,LB-v1-20260822,50.0,97,65.97030798708973,100.0,ER-HLNS-parallel-rescue,7732.639919099127,7732.639919099127,1,e44746b0f27c00f956c05d9c6a53fe12d7c39f23814499df5aab5046666b32ee,0.0,65.97030798708973,LB,109,1,time_critical_lightweight,task_time_critical_lightweight_10,emergency,0,1,0.7471077952711116
90171fbe6c43d824744bf74c21cfb67be192844fb30442991e2a129a5952d714,33,1,uav_0,660.0,33,1.0,beta_c_0.22,18600.0,930,50.0,0,,-1,E7,delivered,0,33,LB-v1-20260822,50.0,32,86.74179630668888,100.0,ER-HLNS-parallel-rescue,3412.6611524252316,3412.6611524252316,1,e44746b0f27c00f956c05d9c6a53fe12d7c39f23814499df5aab5046666b32ee,0.0,86.74179630668888,LB,109,1,time_critical_lightweight,task_time_critical_lightweight_11,emergency,0,1,0.9989661728188876
f42d94b7a35f9f5e14c04ed4146758b88c85995349f206e13dfbc0af426c6024,67,1,truck_3,1340.0,67,1.0,beta_c_0.28,19200.0,960,800.0,0,,-1,E7,delivered,0,67,LB-v1-20260822,800.0,66,92.50381684741134,100.0,C-ALNS-MP,4712.939965300228,4712.939965300228,1,ce1c5a0ac03624624e1a90b05ef071bd18e13c386daf5c4e898093fe377afab5,0.0,92.50381684741134,LB,100,1,routine_bulk,task_routine_bulk_0,normal,1,0,0.5914487685478238
f42d94b7a35f9f5e14c04ed4146758b88c85995349f206e13dfbc0af426c6024,43,1,truck_0,860.0,43,1.0,beta_c_0.28,20400.0,1020,800.0,0,,-1,E7,delivered,0,43,LB-v1-20260822,800.0,42,96.13998850373648,100.0,C-ALNS-MP,2651.3638511663926,2651.3638511663926,1,ce1c5a0ac03624624e1a90b05ef071bd18e13c386daf5c4e898093fe377afab5,0.0,96.13998850373648,LB,100,1,routine_bulk,task_routine_bulk_1,normal,1,0,0.328770105116882
f42d94b7a35f9f5e14c04ed4146758b88c85995349f206e13dfbc0af426c6024,59,0,None,-1.0,-1,0.0,beta_c_0.28,21600.0,1080,800.0,1,lifeline_zero,935,E7,failed,59,-1,LB-v1-20260822,0.0,117,0.0,100.0,C-ALNS-MP,9455.797786582447,9455.797786582447,0,ce1c5a0ac03624624e1a90b05ef071bd18e13c386daf5c4e898093fe377afab5,800.0,0.0,LB,100,0,routine_bulk,task_routine_bulk_2,normal,1,0,0.5197299581475797
f42d94b7a35f9f5e14c04ed4146758b88c85995349f206e13dfbc0af426c6024,162,1,truck_2,4180.0,209,1.0,beta_c_0.28,22800.0,1140,800.0,0,,-1,E7,delivered,47,209,LB-v1-20260822,800.0,208,79.15613398727501,100.0,C-ALNS-MP,7467.100925813267,7467.100925813267,1,ce1c5a0ac03624624e1a90b05ef071bd18e13c386daf5c4e898093fe377afab5,0.0,79.15613398727501,LB,100,1,routine_bulk,task_routine_bulk_3,normal,1,0,0.363407140663305
f42d94b7a35f9f5e14c04ed4146758b88c85995349f206e13dfbc0af426c6024,53,1,truck_1,1060.0,53,1.0,beta_c_0.28,24000.0,1200,800.0,0,,-1,E7,delivered,0,53,LB-v1-20260822,800.0,52,95.32927811874183,100.0,C-ALNS-MP,4256.447388010565,4256.447388010565,1,ce1c5a0ac03624624e1a90b05ef071bd18e13c386daf5c4e898093fe377afab5,0.0,95.32927811874183,LB,100,1,routine_bulk,task_routine_bulk_4,normal,1,0,0.2526593582373026
f42d94b7a35f9f5e14c04ed4146758b88c85995349f206e13dfbc0af426c6024,6,1,truck_3,1540.0,77,1.0,beta_c_0.28,25200.0,1260,800.0,0,,-1,E7,delivered,71,77,LB-v1-20260822,800.0,76,93.94857451029266,100.0,C-ALNS-MP,4838.850094689374,4838.850094689374,1,ce1c5a0ac03624624e1a90b05ef071bd18e13c386daf5c4e898093fe377afab5,0.0,93.94857451029266,LB,100,1,routine_bulk,task_routine_bulk_5,normal,1,0,0.23296054817545986
f42d94b7a35f9f5e14c04ed4146758b88c85995349f206e13dfbc0af426c6024,47,0,None,-1.0,-1,0.0,beta_c_0.28,26400.0,1320,800.0,1,lifeline_zero,1009,E7,failed,71,-1,LB-v1-20260822,0.0,117,0.0,100.0,C-ALNS-MP,11793.267377757751,11793.267377757751,0,ce1c5a0ac03624624e1a90b05ef071bd18e13c386daf5c4e898093fe377afab5,800.0,0.0,LB,100,0,routine_bulk,task_routine_bulk_6,normal,1,0,0.46244681084905065
f42d94b7a35f9f5e14c04ed4146758b88c85995349f206e13dfbc0af426c6024,66,1,truck_2,1320.0,66,1.0,beta_c_0.28,27600.0,1380,800.0,0,,-1,E7,delivered,0,66,LB-v1-20260822,800.0,65,92.64758642208056,100.0,C-ALNS-MP,4587.683945260957,4587.683945260957,1,ce1c5a0ac03624624e1a90b05ef071bd18e13c386daf5c4e898093fe377afab5,0.0,92.64758642208056,LB,100,1,routine_bulk,task_routine_bulk_7,normal,1,0,0.5338128687931456
f42d94b7a35f9f5e14c04ed4146758b88c85995349f206e13dfbc0af426c6024,0,1,uav_3,2080.0,104,1.0,beta_c_0.28,12000.0,600,50.0,0,,-1,E7,delivered,-1,104,LB-v1-20260822,50.0,-1,50.97058515761505,100.0,C-ALNS-MP,4043.5148887186647,4043.5148887186647,1,ce1c5a0ac03624624e1a90b05ef071bd18e13c386daf5c4e898093fe377afab5,0.0,50.97058515761505,LB,100,1,time_critical_lightweight,task_time_critical_lightweight_0,emergency,0,1,0.8572362469902544
f42d94b7a35f9f5e14c04ed4146758b88c85995349f206e13dfbc0af426c6024,0,1,uav_2,860.0,43,1.0,beta_c_0.28,12600.0,630,50.0,0,,-1,E7,delivered,-1,43,LB-v1-20260822,50.0,-1,78.72276447680017,100.0,C-ALNS-MP,3938.2462884286088,3938.2462884286088,1,ce1c5a0ac03624624e1a90b05ef071bd18e13c386daf5c4e898093fe377afab5,0.0,78.72276447680017,LB,100,1,time_critical_lightweight,task_time_critical_lightweight_1,emergency,0,1,0.7681740887900437
f42d94b7a35f9f5e14c04ed4146758b88c85995349f206e13dfbc0af426c6024,63,1,uav_3,2600.0,130,1.0,beta_c_0.28,13200.0,660,50.0,0,,-1,E7,delivered,0,130,LB-v1-20260822,50.0,129,41.685657267719286,100.0,C-ALNS-MP,1841.754606923464,1841.754606923464,1,ce1c5a0ac03624624e1a90b05ef071bd18e13c386daf5c4e898093fe377afab5,0.0,41.685657267719286,LB,100,1,time_critical_lightweight,task_time_critical_lightweight_2,emergency,0,1,0.8022891552475101
f42d94b7a35f9f5e14c04ed4146758b88c85995349f206e13dfbc0af426c6024,83,0,None,-1.0,-1,0.0,beta_c_0.28,14760.0,738,50.0,1,lifeline_zero,179,E7,failed,0,-1,LB-v1-20260822,0.0,82,0.0,100.0,C-ALNS-MP,5652.839795309424,5652.839795309424,0,ce1c5a0ac03624624e1a90b05ef071bd18e13c386daf5c4e898093fe377afab5,50.0,0.0,LB,100,0,time_critical_lightweight,task_time_critical_lightweight_3,emergency,0,1,0.960215083465178
f42d94b7a35f9f5e14c04ed4146758b88c85995349f206e13dfbc0af426c6024,154,0,None,-1.0,-1,0.0,beta_c_0.28,14400.0,720,50.0,1,lifeline_zero,226,E7,failed,0,-1,LB-v1-20260822,0.0,225,0.0,100.0,C-ALNS-MP,5313.398671961474,5313.398671961474,0,ce1c5a0ac03624624e1a90b05ef071bd18e13c386daf5c4e898093fe377afab5,50.0,0.0,LB,100,0,time_critical_lightweight,task_time_critical_lightweight_4,emergency,0,1,0.8154167223421255
f42d94b7a35f9f5e14c04ed4146758b88c85995349f206e13dfbc0af426c6024,94,0,None,-1.0,-1,0.0,beta_c_0.28,15960.0,798,50.0,1,lifeline_zero,184,E7,failed,0,-1,LB-v1-20260822,0.0,93,0.0,100.0,C-ALNS-MP,12029.47975909369,12029.47975909369,0,ce1c5a0ac03624624e1a90b05ef071bd18e13c386daf5c4e898093fe377afab5,50.0,0.0,LB,100,0,time_critical_lightweight,task_time_critical_lightweight_5,emergency,0,1,0.9867416871112791
f42d94b7a35f9f5e14c04ed4146758b88c85995349f206e13dfbc0af426c6024,111,1,uav_3,2220.0,111,1.0,beta_c_0.28,15600.0,780,50.0,0,,-1,E7,delivered,0,111,LB-v1-20260822,50.0,110,47.59010519306575,100.0,C-ALNS-MP,2945.1941967981666,2945.1941967981666,1,ce1c5a0ac03624624e1a90b05ef071bd18e13c386daf5c4e898093fe377afab5,0.0,47.59010519306575,LB,100,1,time_critical_lightweight,task_time_critical_lightweight_6,emergency,0,1,0.8746488677361269
f42d94b7a35f9f5e14c04ed4146758b88c85995349f206e13dfbc0af426c6024,118,0,None,-1.0,-1,0.0,beta_c_0.28,17160.0,858,50.0,1,lifeline_zero,202,E7,failed,0,-1,LB-v1-20260822,0.0,117,0.0,100.0,C-ALNS-MP,8166.972222335975,8166.972222335975,0,ce1c5a0ac03624624e1a90b05ef071bd18e13c386daf5c4e898093fe377afab5,50.0,0.0,LB,100,0,time_critical_lightweight,task_time_critical_lightweight_7,emergency,0,1,0.7446621799769354
f42d94b7a35f9f5e14c04ed4146758b88c85995349f206e13dfbc0af426c6024,0,1,uav_0,940.0,47,1.0,beta_c_0.28,16800.0,840,50.0,0,,-1,E7,delivered,-1,47,LB-v1-20260822,50.0,-1,76.86730988427327,100.0,C-ALNS-MP,2311.2789292757247,2311.2789292757247,1,ce1c5a0ac03624624e1a90b05ef071bd18e13c386daf5c4e898093fe377afab5,0.0,76.86730988427327,LB,100,1,time_critical_lightweight,task_time_critical_lightweight_8,emergency,0,1,0.8689502560984448
f42d94b7a35f9f5e14c04ed4146758b88c85995349f206e13dfbc0af426c6024,155,0,None,-1.0,-1,0.0,beta_c_0.28,17400.0,870,50.0,1,lifeline_zero,238,E7,failed,47,-1,LB-v1-20260822,0.0,237,0.0,100.0,C-ALNS-MP,6760.559725492877,6760.559725492877,0,ce1c5a0ac03624624e1a90b05ef071bd18e13c386daf5c4e898093fe377afab5,50.0,0.0,LB,100,0,time_critical_lightweight,task_time_critical_lightweight_9,emergency,0,1,0.7554846985257647
f42d94b7a35f9f5e14c04ed4146758b88c85995349f206e13dfbc0af426c6024,11,1,uav_3,1880.0,94,1.0,beta_c_0.28,18000.0,900,50.0,0,,-1,E7,delivered,83,94,LB-v1-20260822,50.0,93,59.18010142933348,100.0,C-ALNS-MP,3952.8289116955493,3952.8289116955493,1,ce1c5a0ac03624624e1a90b05ef071bd18e13c386daf5c4e898093fe377afab5,0.0,59.18010142933348,LB,100,1,time_critical_lightweight,task_time_critical_lightweight_10,emergency,0,1,0.7210061967003056
f42d94b7a35f9f5e14c04ed4146758b88c85995349f206e13dfbc0af426c6024,0,1,uav_2,1720.0,86,1.0,beta_c_0.28,18600.0,930,50.0,0,,-1,E7,delivered,-1,86,LB-v1-20260822,50.0,-1,55.26198551782147,100.0,C-ALNS-MP,6188.028410283936,6188.028410283936,1,ce1c5a0ac03624624e1a90b05ef071bd18e13c386daf5c4e898093fe377afab5,0.0,55.26198551782147,LB,100,1,time_critical_lightweight,task_time_critical_lightweight_11,emergency,0,1,0.732056640977218
f42d94b7a35f9f5e14c04ed4146758b88c85995349f206e13dfbc0af426c6024,115,1,truck_3,3260.0,163,1.0,beta_c_0.28,19200.0,960,800.0,0,,-1,E7,delivered,48,163,LB-v1-20260822,800.0,162,84.92370523540191,100.0,C-ALNS-MP,14039.592726000365,14039.592726000365,1,96b48efa2909bf0bd5663557796cbbe580212a07b0a9f30a056c35d5379b6a46,0.0,84.92370523540191,LB,101,1,routine_bulk,task_routine_bulk_0,normal,1,0,0.34837428108412444
f42d94b7a35f9f5e14c04ed4146758b88c85995349f206e13dfbc0af426c6024,91,1,truck_2,1820.0,91,1.0,beta_c_0.28,20400.0,1020,800.0,0,,-1,E7,delivered,0,91,LB-v1-20260822,800.0,90,91.18479475514165,100.0,C-ALNS-MP,7511.760618564474,7511.760618564474,1,96b48efa2909bf0bd5663557796cbbe580212a07b0a9f30a056c35d5379b6a46,0.0,91.18479475514165,LB,101,1,routine_bulk,task_routine_bulk_1,normal,1,0,0.30016368013188016
f42d94b7a35f9f5e14c04ed4146758b88c85995349f206e13dfbc0af426c6024,107,1,truck_3,4140.0,207,1.0,beta_c_0.28,21600.0,1080,800.0,0,,-1,E7,delivered,96,207,LB-v1-20260822,800.0,202,76.46107283312364,100.0,C-ALNS-MP,15315.096891728663,15315.096891728663,1,96b48efa2909bf0bd5663557796cbbe580212a07b0a9f30a056c35d5379b6a46,0.0,76.46107283312364,LB,101,1,routine_bulk,task_routine_bulk_2,normal,1,0,0.527261765850137
f42d94b7a35f9f5e14c04ed4146758b88c85995349f206e13dfbc0af426c6024,124,1,truck_2,4400.0,220,1.0,beta_c_0.28,22800.0,1140,800.0,0,,-1,E7,delivered,96,220,LB-v1-20260822,800.0,219,77.09640609266174,100.0,C-ALNS-MP,14102.848363601865,14102.848363601865,1,96b48efa2909bf0bd5663557796cbbe580212a07b0a9f30a056c35d5379b6a46,0.0,77.09640609266174,LB,101,1,routine_bulk,task_routine_bulk_3,normal,1,0,0.3882350364392335
f42d94b7a35f9f5e14c04ed4146758b88c85995349f206e13dfbc0af426c6024,90,1,truck_1,1800.0,90,1.0,beta_c_0.28,24000.0,1200,800.0,0,,-1,E7,delivered,0,90,LB-v1-20260822,800.0,89,90.37302611168272,100.0,C-ALNS-MP,7302.1073017293165,7302.1073017293165,1,96b48efa2909bf0bd5663557796cbbe580212a07b0a9f30a056c35d5379b6a46,0.0,90.37302611168272,LB,101,1,routine_bulk,task_routine_bulk_4,normal,1,0,0.5361043015918403
f42d94b7a35f9f5e14c04ed4146758b88c85995349f206e13dfbc0af426c6024,47,1,truck_0,940.0,47,1.0,beta_c_0.28,25200.0,1260,800.0,0,,-1,E7,delivered,0,47,LB-v1-20260822,800.0,46,95.45703455130577,100.0,C-ALNS-MP,3909.3896971690133,3909.3896971690133,1,96b48efa2909bf0bd5663557796cbbe580212a07b0a9f30a056c35d5379b6a46,0.0,95.45703455130577,LB,101,1,routine_bulk,task_routine_bulk_5,normal,1,0,0.42701883575488137
f42d94b7a35f9f5e14c04ed4146758b88c85995349f206e13dfbc0af426c6024,108,1,truck_3,2200.0,110,1.0,beta_c_0.28,26400.0,1320,800.0,0,,-1,E7,delivered,0,110,LB-v1-20260822,800.0,107,87.69504676064473,100.0,C-ALNS-MP,9533.630318869733,9533.630318869733,1,96b48efa2909bf0bd5663557796cbbe580212a07b0a9f30a056c35d5379b6a46,0.0,87.69504676064473,LB,101,1,routine_bulk,task_routine_bulk_6,normal,1,0,0.5142470258374676
f42d94b7a35f9f5e14c04ed4146758b88c85995349f206e13dfbc0af426c6024,215,0,None,-1.0,-1,0.0,beta_c_0.28,27600.0,1380,800.0,1,lifeline_zero,1121,E7,failed,108,-1,LB-v1-20260822,0.0,322,0.0,100.0,C-ALNS-MP,10348.908405801398,10348.908405801398,0,96b48efa2909bf0bd5663557796cbbe580212a07b0a9f30a056c35d5379b6a46,800.0,0.0,LB,101,0,routine_bulk,task_routine_bulk_7,normal,1,0,0.3879694663765369
f42d94b7a35f9f5e14c04ed4146758b88c85995349f206e13dfbc0af426c6024,0,0,None,-1.0,-1,0.0,beta_c_0.28,12000.0,600,50.0,1,lifeline_zero,174,E7,failed,-1,-1,LB-v1-20260822,0.0,-1,0.0,100.0,C-ALNS-MP,14151.4620521434,14151.4620521434,0,96b48efa2909bf0bd5663557796cbbe580212a07b0a9f30a056c35d5379b6a46,50.0,0.0,LB,101,0,time_critical_lightweight,task_time_critical_lightweight_0,emergency,0,1,0.9705680205086198
f42d94b7a35f9f5e14c04ed4146758b88c85995349f206e13dfbc0af426c6024,0,0,None,-1.0,-1,0.0,beta_c_0.28,13560.0,678,50.0,1,lifeline_zero,220,E7,failed,-1,-1,LB-v1-20260822,0.0,-1,0.0,100.0,C-ALNS-MP,9099.797527415509,9099.797527415509,0,96b48efa2909bf0bd5663557796cbbe580212a07b0a9f30a056c35d5379b6a46,50.0,0.0,LB,101,0,time_critical_lightweight,task_time_critical_lightweight_1,emergency,0,1,0.8194413770540239
f42d94b7a35f9f5e14c04ed4146758b88c85995349f206e13dfbc0af426c6024,84,0,None,-1.0,-1,0.0,beta_c_0.28,13200.0,660,50.0,1,lifeline_zero,225,E7,failed,0,-1,LB-v1-20260822,0.0,179,0.0,100.0,C-ALNS-MP,8636.287551441419,8636.287551441419,0,96b48efa2909bf0bd5663557796cbbe580212a07b0a9f30a056c35d5379b6a46,50.0,0.0,LB,101,0,time_critical_lightweight,task_time_critical_lightweight_2,emergency,0,1,0.7276929418213184
f42d94b7a35f9f5e14c04ed4146758b88c85995349f206e13dfbc0af426c6024,213,0,None,-1.0,-1,0.0,beta_c_0.28,14760.0,738,50.0,1,lifeline_zero,225,E7,failed,0,-1,LB-v1-20260822,0.0,224,0.0,100.0,C-ALNS-MP,10171.88886835233,10171.88886835233,0,96b48efa2909bf0bd5663557796cbbe580212a07b0a9f30a056c35d5379b6a46,50.0,0.0,LB,101,0,time_critical_lightweight,task_time_critical_lightweight_3,emergency,0,1,0.7687067091449796
f42d94b7a35f9f5e14c04ed4146758b88c85995349f206e13dfbc0af426c6024,98,1,uav_3,1960.0,98,1.0,beta_c_0.28,14400.0,720,50.0,0,,-1,E7,delivered,0,98,LB-v1-20260822,50.0,97,54.060489035515765,100.0,C-ALNS-MP,8972.910969096309,8972.910969096309,1,96b48efa2909bf0bd5663557796cbbe580212a07b0a9f30a056c35d5379b6a46,0.0,54.060489035515765,LB,101,1,time_critical_lightweight,task_time_critical_lightweight_4,emergency,0,1,0.7273830460494194
f42d94b7a35f9f5e14c04ed4146758b88c85995349f206e13dfbc0af426c6024,184,0,None,-1.0,-1,0.0,beta_c_0.28,15960.0,798,50.0,1,lifeline_zero,184,E7,failed,0,-1,LB-v1-20260822,0.0,183,0.0,100.0,C-ALNS-MP,14148.754445771634,14148.754445771634,0,96b48efa2909bf0bd5663557796cbbe580212a07b0a9f30a056c35d5379b6a46,50.0,0.0,LB,101,0,time_critical_lightweight,task_time_critical_lightweight_5,emergency,0,1,0.909737917292143
f42d94b7a35f9f5e14c04ed4146758b88c85995349f206e13dfbc0af426c6024,195,0,None,-1.0,-1,0.0,beta_c_0.28,15600.0,780,50.0,1,lifeline_zero,195,E7,failed,0,-1,LB-v1-20260822,0.0,194,0.0,100.0,C-ALNS-MP,2913.7706040409153,2913.7706040409153,0,96b48efa2909bf0bd5663557796cbbe580212a07b0a9f30a056c35d5379b6a46,50.0,0.0,LB,101,0,time_critical_lightweight,task_time_critical_lightweight_6,emergency,0,1,0.8705161474912566
f42d94b7a35f9f5e14c04ed4146758b88c85995349f206e13dfbc0af426c6024,185,0,None,-1.0,-1,0.0,beta_c_0.28,16200.0,810,50.0,1,lifeline_zero,185,E7,failed,0,-1,LB-v1-20260822,0.0,184,0.0,100.0,C-ALNS-MP,8419.216536800033,8419.216536800033,0,96b48efa2909bf0bd5663557796cbbe580212a07b0a9f30a056c35d5379b6a46,50.0,0.0,LB,101,0,time_critical_lightweight,task_time_critical_lightweight_7,emergency,0,1,0.989879628037199
f42d94b7a35f9f5e14c04ed4146758b88c85995349f206e13dfbc0af426c6024,84,0,None,-1.0,-1,0.0,beta_c_0.28,16800.0,840,50.0,1,lifeline_zero,200,E7,failed,72,-1,LB-v1-20260822,0.0,155,0.0,100.0,C-ALNS-MP,9649.370387536506,9649.370387536506,0,96b48efa2909bf0bd5663557796cbbe580212a07b0a9f30a056c35d5379b6a46,50.0,0.0,LB,101,0,time_critical_lightweight,task_time_critical_lightweight_8,emergency,0,1,0.9323581933558626
f42d94b7a35f9f5e14c04ed4146758b88c85995349f206e13dfbc0af426c6024,79,0,None,-1.0,-1,0.0,beta_c_0.28,17400.0,870,50.0,1,lifeline_zero,187,E7,failed,108,-1,LB-v1-20260822,0.0,186,0.0,100.0,C-ALNS-MP,2591.7846470285945,2591.7846470285945,0,96b48efa2909bf0bd5663557796cbbe580212a07b0a9f30a056c35d5379b6a46,50.0,0.0,LB,101,0,time_critical_lightweight,task_time_critical_lightweight_9,emergency,0,1,0.8933819856045042
f42d94b7a35f9f5e14c04ed4146758b88c85995349f206e13dfbc0af426c6024,0,1,uav_1,1240.0,62,1.0,beta_c_0.28,18000.0,900,50.0,0,,-1,E7,delivered,-1,62,LB-v1-20260822,50.0,-1,73.07183185717072,100.0,C-ALNS-MP,5472.170625762758,5472.170625762758,1,96b48efa2909bf0bd5663557796cbbe580212a07b0a9f30a056c35d5379b6a46,0.0,73.07183185717072,LB,101,1,time_critical_lightweight,task_time_critical_lightweight_10,emergency,0,1,0.7142148384795817
f42d94b7a35f9f5e14c04ed4146758b88c85995349f206e13dfbc0af426c6024,0,0,None,-1.0,-1,0.0,beta_c_0.28,18600.0,930,50.0,1,lifeline_zero,200,E7,failed,-1,-1,LB-v1-20260822,0.0,-1,0.0,100.0,C-ALNS-MP,1506.2906048252266,1506.2906048252266,0,96b48efa2909bf0bd5663557796cbbe580212a07b0a9f30a056c35d5379b6a46,50.0,0.0,LB,101,0,time_critical_lightweight,task_time_critical_lightweight_11,emergency,0,1,0.7467335094406772
f42d94b7a35f9f5e14c04ed4146758b88c85995349f206e13dfbc0af426c6024,130,0,None,-1.0,-1,0.0,beta_c_0.28,19200.0,960,800.0,1,deadline_exceeded,961,E7,failed,0,-1,LB-v1-20260822,0.0,211,11.11850352989833,100.0,C-ALNS-MP,6119.550842362341,6119.550842362341,0,c959f3d683ccf37c15ae21463fe1a00dacda7b25da2b4033ee540a3feef1ee8e,800.0,0.0,LB,102,0,routine_bulk,task_routine_bulk_0,normal,1,0,0.4291837918236352
f42d94b7a35f9f5e14c04ed4146758b88c85995349f206e13dfbc0af426c6024,83,1,truck_0,3180.0,159,1.0,beta_c_0.28,20400.0,1020,800.0,0,,-1,E7,delivered,72,159,LB-v1-20260822,800.0,154,86.51262414799106,100.0,C-ALNS-MP,7442.506245460831,7442.506245460831,1,c959f3d683ccf37c15ae21463fe1a00dacda7b25da2b4033ee540a3feef1ee8e,0.0,86.51262414799106,LB,102,1,routine_bulk,task_routine_bulk_1,normal,1,0,0.24547112032784654
f42d94b7a35f9f5e14c04ed4146758b88c85995349f206e13dfbc0af426c6024,212,0,None,-1.0,-1,0.0,beta_c_0.28,21600.0,1080,800.0,1,deadline_exceeded,1081,E7,failed,0,-1,LB-v1-20260822,0.0,211,2.8465075966141518,100.0,C-ALNS-MP,5688.3871828179535,5688.3871828179535,0,c959f3d683ccf37c15ae21463fe1a00dacda7b25da2b4033ee540a3feef1ee8e,800.0,0.0,LB,102,0,routine_bulk,task_routine_bulk_2,normal,1,0,0.3976042905163367
f42d94b7a35f9f5e14c04ed4146758b88c85995349f206e13dfbc0af426c6024,84,0,None,-1.0,-1,0.0,beta_c_0.28,22800.0,1140,800.0,1,lifeline_zero,936,E7,failed,0,-1,LB-v1-20260822,0.0,83,0.0,100.0,C-ALNS-MP,5530.50432997441,5530.50432997441,0,c959f3d683ccf37c15ae21463fe1a00dacda7b25da2b4033ee540a3feef1ee8e,800.0,0.0,LB,102,0,routine_bulk,task_routine_bulk_3,normal,1,0,0.5908338171405074
f42d94b7a35f9f5e14c04ed4146758b88c85995349f206e13dfbc0af426c6024,128,0,None,-1.0,-1,0.0,beta_c_0.28,24000.0,1200,800.0,1,lifeline_zero,1198,E7,failed,84,-1,LB-v1-20260822,0.0,211,0.0,100.0,C-ALNS-MP,14165.534902512349,14165.534902512349,0,c959f3d683ccf37c15ae21463fe1a00dacda7b25da2b4033ee540a3feef1ee8e,800.0,0.0,LB,102,0,routine_bulk,task_routine_bulk_4,normal,1,0,0.31826058549111486
f42d94b7a35f9f5e14c04ed4146758b88c85995349f206e13dfbc0af426c6024,94,1,truck_0,3580.0,179,1.0,beta_c_0.28,25200.0,1260,800.0,0,,-1,E7,delivered,84,179,LB-v1-20260822,800.0,177,83.88453402840197,100.0,C-ALNS-MP,8329.032619537471,8329.032619537471,1,c959f3d683ccf37c15ae21463fe1a00dacda7b25da2b4033ee540a3feef1ee8e,0.0,83.88453402840197,LB,102,1,routine_bulk,task_routine_bulk_5,normal,1,0,0.316760490021223
f42d94b7a35f9f5e14c04ed4146758b88c85995349f206e13dfbc0af426c6024,44,1,truck_0,880.0,44,1.0,beta_c_0.28,26400.0,1320,800.0,0,,-1,E7,delivered,0,44,LB-v1-20260822,800.0,43,95.46808063072315,100.0,C-ALNS-MP,2207.167531132571,2207.167531132571,1,c959f3d683ccf37c15ae21463fe1a00dacda7b25da2b4033ee540a3feef1ee8e,0.0,95.46808063072315,LB,102,1,routine_bulk,task_routine_bulk_6,normal,1,0,0.3055363954601743
f42d94b7a35f9f5e14c04ed4146758b88c85995349f206e13dfbc0af426c6024,47,0,None,-1.0,-1,0.0,beta_c_0.28,27600.0,1380,800.0,1,lifeline_zero,1066,E7,failed,48,-1,LB-v1-20260822,0.0,200,0.0,100.0,C-ALNS-MP,8538.945436848508,8538.945436848508,0,c959f3d683ccf37c15ae21463fe1a00dacda7b25da2b4033ee540a3feef1ee8e,800.0,0.0,LB,102,0,routine_bulk,task_routine_bulk_7,normal,1,0,0.44156154877026366
f42d94b7a35f9f5e14c04ed4146758b88c85995349f206e13dfbc0af426c6024,11,1,uav_3,3320.0,166,1.0,beta_c_0.28,12000.0,600,50.0,0,,-1,E7,delivered,155,166,LB-v1-20260822,50.0,165,25.57940228924808,100.0,C-ALNS-MP,2988.5323177974346,2988.5323177974346,1,c959f3d683ccf37c15ae21463fe1a00dacda7b25da2b4033ee540a3feef1ee8e,0.0,25.57940228924808,LB,102,1,time_critical_lightweight,task_time_critical_lightweight_0,emergency,0,1,0.7521593742751356
f42d94b7a35f9f5e14c04ed4146758b88c85995349f206e13dfbc0af426c6024,22,0,None,-1.0,-1,0.0,beta_c_0.28,13560.0,678,50.0,1,lifeline_zero,239,E7,failed,190,-1,LB-v1-20260822,0.0,211,0.0,100.0,C-ALNS-MP,11294.290080097262,11294.290080097262,0,c959f3d683ccf37c15ae21463fe1a00dacda7b25da2b4033ee540a3feef1ee8e,50.0,0.0,LB,102,0,time_critical_lightweight,task_time_critical_lightweight_1,emergency,0,1,0.7491376000307091
f42d94b7a35f9f5e14c04ed4146758b88c85995349f206e13dfbc0af426c6024,176,1,uav_0,3520.0,176,1.0,beta_c_0.28,13200.0,660,50.0,0,,-1,E7,delivered,0,176,LB-v1-20260822,50.0,175,18.488721111347346,100.0,C-ALNS-MP,2792.418565959796,2792.418565959796,1,c959f3d683ccf37c15ae21463fe1a00dacda7b25da2b4033ee540a3feef1ee8e,0.0,18.488721111347346,LB,102,1,time_critical_lightweight,task_time_critical_lightweight_2,emergency,0,1,0.8083948419266088
f42d94b7a35f9f5e14c04ed4146758b88c85995349f206e13dfbc0af426c6024,65,1,uav_2,1300.0,65,1.0,beta_c_0.28,13800.0,690,50.0,0,,-1,E7,delivered,0,65,LB-v1-20260822,50.0,64,65.42003472678259,100.0,C-ALNS-MP,3010.973647764428,3010.973647764428,1,c959f3d683ccf37c15ae21463fe1a00dacda7b25da2b4033ee540a3feef1ee8e,0.0,65.42003472678259,LB,102,1,time_critical_lightweight,task_time_critical_lightweight_3,emergency,0,1,0.9739813351739603
f42d94b7a35f9f5e14c04ed4146758b88c85995349f206e13dfbc0af426c6024,152,1,uav_1,3040.0,152,1.0,beta_c_0.28,14400.0,720,50.0,0,,-1,E7,delivered,0,152,LB-v1-20260822,50.0,151,23.544147125822423,100.0,C-ALNS-MP,7595.6360268286,7595.6360268286,1,c959f3d683ccf37c15ae21463fe1a00dacda7b25da2b4033ee540a3feef1ee8e,0.0,23.544147125822423,LB,102,1,time_critical_lightweight,task_time_critical_lightweight_4,emergency,0,1,0.8902529497747588
f42d94b7a35f9f5e14c04ed4146758b88c85995349f206e13dfbc0af426c6024,86,1,uav_2,1720.0,86,1.0,beta_c_0.28,15000.0,750,50.0,0,,-1,E7,delivered,0,86,LB-v1-20260822,50.0,85,60.06339265117965,100.0,C-ALNS-MP,4623.366276010681,4623.366276010681,1,c959f3d683ccf37c15ae21463fe1a00dacda7b25da2b4033ee540a3feef1ee8e,0.0,60.06339265117965,LB,102,1,time_critical_lightweight,task_time_critical_lightweight_5,emergency,0,1,0.7848123351493127
f42d94b7a35f9f5e14c04ed4146758b88c85995349f206e13dfbc0af426c6024,96,0,None,-1.0,-1,0.0,beta_c_0.28,16560.0,828,50.0,1,lifeline_zero,201,E7,failed,0,-1,LB-v1-20260822,0.0,95,0.0,100.0,C-ALNS-MP,16324.170659246023,16324.170659246023,0,c959f3d683ccf37c15ae21463fe1a00dacda7b25da2b4033ee540a3feef1ee8e,50.0,0.0,LB,102,0,time_critical_lightweight,task_time_critical_lightweight_6,emergency,0,1,0.9948248799678303
f42d94b7a35f9f5e14c04ed4146758b88c85995349f206e13dfbc0af426c6024,119,0,None,-1.0,-1,0.0,beta_c_0.28,17160.0,858,50.0,1,lifeline_zero,226,E7,failed,0,-1,LB-v1-20260822,0.0,200,0.0,100.0,C-ALNS-MP,15873.692094774171,15873.692094774171,0,c959f3d683ccf37c15ae21463fe1a00dacda7b25da2b4033ee540a3feef1ee8e,50.0,0.0,LB,102,0,time_critical_lightweight,task_time_critical_lightweight_7,emergency,0,1,0.8273965865006737
f42d94b7a35f9f5e14c04ed4146758b88c85995349f206e13dfbc0af426c6024,32,1,uav_2,2080.0,104,1.0,beta_c_0.28,16800.0,840,50.0,0,,-1,E7,delivered,72,104,LB-v1-20260822,50.0,103,50.83846087774306,100.0,C-ALNS-MP,4562.626701547581,4562.626701547581,1,c959f3d683ccf37c15ae21463fe1a00dacda7b25da2b4033ee540a3feef1ee8e,0.0,50.83846087774306,LB,102,1,time_critical_lightweight,task_time_critical_lightweight_8,emergency,0,1,0.800241625655852
f42d94b7a35f9f5e14c04ed4146758b88c85995349f206e13dfbc0af426c6024,128,0,None,-1.0,-1,0.0,beta_c_0.28,17400.0,870,50.0,1,lifeline_zero,227,E7,failed,84,-1,LB-v1-20260822,0.0,211,0.0,100.0,C-ALNS-MP,9178.535368617246,9178.535368617246,0,c959f3d683ccf37c15ae21463fe1a00dacda7b25da2b4033ee540a3feef1ee8e,50.0,0.0,LB,102,0,time_critical_lightweight,task_time_critical_lightweight_9,emergency,0,1,0.8133445160620112
f42d94b7a35f9f5e14c04ed4146758b88c85995349f206e13dfbc0af426c6024,24,0,None,-1.0,-1,0.0,beta_c_0.28,18000.0,900,50.0,1,lifeline_zero,236,E7,failed,212,-1,LB-v1-20260822,0.0,235,0.0,100.0,C-ALNS-MP,5471.014458554654,5471.014458554654,0,c959f3d683ccf37c15ae21463fe1a00dacda7b25da2b4033ee540a3feef1ee8e,50.0,0.0,LB,102,0,time_critical_lightweight,task_time_critical_lightweight_10,emergency,0,1,0.7234608659077144
f42d94b7a35f9f5e14c04ed4146758b88c85995349f206e13dfbc0af426c6024,0,0,None,-1.0,-1,0.0,beta_c_0.28,18600.0,930,50.0,1,lifeline_zero,212,E7,failed,-1,-1,LB-v1-20260822,0.0,-1,0.0,100.0,C-ALNS-MP,10498.587816679308,10498.587816679308,0,c959f3d683ccf37c15ae21463fe1a00dacda7b25da2b4033ee540a3feef1ee8e,50.0,0.0,LB,102,0,time_critical_lightweight,task_time_critical_lightweight_11,emergency,0,1,0.8885468420710438
f42d94b7a35f9f5e14c04ed4146758b88c85995349f206e13dfbc0af426c6024,190,1,truck_2,4520.0,226,1.0,beta_c_0.28,19200.0,960,800.0,0,,-1,E7,delivered,36,226,LB-v1-20260822,800.0,225,79.43132116290424,100.0,C-ALNS-MP,10728.26032891467,10728.26032891467,1,0b25716e1eb309e7b883268fcd3c040a4dd8102fc7bdc0690573dbd122fead9e,0.0,79.43132116290424,LB,103,1,routine_bulk,task_routine_bulk_0,normal,1,0,0.34842619173408906
f42d94b7a35f9f5e14c04ed4146758b88c85995349f206e13dfbc0af426c6024,36,1,truck_2,800.0,40,1.0,beta_c_0.28,20400.0,1020,800.0,0,,-1,E7,delivered,0,40,LB-v1-20260822,800.0,35,96.32643607358843,100.0,C-ALNS-MP,2909.773055537859,2909.773055537859,1,0b25716e1eb309e7b883268fcd3c040a4dd8102fc7bdc0690573dbd122fead9e,0.0,96.32643607358843,LB,103,1,routine_bulk,task_routine_bulk_1,normal,1,0,0.36263112143461484
f42d94b7a35f9f5e14c04ed4146758b88c85995349f206e13dfbc0af426c6024,36,1,truck_3,1520.0,76,1.0,beta_c_0.28,21600.0,1080,800.0,0,,-1,E7,delivered,36,76,LB-v1-20260822,800.0,71,94.06179230166924,100.0,C-ALNS-MP,5891.031930588738,5891.031930588738,1,0b25716e1eb309e7b883268fcd3c040a4dd8102fc7bdc0690573dbd122fead9e,0.0,94.06179230166924,LB,103,1,routine_bulk,task_routine_bulk_2,normal,1,0,0.22860762501670875
f42d94b7a35f9f5e14c04ed4146758b88c85995349f206e13dfbc0af426c6024,103,1,truck_0,2060.0,103,1.0,beta_c_0.28,22800.0,1140,800.0,0,,-1,E7,delivered,0,103,LB-v1-20260822,800.0,102,91.83194032629423,100.0,C-ALNS-MP,3679.4188095004256,3679.4188095004256,1,0b25716e1eb309e7b883268fcd3c040a4dd8102fc7bdc0690573dbd122fead9e,0.0,91.83194032629423,LB,103,1,routine_bulk,task_routine_bulk_3,normal,1,0,0.20341849503107082
f42d94b7a35f9f5e14c04ed4146758b88c85995349f206e13dfbc0af426c6024,21,1,truck_0,420.0,21,1.0,beta_c_0.28,24000.0,1200,800.0,0,,-1,E7,delivered,0,21,LB-v1-20260822,800.0,20,98.05617214438035,100.0,C-ALNS-MP,1222.77839559386,1222.77839559386,1,0b25716e1eb309e7b883268fcd3c040a4dd8102fc7bdc0690573dbd122fead9e,0.0,98.05617214438035,LB,103,1,routine_bulk,task_routine_bulk_4,normal,1,0,0.3319591618543233
f42d94b7a35f9f5e14c04ed4146758b88c85995349f206e13dfbc0af426c6024,222,1,truck_2,5880.0,294,1.0,beta_c_0.28,25200.0,1260,800.0,0,,-1,E7,delivered,72,294,LB-v1-20260822,800.0,293,71.84920403179548,100.0,C-ALNS-MP,12369.193535155884,12369.193535155884,1,0b25716e1eb309e7b883268fcd3c040a4dd8102fc7bdc0690573dbd122fead9e,0.0,71.84920403179548,LB,103,1,routine_bulk,task_routine_bulk_5,normal,1,0,0.3837354804247379
f42d94b7a35f9f5e14c04ed4146758b88c85995349f206e13dfbc0af426c6024,34,1,truck_1,680.0,34,1.0,beta_c_0.28,26400.0,1320,800.0,0,,-1,E7,delivered,0,34,LB-v1-20260822,800.0,33,97.04500742049703,100.0,C-ALNS-MP,2190.503861145282,2190.503861145282,1,0b25716e1eb309e7b883268fcd3c040a4dd8102fc7bdc0690573dbd122fead9e,0.0,97.04500742049703,LB,103,1,routine_bulk,task_routine_bulk_6,normal,1,0,0.29667557872401773
f42d94b7a35f9f5e14c04ed4146758b88c85995349f206e13dfbc0af426c6024,84,1,truck_1,2180.0,109,1.0,beta_c_0.28,27600.0,1380,800.0,0,,-1,E7,delivered,24,109,LB-v1-20260822,800.0,107,89.07362225421696,100.0,C-ALNS-MP,3849.1587366044114,3849.1587366044114,1,0b25716e1eb309e7b883268fcd3c040a4dd8102fc7bdc0690573dbd122fead9e,0.0,89.07362225421696,LB,103,1,routine_bulk,task_routine_bulk_7,normal,1,0,0.46822780016891247
f42d94b7a35f9f5e14c04ed4146758b88c85995349f206e13dfbc0af426c6024,0,1,uav_2,2020.0,101,1.0,beta_c_0.28,12000.0,600,50.0,0,,-1,E7,delivered,-1,101,LB-v1-20260822,50.0,-1,41.97007377677372,100.0,C-ALNS-MP,3549.9180582011645,3549.9180582011645,1,0b25716e1eb309e7b883268fcd3c040a4dd8102fc7bdc0690573dbd122fead9e,0.0,41.97007377677372,LB,103,1,time_critical_lightweight,task_time_critical_lightweight_0,emergency,0,1,0.9539752519885072
f42d94b7a35f9f5e14c04ed4146758b88c85995349f206e13dfbc0af426c6024,0,1,uav_1,2300.0,115,1.0,beta_c_0.28,12600.0,630,50.0,0,,-1,E7,delivered,-1,115,LB-v1-20260822,50.0,-1,39.62939162797319,100.0,C-ALNS-MP,3853.766998414422,3853.766998414422,1,0b25716e1eb309e7b883268fcd3c040a4dd8102fc7bdc0690573dbd122fead9e,0.0,39.62939162797319,LB,103,1,time_critical_lightweight,task_time_critical_lightweight_1,emergency,0,1,0.9948079019505545
f42d94b7a35f9f5e14c04ed4146758b88c85995349f206e13dfbc0af426c6024,135,1,uav_1,2940.0,147,1.0,beta_c_0.28,13200.0,660,50.0,0,,-1,E7,delivered,0,147,LB-v1-20260822,50.0,146,36.935224630914405,100.0,C-ALNS-MP,4718.076354042247,4718.076354042247,1,0b25716e1eb309e7b883268fcd3c040a4dd8102fc7bdc0690573dbd122fead9e,0.0,36.935224630914405,LB,103,1,time_critical_lightweight,task_time_critical_lightweight_2,emergency,0,1,0.7377905179466021
f42d94b7a35f9f5e14c04ed4146758b88c85995349f206e13dfbc0af426c6024,110,1,uav_3,2200.0,110,1.0,beta_c_0.28,13800.0,690,50.0,0,,-1,E7,delivered,0,110,LB-v1-20260822,50.0,109,40.810405351105416,100.0,C-ALNS-MP,4622.917826000115,4622.917826000115,1,0b25716e1eb309e7b883268fcd3c040a4dd8102fc7bdc0690573dbd122fead9e,0.0,40.810405351105416,LB,103,1,time_critical_lightweight,task_time_critical_lightweight_3,emergency,0,1,0.993001467773675
f42d94b7a35f9f5e14c04ed4146758b88c85995349f206e13dfbc0af426c6024,145,0,None,-1.0,-1,0.0,beta_c_0.28,14400.0,720,50.0,1,lifeline_zero,181,E7,failed,0,-1,LB-v1-20260822,0.0,180,0.0,100.0,C-ALNS-MP,7874.47009238337,7874.47009238337,0,0b25716e1eb309e7b883268fcd3c040a4dd8102fc7bdc0690573dbd122fead9e,50.0,0.0,LB,103,0,time_critical_lightweight,task_time_critical_lightweight_4,emergency,0,1,0.8793174987113003
f42d94b7a35f9f5e14c04ed4146758b88c85995349f206e13dfbc0af426c6024,180,0,None,-1.0,-1,0.0,beta_c_0.28,15960.0,798,50.0,1,lifeline_zero,205,E7,failed,0,-1,LB-v1-20260822,0.0,179,0.0,100.0,C-ALNS-MP,15631.763761674247,15631.763761674247,0,0b25716e1eb309e7b883268fcd3c040a4dd8102fc7bdc0690573dbd122fead9e,50.0,0.0,LB,103,0,time_critical_lightweight,task_time_critical_lightweight_5,emergency,0,1,0.7453071219044164
f42d94b7a35f9f5e14c04ed4146758b88c85995349f206e13dfbc0af426c6024,204,0,None,-1.0,-1,0.0,beta_c_0.28,16560.0,828,50.0,1,lifeline_zero,207,E7,failed,0,-1,LB-v1-20260822,0.0,203,0.0,100.0,C-ALNS-MP,8424.160448484647,8424.160448484647,0,0b25716e1eb309e7b883268fcd3c040a4dd8102fc7bdc0690573dbd122fead9e,50.0,0.0,LB,103,0,time_critical_lightweight,task_time_critical_lightweight_6,emergency,0,1,0.9405001457932693
f42d94b7a35f9f5e14c04ed4146758b88c85995349f206e13dfbc0af426c6024,189,0,None,-1.0,-1,0.0,beta_c_0.28,17160.0,858,50.0,1,lifeline_zero,189,E7,failed,0,-1,LB-v1-20260822,0.0,188,0.0,100.0,C-ALNS-MP,8257.460786599386,8257.460786599386,0,0b25716e1eb309e7b883268fcd3c040a4dd8102fc7bdc0690573dbd122fead9e,50.0,0.0,LB,103,0,time_critical_lightweight,task_time_critical_lightweight_7,emergency,0,1,0.9967292359223714
f42d94b7a35f9f5e14c04ed4146758b88c85995349f206e13dfbc0af426c6024,0,1,uav_2,600.0,30,1.0,beta_c_0.28,16800.0,840,50.0,0,,-1,E7,delivered,-1,30,LB-v1-20260822,50.0,-1,84.2142947320744,100.0,C-ALNS-MP,2438.790356782932,2438.790356782932,1,0b25716e1eb309e7b883268fcd3c040a4dd8102fc7bdc0690573dbd122fead9e,0.0,84.2142947320744,LB,103,1,time_critical_lightweight,task_time_critical_lightweight_8,emergency,0,1,0.956249863078559
f42d94b7a35f9f5e14c04ed4146758b88c85995349f206e13dfbc0af426c6024,12,1,uav_2,2400.0,120,1.0,beta_c_0.28,17400.0,870,50.0,0,,-1,E7,delivered,108,120,LB-v1-20260822,50.0,119,29.65558242211384,100.0,C-ALNS-MP,5229.962687587301,5229.962687587301,1,0b25716e1eb309e7b883268fcd3c040a4dd8102fc7bdc0690573dbd122fead9e,0.0,29.65558242211384,LB,103,1,time_critical_lightweight,task_time_critical_lightweight_9,emergency,0,1,0.99615912292639
f42d94b7a35f9f5e14c04ed4146758b88c85995349f206e13dfbc0af426c6024,22,1,uav_3,3560.0,178,1.0,beta_c_0.28,18000.0,900,50.0,0,,-1,E7,delivered,156,178,LB-v1-20260822,50.0,177,21.68917009707863,100.0,C-ALNS-MP,4101.291462269308,4101.291462269308,1,0b25716e1eb309e7b883268fcd3c040a4dd8102fc7bdc0690573dbd122fead9e,0.0,21.68917009707863,LB,103,1,time_critical_lightweight,task_time_critical_lightweight_10,emergency,0,1,0.7679542876123209
f42d94b7a35f9f5e14c04ed4146758b88c85995349f206e13dfbc0af426c6024,12,0,None,-1.0,-1,0.0,beta_c_0.28,18600.0,930,50.0,1,lifeline_zero,194,E7,failed,108,-1,LB-v1-20260822,0.0,119,0.0,100.0,C-ALNS-MP,9892.748184234893,9892.748184234893,0,0b25716e1eb309e7b883268fcd3c040a4dd8102fc7bdc0690573dbd122fead9e,50.0,0.0,LB,103,0,time_critical_lightweight,task_time_critical_lightweight_11,emergency,0,1,0.8558745641192899
f42d94b7a35f9f5e14c04ed4146758b88c85995349f206e13dfbc0af426c6024,120,0,None,-1.0,-1,0.0,beta_c_0.28,19200.0,960,800.0,1,deadline_exceeded,961,E7,failed,0,-1,LB-v1-20260822,0.0,143,0.8156339285624098,100.0,C-ALNS-MP,5272.8843626741755,5272.8843626741755,0,fab40f306821c7001096006fa5d6b773854dbbe485ce928e38cd25da6dcc4a90,800.0,0.0,LB,104,0,routine_bulk,task_routine_bulk_0,normal,1,0,0.47918201810372657
f42d94b7a35f9f5e14c04ed4146758b88c85995349f206e13dfbc0af426c6024,67,1,truck_1,3020.0,151,1.0,beta_c_0.28,20400.0,1020,800.0,0,,-1,E7,delivered,84,151,LB-v1-20260822,800.0,150,83.35016225590273,100.0,C-ALNS-MP,7568.357709164488,7568.357709164488,1,fab40f306821c7001096006fa5d6b773854dbbe485ce928e38cd25da6dcc4a90,0.0,83.35016225590273,LB,104,1,routine_bulk,task_routine_bulk_1,normal,1,0,0.5886518651509982
f42d94b7a35f9f5e14c04ed4146758b88c85995349f206e13dfbc0af426c6024,84,1,truck_3,1720.0,86,1.0,beta_c_0.28,21600.0,1080,800.0,0,,-1,E7,delivered,0,86,LB-v1-20260822,800.0,83,91.12712377468277,100.0,C-ALNS-MP,6249.3846204323945,6249.3846204323945,1,fab40f306821c7001096006fa5d6b773854dbbe485ce928e38cd25da6dcc4a90,0.0,91.12712377468277,LB,104,1,routine_bulk,task_routine_bulk_2,normal,1,0,0.276105417555162
f42d94b7a35f9f5e14c04ed4146758b88c85995349f206e13dfbc0af426c6024,83,1,truck_2,1660.0,83,1.0,beta_c_0.28,22800.0,1140,800.0,0,,-1,E7,delivered,0,83,LB-v1-20260822,800.0,82,90.91415411800186,100.0,C-ALNS-MP,6698.28848762556,6698.28848762556,1,fab40f306821c7001096006fa5d6b773854dbbe485ce928e38cd25da6dcc4a90,0.0,90.91415411800186,LB,104,1,routine_bulk,task_routine_bulk_3,normal,1,0,0.48560807268183753
f42d94b7a35f9f5e14c04ed4146758b88c85995349f206e13dfbc0af426c6024,41,1,truck_1,2740.0,137,1.0,beta_c_0.28,24000.0,1200,800.0,0,,-1,E7,delivered,96,137,LB-v1-20260822,800.0,136,85.32532533324063,100.0,C-ALNS-MP,7570.960812820636,7570.960812820636,1,fab40f306821c7001096006fa5d6b773854dbbe485ce928e38cd25da6dcc4a90,0.0,85.32532533324063,LB,104,1,routine_bulk,task_routine_bulk_4,normal,1,0,0.5478035996107795
f42d94b7a35f9f5e14c04ed4146758b88c85995349f206e13dfbc0af426c6024,179,1,truck_1,6480.0,324,1.0,beta_c_0.28,25200.0,1260,800.0,0,,-1,E7,delivered,144,324,LB-v1-20260822,800.0,322,71.2569392226021,100.0,C-ALNS-MP,7123.574472651179,7123.574472651179,1,fab40f306821c7001096006fa5d6b773854dbbe485ce928e38cd25da6dcc4a90,0.0,71.2569392226021,LB,104,1,routine_bulk,task_routine_bulk_5,normal,1,0,0.35137426266199645
f42d94b7a35f9f5e14c04ed4146758b88c85995349f206e13dfbc0af426c6024,93,1,truck_1,1860.0,93,1.0,beta_c_0.28,26400.0,1320,800.0,0,,-1,E7,delivered,0,93,LB-v1-20260822,800.0,92,90.30293922232143,100.0,C-ALNS-MP,6156.526159856502,6156.526159856502,1,fab40f306821c7001096006fa5d6b773854dbbe485ce928e38cd25da6dcc4a90,0.0,90.30293922232143,LB,104,1,routine_bulk,task_routine_bulk_6,normal,1,0,0.4791203724344151
f42d94b7a35f9f5e14c04ed4146758b88c85995349f206e13dfbc0af426c6024,36,1,truck_1,3620.0,181,1.0,beta_c_0.28,27600.0,1380,800.0,0,,-1,E7,delivered,144,181,LB-v1-20260822,800.0,179,83.07915226226768,100.0,C-ALNS-MP,7985.041925894773,7985.041925894773,1,fab40f306821c7001096006fa5d6b773854dbbe485ce928e38cd25da6dcc4a90,0.0,83.07915226226768,LB,104,1,routine_bulk,task_routine_bulk_7,normal,1,0,0.41526441828837324
f42d94b7a35f9f5e14c04ed4146758b88c85995349f206e13dfbc0af426c6024,0,1,uav_3,2120.0,106,1.0,beta_c_0.28,12000.0,600,50.0,0,,-1,E7,delivered,-1,106,LB-v1-20260822,50.0,-1,47.730602503327546,100.0,C-ALNS-MP,7023.7895527980045,7023.7895527980045,1,fab40f306821c7001096006fa5d6b773854dbbe485ce928e38cd25da6dcc4a90,0.0,47.730602503327546,LB,104,1,time_critical_lightweight,task_time_critical_lightweight_0,emergency,0,1,0.7334050411538343
f42d94b7a35f9f5e14c04ed4146758b88c85995349f206e13dfbc0af426c6024,41,0,None,-1.0,-1,0.0,beta_c_0.28,12600.0,630,50.0,1,lifeline_zero,227,E7,failed,151,-1,LB-v1-20260822,0.0,215,0.0,100.0,C-ALNS-MP,7820.4684819216145,7820.4684819216145,0,fab40f306821c7001096006fa5d6b773854dbbe485ce928e38cd25da6dcc4a90,50.0,0.0,LB,104,0,time_critical_lightweight,task_time_critical_lightweight_1,emergency,0,1,0.7756329563794074
f42d94b7a35f9f5e14c04ed4146758b88c85995349f206e13dfbc0af426c6024,139,0,None,-1.0,-1,0.0,beta_c_0.28,14160.0,708,50.0,1,lifeline_zero,223,E7,failed,0,-1,LB-v1-20260822,0.0,222,0.0,100.0,C-ALNS-MP,10205.303898503826,10205.303898503826,0,fab40f306821c7001096006fa5d6b773854dbbe485ce928e38cd25da6dcc4a90,50.0,0.0,LB,104,0,time_critical_lightweight,task_time_critical_lightweight_2,emergency,0,1,0.7888680287525364
f42d94b7a35f9f5e14c04ed4146758b88c85995349f206e13dfbc0af426c6024,134,1,uav_5,2680.0,134,1.0,beta_c_0.28,13800.0,690,50.0,0,,-1,E7,delivered,0,134,LB-v1-20260822,50.0,133,37.638340122967236,100.0,C-ALNS-MP,16046.827472122433,16046.827472122433,1,fab40f306821c7001096006fa5d6b773854dbbe485ce928e38cd25da6dcc4a90,0.0,37.638340122967236,LB,104,1,time_critical_lightweight,task_time_critical_lightweight_3,emergency,0,1,0.8367675481815295
f42d94b7a35f9f5e14c04ed4146758b88c85995349f206e13dfbc0af426c6024,187,0,None,-1.0,-1,0.0,beta_c_0.28,15360.0,768,50.0,1,lifeline_zero,223,E7,failed,0,-1,LB-v1-20260822,0.0,222,0.0,100.0,C-ALNS-MP,9174.482219933043,9174.482219933043,0,fab40f306821c7001096006fa5d6b773854dbbe485ce928e38cd25da6dcc4a90,50.0,0.0,LB,104,0,time_critical_lightweight,task_time_critical_lightweight_4,emergency,0,1,0.8127661232413205
f42d94b7a35f9f5e14c04ed4146758b88c85995349f206e13dfbc0af426c6024,86,0,None,-1.0,-1,0.0,beta_c_0.28,15960.0,798,50.0,1,lifeline_zero,220,E7,failed,24,-1,LB-v1-20260822,0.0,219,0.0,100.0,C-ALNS-MP,19651.540378591842,19651.540378591842,0,fab40f306821c7001096006fa5d6b773854dbbe485ce928e38cd25da6dcc4a90,50.0,0.0,LB,104,0,time_critical_lightweight,task_time_critical_lightweight_5,emergency,0,1,0.8423225708886023
f42d94b7a35f9f5e14c04ed4146758b88c85995349f206e13dfbc0af426c6024,101,1,uav_1,2740.0,137,1.0,beta_c_0.28,15600.0,780,50.0,0,,-1,E7,delivered,0,137,LB-v1-20260822,50.0,136,35.21223946448664,100.0,C-ALNS-MP,7018.248876048752,7018.248876048752,1,fab40f306821c7001096006fa5d6b773854dbbe485ce928e38cd25da6dcc4a90,0.0,35.21223946448664,LB,104,1,time_critical_lightweight,task_time_critical_lightweight_6,emergency,0,1,0.8491294207660127
f42d94b7a35f9f5e14c04ed4146758b88c85995349f206e13dfbc0af426c6024,97,1,uav_2,3140.0,157,1.0,beta_c_0.28,16200.0,810,50.0,0,,-1,E7,delivered,0,157,LB-v1-20260822,50.0,156,16.737856516350085,100.0,C-ALNS-MP,8377.6446781383,8377.6446781383,1,fab40f306821c7001096006fa5d6b773854dbbe485ce928e38cd25da6dcc4a90,0.0,16.737856516350085,LB,104,1,time_critical_lightweight,task_time_critical_lightweight_7,emergency,0,1,0.9286770435131199
f42d94b7a35f9f5e14c04ed4146758b88c85995349f206e13dfbc0af426c6024,90,0,None,-1.0,-1,0.0,beta_c_0.28,16800.0,840,50.0,1,lifeline_zero,222,E7,failed,0,-1,LB-v1-20260822,0.0,221,0.0,100.0,C-ALNS-MP,9300.70569730297,9300.70569730297,0,fab40f306821c7001096006fa5d6b773854dbbe485ce928e38cd25da6dcc4a90,50.0,0.0,LB,104,0,time_critical_lightweight,task_time_critical_lightweight_8,emergency,0,1,0.8211665605115068
f42d94b7a35f9f5e14c04ed4146758b88c85995349f206e13dfbc0af426c6024,14,1,uav_1,3160.0,158,1.0,beta_c_0.28,17400.0,870,50.0,0,,-1,E7,delivered,144,158,LB-v1-20260822,50.0,157,23.21419207136976,100.0,C-ALNS-MP,7532.933777727172,7532.933777727172,1,fab40f306821c7001096006fa5d6b773854dbbe485ce928e38cd25da6dcc4a90,0.0,23.21419207136976,LB,104,1,time_critical_lightweight,task_time_critical_lightweight_9,emergency,0,1,0.8946614200318721
f42d94b7a35f9f5e14c04ed4146758b88c85995349f206e13dfbc0af426c6024,24,1,uav_5,3360.0,168,1.0,beta_c_0.28,18000.0,900,50.0,0,,-1,E7,delivered,144,168,LB-v1-20260822,50.0,167,19.09906668736977,100.0,C-ALNS-MP,12110.343999723837,12110.343999723837,1,fab40f306821c7001096006fa5d6b773854dbbe485ce928e38cd25da6dcc4a90,0.0,19.09906668736977,LB,104,1,time_critical_lightweight,task_time_critical_lightweight_10,emergency,0,1,0.9073734486686894
f42d94b7a35f9f5e14c04ed4146758b88c85995349f206e13dfbc0af426c6024,48,0,None,-1.0,-1,0.0,beta_c_0.28,18600.0,930,50.0,1,lifeline_zero,199,E7,failed,60,-1,LB-v1-20260822,0.0,107,0.0,100.0,C-ALNS-MP,5010.518718001438,5010.518718001438,0,fab40f306821c7001096006fa5d6b773854dbbe485ce928e38cd25da6dcc4a90,50.0,0.0,LB,104,0,time_critical_lightweight,task_time_critical_lightweight_11,emergency,0,1,0.7839172668337464
f42d94b7a35f9f5e14c04ed4146758b88c85995349f206e13dfbc0af426c6024,24,0,None,-1.0,-1,0.0,beta_c_0.28,19200.0,960,800.0,1,deadline_exceeded,961,E7,failed,119,-1,LB-v1-20260822,0.0,142,10.085083014575781,100.0,C-ALNS-MP,12577.323912323805,12577.323912323805,0,0c6d159a082d94c4b4fb38c3e48daff6c7143903d2c5d5613222c4fe949856e3,800.0,0.0,LB,105,0,routine_bulk,task_routine_bulk_0,normal,1,0,0.4422958379032641
f42d94b7a35f9f5e14c04ed4146758b88c85995349f206e13dfbc0af426c6024,119,1,truck_1,2460.0,123,1.0,beta_c_0.28,20400.0,1020,800.0,0,,-1,E7,delivered,0,123,LB-v1-20260822,800.0,118,88.7193996732142,100.0,C-ALNS-MP,8114.793341322871,8114.793341322871,1,0c6d159a082d94c4b4fb38c3e48daff6c7143903d2c5d5613222c4fe949856e3,0.0,88.7193996732142,LB,105,1,routine_bulk,task_routine_bulk_1,normal,1,0,0.35204079810666833
f42d94b7a35f9f5e14c04ed4146758b88c85995349f206e13dfbc0af426c6024,167,1,truck_0,4800.0,240,1.0,beta_c_0.28,21600.0,1080,800.0,0,,-1,E7,delivered,72,240,LB-v1-20260822,800.0,238,79.00050524056626,100.0,C-ALNS-MP,8729.62675428584,8729.62675428584,1,0c6d159a082d94c4b4fb38c3e48daff6c7143903d2c5d5613222c4fe949856e3,0.0,79.00050524056626,LB,105,1,routine_bulk,task_routine_bulk_2,normal,1,0,0.287785035971319
f42d94b7a35f9f5e14c04ed4146758b88c85995349f206e13dfbc0af426c6024,72,1,truck_1,1440.0,72,1.0,beta_c_0.28,22800.0,1140,800.0,0,,-1,E7,delivered,0,72,LB-v1-20260822,800.0,71,92.89743810261982,100.0,C-ALNS-MP,5910.696567912473,5910.696567912473,1,0c6d159a082d94c4b4fb38c3e48daff6c7143903d2c5d5613222c4fe949856e3,0.0,92.89743810261982,LB,105,1,routine_bulk,task_routine_bulk_3,normal,1,0,0.350797741406931
f42d94b7a35f9f5e14c04ed4146758b88c85995349f206e13dfbc0af426c6024,52,1,truck_0,2720.0,136,1.0,beta_c_0.28,24000.0,1200,800.0,0,,-1,E7,delivered,84,136,LB-v1-20260822,800.0,135,86.65119429160026,100.0,C-ALNS-MP,10694.004250403128,10694.004250403128,1,0c6d159a082d94c4b4fb38c3e48daff6c7143903d2c5d5613222c4fe949856e3,0.0,86.65119429160026,LB,105,1,routine_bulk,task_routine_bulk_4,normal,1,0,0.4555758510257406
f42d94b7a35f9f5e14c04ed4146758b88c85995349f206e13dfbc0af426c6024,71,0,None,-1.0,-1,0.0,beta_c_0.28,25200.0,1260,800.0,1,lifeline_zero,1039,E7,failed,72,-1,LB-v1-20260822,0.0,142,0.0,100.0,C-ALNS-MP,11688.368471261618,11688.368471261618,0,0c6d159a082d94c4b4fb38c3e48daff6c7143903d2c5d5613222c4fe949856e3,800.0,0.0,LB,105,0,routine_bulk,task_routine_bulk_5,normal,1,0,0.4710880429495432
f42d94b7a35f9f5e14c04ed4146758b88c85995349f206e13dfbc0af426c6024,84,1,truck_0,1720.0,86,1.0,beta_c_0.28,26400.0,1320,800.0,0,,-1,E7,delivered,0,86,LB-v1-20260822,800.0,83,91.28469086368084,100.0,C-ALNS-MP,6465.741892118609,6465.741892118609,1,0c6d159a082d94c4b4fb38c3e48daff6c7143903d2c5d5613222c4fe949856e3,0.0,91.28469086368084,LB,105,1,routine_bulk,task_routine_bulk_6,normal,1,0,0.4027653483499122
f42d94b7a35f9f5e14c04ed4146758b88c85995349f206e13dfbc0af426c6024,71,1,truck_2,1420.0,71,1.0,beta_c_0.28,27600.0,1380,800.0,0,,-1,E7,delivered,0,71,LB-v1-20260822,800.0,70,92.47866658177351,100.0,C-ALNS-MP,5513.218277176952,5513.218277176952,1,0c6d159a082d94c4b4fb38c3e48daff6c7143903d2c5d5613222c4fe949856e3,0.0,92.47866658177351,LB,105,1,routine_bulk,task_routine_bulk_7,normal,1,0,0.4532664729099701
f42d94b7a35f9f5e14c04ed4146758b88c85995349f206e13dfbc0af426c6024,31,1,uav_4,3720.0,186,1.0,beta_c_0.28,12000.0,600,50.0,0,,-1,E7,delivered,155,186,LB-v1-20260822,50.0,185,10.08833729042358,100.0,C-ALNS-MP,3632.0997667878946,3632.0997667878946,1,0c6d159a082d94c4b4fb38c3e48daff6c7143903d2c5d5613222c4fe949856e3,0.0,10.08833729042358,LB,105,1,time_critical_lightweight,task_time_critical_lightweight_0,emergency,0,1,0.8976075549457397
f42d94b7a35f9f5e14c04ed4146758b88c85995349f206e13dfbc0af426c6024,0,1,uav_3,1020.0,51,1.0,beta_c_0.28,12600.0,630,50.0,0,,-1,E7,delivered,-1,51,LB-v1-20260822,50.0,-1,74.54785227757283,100.0,C-ALNS-MP,4785.672150326649,4785.672150326649,1,0c6d159a082d94c4b4fb38c3e48daff6c7143903d2c5d5613222c4fe949856e3,0.0,74.54785227757283,LB,105,1,time_critical_lightweight,task_time_critical_lightweight_1,emergency,0,1,0.778127135572565
f42d94b7a35f9f5e14c04ed4146758b88c85995349f206e13dfbc0af426c6024,103,1,uav_0,3720.0,186,1.0,beta_c_0.28,13200.0,660,50.0,0,,-1,E7,delivered,0,186,LB-v1-20260822,50.0,185,15.334266492031883,100.0,C-ALNS-MP,4398.113455086746,4398.113455086746,1,0c6d159a082d94c4b4fb38c3e48daff6c7143903d2c5d5613222c4fe949856e3,0.0,15.334266492031883,LB,105,1,time_critical_lightweight,task_time_critical_lightweight_2,emergency,0,1,0.7499811226475924
f42d94b7a35f9f5e14c04ed4146758b88c85995349f206e13dfbc0af426c6024,158,1,uav_2,3400.0,170,1.0,beta_c_0.28,13800.0,690,50.0,0,,-1,E7,delivered,0,170,LB-v1-20260822,50.0,169,9.613093589263704,100.0,C-ALNS-MP,5420.674333996477,5420.674333996477,1,0c6d159a082d94c4b4fb38c3e48daff6c7143903d2c5d5613222c4fe949856e3,0.0,9.613093589263704,LB,105,1,time_critical_lightweight,task_time_critical_lightweight_3,emergency,0,1,0.9578263112503582
f42d94b7a35f9f5e14c04ed4146758b88c85995349f206e13dfbc0af426c6024,72,0,None,-1.0,-1,0.0,beta_c_0.28,15360.0,768,50.0,1,lifeline_zero,219,E7,failed,0,-1,LB-v1-20260822,0.0,71,0.0,100.0,C-ALNS-MP,7181.023200554933,7181.023200554933,0,0c6d159a082d94c4b4fb38c3e48daff6c7143903d2c5d5613222c4fe949856e3,50.0,0.0,LB,105,0,time_critical_lightweight,task_time_critical_lightweight_4,emergency,0,1,0.795836380139859
f42d94b7a35f9f5e14c04ed4146758b88c85995349f206e13dfbc0af426c6024,175,1,uav_2,3740.0,187,1.0,beta_c_0.28,15000.0,750,50.0,0,,-1,E7,delivered,0,187,LB-v1-20260822,50.0,186,11.044223164584613,100.0,C-ALNS-MP,6377.527483238084,6377.527483238084,1,0c6d159a082d94c4b4fb38c3e48daff6c7143903d2c5d5613222c4fe949856e3,0.0,11.044223164584613,LB,105,1,time_critical_lightweight,task_time_critical_lightweight_5,emergency,0,1,0.780918270447546
f42d94b7a35f9f5e14c04ed4146758b88c85995349f206e13dfbc0af426c6024,167,0,None,-1.0,-1,0.0,beta_c_0.28,16560.0,828,50.0,1,lifeline_zero,220,E7,failed,0,-1,LB-v1-20260822,0.0,166,0.0,100.0,C-ALNS-MP,9029.776283917252,9029.776283917252,0,0c6d159a082d94c4b4fb38c3e48daff6c7143903d2c5d5613222c4fe949856e3,50.0,0.0,LB,105,0,time_critical_lightweight,task_time_critical_lightweight_6,emergency,0,1,0.8689360715219382
f42d94b7a35f9f5e14c04ed4146758b88c85995349f206e13dfbc0af426c6024,184,0,None,-1.0,-1,0.0,beta_c_0.28,17160.0,858,50.0,1,lifeline_zero,184,E7,failed,0,-1,LB-v1-20260822,0.0,183,0.0,100.0,C-ALNS-MP,6748.743106898455,6748.743106898455,0,0c6d159a082d94c4b4fb38c3e48daff6c7143903d2c5d5613222c4fe949856e3,50.0,0.0,LB,105,0,time_critical_lightweight,task_time_critical_lightweight_7,emergency,0,1,0.9402474835352292
f42d94b7a35f9f5e14c04ed4146758b88c85995349f206e13dfbc0af426c6024,25,1,uav_2,1700.0,85,1.0,beta_c_0.28,16800.0,840,50.0,0,,-1,E7,delivered,60,85,LB-v1-20260822,50.0,84,48.74488121997479,100.0,C-ALNS-MP,6916.263526249127,6916.263526249127,1,0c6d159a082d94c4b4fb38c3e48daff6c7143903d2c5d5613222c4fe949856e3,0.0,48.74488121997479,LB,105,1,time_critical_lightweight,task_time_critical_lightweight_8,emergency,0,1,0.9661089449093814
f42d94b7a35f9f5e14c04ed4146758b88c85995349f206e13dfbc0af426c6024,71,0,None,-1.0,-1,0.0,beta_c_0.28,17400.0,870,50.0,1,lifeline_zero,220,E7,failed,72,-1,LB-v1-20260822,0.0,142,0.0,100.0,C-ALNS-MP,10495.756357098931,10495.756357098931,0,0c6d159a082d94c4b4fb38c3e48daff6c7143903d2c5d5613222c4fe949856e3,50.0,0.0,LB,105,0,time_critical_lightweight,task_time_critical_lightweight_9,emergency,0,1,0.8274854444539167
f42d94b7a35f9f5e14c04ed4146758b88c85995349f206e13dfbc0af426c6024,7,1,uav_0,3000.0,150,1.0,beta_c_0.28,18000.0,900,50.0,0,,-1,E7,delivered,143,150,LB-v1-20260822,50.0,149,32.9534532242064,100.0,C-ALNS-MP,8510.237238411748,8510.237238411748,1,0c6d159a082d94c4b4fb38c3e48daff6c7143903d2c5d5613222c4fe949856e3,0.0,32.9534532242064,LB,105,1,time_critical_lightweight,task_time_critical_lightweight_10,emergency,0,1,0.7765952172368125
f42d94b7a35f9f5e14c04ed4146758b88c85995349f206e13dfbc0af426c6024,0,0,None,-1.0,-1,0.0,beta_c_0.28,18600.0,930,50.0,1,lifeline_zero,211,E7,failed,-1,-1,LB-v1-20260822,0.0,-1,0.0,100.0,C-ALNS-MP,10506.128035288262,10506.128035288262,0,0c6d159a082d94c4b4fb38c3e48daff6c7143903d2c5d5613222c4fe949856e3,50.0,0.0,LB,105,0,time_critical_lightweight,task_time_critical_lightweight_11,emergency,0,1,0.8832814159350445
f42d94b7a35f9f5e14c04ed4146758b88c85995349f206e13dfbc0af426c6024,36,1,truck_2,740.0,37,1.0,beta_c_0.28,19200.0,960,800.0,0,,-1,E7,delivered,0,37,LB-v1-20260822,800.0,35,96.54777720445192,100.0,C-ALNS-MP,3049.050045046094,3049.050045046094,1,a29e9c448318220e3ec1044bc15acceb9f05f6a7edfa643696d377fa7e35abc4,0.0,96.54777720445192,LB,106,1,routine_bulk,task_routine_bulk_0,normal,1,0,0.3041748807187687
f42d94b7a35f9f5e14c04ed4146758b88c85995349f206e13dfbc0af426c6024,171,1,truck_2,5460.0,273,1.0,beta_c_0.28,20400.0,1020,800.0,0,,-1,E7,delivered,96,273,LB-v1-20260822,800.0,272,78.62424577894639,100.0,C-ALNS-MP,11755.03202291802,11755.03202291802,1,a29e9c448318220e3ec1044bc15acceb9f05f6a7edfa643696d377fa7e35abc4,0.0,78.62424577894639,LB,106,1,routine_bulk,task_routine_bulk_1,normal,1,0,0.23717705835687986
f42d94b7a35f9f5e14c04ed4146758b88c85995349f206e13dfbc0af426c6024,36,0,None,-1.0,-1,0.0,beta_c_0.28,21600.0,1080,800.0,1,deadline_exceeded,1081,E7,failed,12,-1,LB-v1-20260822,0.0,47,20.801206276397178,100.0,C-ALNS-MP,7762.225913505712,7762.225913505712,0,a29e9c448318220e3ec1044bc15acceb9f05f6a7edfa643696d377fa7e35abc4,800.0,0.0,LB,106,0,routine_bulk,task_routine_bulk_2,normal,1,0,0.20180158138940132
f42d94b7a35f9f5e14c04ed4146758b88c85995349f206e13dfbc0af426c6024,60,1,truck_2,2000.0,100,1.0,beta_c_0.28,22800.0,1140,800.0,0,,-1,E7,delivered,36,100,LB-v1-20260822,800.0,95,90.11839194586439,100.0,C-ALNS-MP,7568.718729445891,7568.718729445891,1,a29e9c448318220e3ec1044bc15acceb9f05f6a7edfa643696d377fa7e35abc4,0.0,90.11839194586439,LB,106,1,routine_bulk,task_routine_bulk_3,normal,1,0,0.3703078937759816
f42d94b7a35f9f5e14c04ed4146758b88c85995349f206e13dfbc0af426c6024,101,1,truck_0,2260.0,113,1.0,beta_c_0.28,24000.0,1200,800.0,0,,-1,E7,delivered,12,113,LB-v1-20260822,800.0,112,90.84779312396971,100.0,C-ALNS-MP,7346.585050938757,7346.585050938757,1,a29e9c448318220e3ec1044bc15acceb9f05f6a7edfa643696d377fa7e35abc4,0.0,90.84779312396971,LB,106,1,routine_bulk,task_routine_bulk_4,normal,1,0,0.25635863431386674
f42d94b7a35f9f5e14c04ed4146758b88c85995349f206e13dfbc0af426c6024,9,1,truck_0,180.0,9,1.0,beta_c_0.28,25200.0,1260,800.0,0,,-1,E7,delivered,0,9,LB-v1-20260822,800.0,8,98.94528326534876,100.0,C-ALNS-MP,321.7564136050573,321.7564136050573,1,a29e9c448318220e3ec1044bc15acceb9f05f6a7edfa643696d377fa7e35abc4,0.0,98.94528326534876,LB,106,1,routine_bulk,task_routine_bulk_5,normal,1,0,0.5920820278261801
f42d94b7a35f9f5e14c04ed4146758b88c85995349f206e13dfbc0af426c6024,12,1,truck_1,280.0,14,1.0,beta_c_0.28,26400.0,1320,800.0,0,,-1,E7,delivered,0,14,LB-v1-20260822,800.0,11,98.72376561355583,100.0,C-ALNS-MP,741.1163378438463,741.1163378438463,1,a29e9c448318220e3ec1044bc15acceb9f05f6a7edfa643696d377fa7e35abc4,0.0,98.72376561355583,LB,106,1,routine_bulk,task_routine_bulk_6,normal,1,0,0.3294775831790963
f42d94b7a35f9f5e14c04ed4146758b88c85995349f206e13dfbc0af426c6024,168,0,None,-1.0,-1,0.0,beta_c_0.28,27600.0,1380,800.0,1,lifeline_zero,947,E7,failed,0,-1,LB-v1-20260822,0.0,167,0.0,100.0,C-ALNS-MP,4309.209615779867,4309.209615779867,0,a29e9c448318220e3ec1044bc15acceb9f05f6a7edfa643696d377fa7e35abc4,800.0,0.0,LB,106,0,routine_bulk,task_routine_bulk_7,normal,1,0,0.5555376124004635
f42d94b7a35f9f5e14c04ed4146758b88c85995349f206e13dfbc0af426c6024,23,0,None,-1.0,-1,0.0,beta_c_0.28,12000.0,600,50.0,1,lifeline_zero,231,E7,failed,113,-1,LB-v1-20260822,0.0,230,0.0,100.0,C-ALNS-MP,11354.674767540788,11354.674767540788,0,a29e9c448318220e3ec1044bc15acceb9f05f6a7edfa643696d377fa7e35abc4,50.0,0.0,LB,106,0,time_critical_lightweight,task_time_critical_lightweight_0,emergency,0,1,0.774646165207239
f42d94b7a35f9f5e14c04ed4146758b88c85995349f206e13dfbc0af426c6024,0,1,uav_2,2180.0,109,1.0,beta_c_0.28,12600.0,630,50.0,0,,-1,E7,delivered,-1,109,LB-v1-20260822,50.0,-1,47.725669972327815,100.0,C-ALNS-MP,7230.961196434538,7230.961196434538,1,a29e9c448318220e3ec1044bc15acceb9f05f6a7edfa643696d377fa7e35abc4,0.0,47.725669972327815,LB,106,1,time_critical_lightweight,task_time_critical_lightweight_1,emergency,0,1,0.7809525578988008
f42d94b7a35f9f5e14c04ed4146758b88c85995349f206e13dfbc0af426c6024,206,0,None,-1.0,-1,0.0,beta_c_0.28,13200.0,660,50.0,1,lifeline_zero,206,E7,failed,0,-1,LB-v1-20260822,0.0,205,0.0,100.0,C-ALNS-MP,9555.659530191586,9555.659530191586,0,a29e9c448318220e3ec1044bc15acceb9f05f6a7edfa643696d377fa7e35abc4,50.0,0.0,LB,106,0,time_critical_lightweight,task_time_critical_lightweight_2,emergency,0,1,0.9049880278821211
f42d94b7a35f9f5e14c04ed4146758b88c85995349f206e13dfbc0af426c6024,60,0,None,-1.0,-1,0.0,beta_c_0.28,13800.0,690,50.0,1,lifeline_zero,203,E7,failed,0,-1,LB-v1-20260822,0.0,59,0.0,100.0,C-ALNS-MP,2616.5347358552845,2616.5347358552845,0,a29e9c448318220e3ec1044bc15acceb9f05f6a7edfa643696d377fa7e35abc4,50.0,0.0,LB,106,0,time_critical_lightweight,task_time_critical_lightweight_3,emergency,0,1,0.7465918500496874
f42d94b7a35f9f5e14c04ed4146758b88c85995349f206e13dfbc0af426c6024,54,1,uav_2,1080.0,54,1.0,beta_c_0.28,14400.0,720,50.0,0,,-1,E7,delivered,0,54,LB-v1-20260822,50.0,53,72.42094486534907,100.0,C-ALNS-MP,4481.754838637108,4481.754838637108,1,a29e9c448318220e3ec1044bc15acceb9f05f6a7edfa643696d377fa7e35abc4,0.0,72.42094486534907,LB,106,1,time_critical_lightweight,task_time_critical_lightweight_4,emergency,0,1,0.7312565824232282
f42d94b7a35f9f5e14c04ed4146758b88c85995349f206e13dfbc0af426c6024,174,1,uav_4,3720.0,186,1.0,beta_c_0.28,15000.0,750,50.0,0,,-1,E7,delivered,0,186,LB-v1-20260822,50.0,185,7.86816612201754,100.0,C-ALNS-MP,9318.293364685915,9318.293364685915,1,a29e9c448318220e3ec1044bc15acceb9f05f6a7edfa643696d377fa7e35abc4,0.0,7.86816612201754,LB,106,1,time_critical_lightweight,task_time_critical_lightweight_5,emergency,0,1,0.9426048541447214
f42d94b7a35f9f5e14c04ed4146758b88c85995349f206e13dfbc0af426c6024,110,1,uav_2,3400.0,170,1.0,beta_c_0.28,15600.0,780,50.0,0,,-1,E7,delivered,0,170,LB-v1-20260822,50.0,169,18.098088359980746,100.0,C-ALNS-MP,8013.192717317415,8013.192717317415,1,a29e9c448318220e3ec1044bc15acceb9f05f6a7edfa643696d377fa7e35abc4,0.0,18.098088359980746,LB,106,1,time_critical_lightweight,task_time_critical_lightweight_6,emergency,0,1,0.8110072138332803
f42d94b7a35f9f5e14c04ed4146758b88c85995349f206e13dfbc0af426c6024,48,0,None,-1.0,-1,0.0,beta_c_0.28,17160.0,858,50.0,1,lifeline_zero,179,E7,failed,0,-1,LB-v1-20260822,0.0,47,0.0,100.0,C-ALNS-MP,13599.829777370682,13599.829777370682,0,a29e9c448318220e3ec1044bc15acceb9f05f6a7edfa643696d377fa7e35abc4,50.0,0.0,LB,106,0,time_critical_lightweight,task_time_critical_lightweight_7,emergency,0,1,0.8975879731334194
f42d94b7a35f9f5e14c04ed4146758b88c85995349f206e13dfbc0af426c6024,13,0,None,-1.0,-1,0.0,beta_c_0.28,16800.0,840,50.0,1,lifeline_zero,199,E7,failed,186,-1,LB-v1-20260822,0.0,198,0.0,100.0,C-ALNS-MP,9583.174302716527,9583.174302716527,0,a29e9c448318220e3ec1044bc15acceb9f05f6a7edfa643696d377fa7e35abc4,50.0,0.0,LB,106,0,time_critical_lightweight,task_time_critical_lightweight_8,emergency,0,1,0.9606920144075497
f42d94b7a35f9f5e14c04ed4146758b88c85995349f206e13dfbc0af426c6024,9,0,None,-1.0,-1,0.0,beta_c_0.28,18360.0,918,50.0,1,lifeline_zero,220,E7,failed,206,-1,LB-v1-20260822,0.0,214,0.0,100.0,C-ALNS-MP,11419.695818305287,11419.695818305287,0,a29e9c448318220e3ec1044bc15acceb9f05f6a7edfa643696d377fa7e35abc4,50.0,0.0,LB,106,0,time_critical_lightweight,task_time_critical_lightweight_9,emergency,0,1,0.7350690289126702
f42d94b7a35f9f5e14c04ed4146758b88c85995349f206e13dfbc0af426c6024,30,0,None,-1.0,-1,0.0,beta_c_0.28,18960.0,948,50.0,1,lifeline_zero,221,E7,failed,179,-1,LB-v1-20260822,0.0,220,0.0,100.0,C-ALNS-MP,9944.256660494088,9944.256660494088,0,a29e9c448318220e3ec1044bc15acceb9f05f6a7edfa643696d377fa7e35abc4,50.0,0.0,LB,106,0,time_critical_lightweight,task_time_critical_lightweight_10,emergency,0,1,0.8116832852154032
f42d94b7a35f9f5e14c04ed4146758b88c85995349f206e13dfbc0af426c6024,164,1,uav_2,4240.0,212,1.0,beta_c_0.28,18600.0,930,50.0,0,,-1,E7,delivered,48,212,LB-v1-20260822,50.0,211,1.3604430359779003,100.0,C-ALNS-MP,9249.538160907647,9249.538160907647,1,a29e9c448318220e3ec1044bc15acceb9f05f6a7edfa643696d377fa7e35abc4,0.0,1.3604430359779003,LB,106,1,time_critical_lightweight,task_time_critical_lightweight_11,emergency,0,1,0.8206547515719875
f42d94b7a35f9f5e14c04ed4146758b88c85995349f206e13dfbc0af426c6024,43,1,truck_0,860.0,43,1.0,beta_c_0.28,19200.0,960,800.0,0,,-1,E7,delivered,0,43,LB-v1-20260822,800.0,42,95.10407731926675,100.0,C-ALNS-MP,2859.966141595017,2859.966141595017,1,f2ae8345004297b441b2c009258ca3fdd93d52262ec9b5d3ae0640d776960548,0.0,95.10407731926675,LB,108,1,routine_bulk,task_routine_bulk_0,normal,1,0,0.5609855287075038
f42d94b7a35f9f5e14c04ed4146758b88c85995349f206e13dfbc0af426c6024,69,1,truck_3,1380.0,69,1.0,beta_c_0.28,20400.0,1020,800.0,0,,-1,E7,delivered,0,69,LB-v1-20260822,800.0,68,92.51044064230261,100.0,C-ALNS-MP,5637.344423392569,5637.344423392569,1,f2ae8345004297b441b2c009258ca3fdd93d52262ec9b5d3ae0640d776960548,0.0,92.51044064230261,LB,108,1,routine_bulk,task_routine_bulk_1,normal,1,0,0.501236365885313
f42d94b7a35f9f5e14c04ed4146758b88c85995349f206e13dfbc0af426c6024,155,1,truck_1,4460.0,223,1.0,beta_c_0.28,21600.0,1080,800.0,0,,-1,E7,delivered,47,223,LB-v1-20260822,800.0,213,75.55896549633489,100.0,C-ALNS-MP,9942.057192264663,9942.057192264663,1,f2ae8345004297b441b2c009258ca3fdd93d52262ec9b5d3ae0640d776960548,0.0,75.55896549633489,LB,108,1,routine_bulk,task_routine_bulk_2,normal,1,0,0.5555026708663071
f42d94b7a35f9f5e14c04ed4146758b88c85995349f206e13dfbc0af426c6024,47,1,truck_2,1020.0,51,1.0,beta_c_0.28,22800.0,1140,800.0,0,,-1,E7,delivered,0,51,LB-v1-20260822,800.0,46,95.56548672714192,100.0,C-ALNS-MP,4666.121541604554,4666.121541604554,1,f2ae8345004297b441b2c009258ca3fdd93d52262ec9b5d3ae0640d776960548,0.0,95.56548672714192,LB,108,1,routine_bulk,task_routine_bulk_3,normal,1,0,0.3185650985937015
f42d94b7a35f9f5e14c04ed4146758b88c85995349f206e13dfbc0af426c6024,101,1,truck_0,4380.0,219,1.0,beta_c_0.28,24000.0,1200,800.0,0,,-1,E7,delivered,71,219,LB-v1-20260822,800.0,218,80.3265920911209,100.0,C-ALNS-MP,6781.35066497251,6781.35066497251,1,f2ae8345004297b441b2c009258ca3fdd93d52262ec9b5d3ae0640d776960548,0.0,80.3265920911209,LB,108,1,routine_bulk,task_routine_bulk_4,normal,1,0,0.34064574335616304
f42d94b7a35f9f5e14c04ed4146758b88c85995349f206e13dfbc0af426c6024,57,1,truck_1,1140.0,57,1.0,beta_c_0.28,25200.0,1260,800.0,0,,-1,E7,delivered,0,57,LB-v1-20260822,800.0,56,95.20410833797288,100.0,C-ALNS-MP,4155.704745337662,4155.704745337662,1,f2ae8345004297b441b2c009258ca3fdd93d52262ec9b5d3ae0640d776960548,0.0,95.20410833797288,LB,108,1,routine_bulk,task_routine_bulk_5,normal,1,0,0.25864485362533485
f42d94b7a35f9f5e14c04ed4146758b88c85995349f206e13dfbc0af426c6024,166,1,truck_3,5000.0,250,1.0,beta_c_0.28,26400.0,1320,800.0,0,,-1,E7,delivered,59,250,LB-v1-20260822,800.0,248,76.42200267037055,100.0,C-ALNS-MP,10185.81922082076,10185.81922082076,1,f2ae8345004297b441b2c009258ca3fdd93d52262ec9b5d3ae0640d776960548,0.0,76.42200267037055,LB,108,1,routine_bulk,task_routine_bulk_6,normal,1,0,0.343202237017046
f42d94b7a35f9f5e14c04ed4146758b88c85995349f206e13dfbc0af426c6024,56,1,truck_3,2060.0,103,1.0,beta_c_0.28,27600.0,1380,800.0,0,,-1,E7,delivered,47,103,LB-v1-20260822,800.0,102,87.76800271747095,100.0,C-ALNS-MP,7723.085120746713,7723.085120746713,1,f2ae8345004297b441b2c009258ca3fdd93d52262ec9b5d3ae0640d776960548,0.0,87.76800271747095,LB,108,1,routine_bulk,task_routine_bulk_7,normal,1,0,0.5744015331175518
f42d94b7a35f9f5e14c04ed4146758b88c85995349f206e13dfbc0af426c6024,4,0,None,-1.0,-1,0.0,beta_c_0.28,12000.0,600,50.0,1,lifeline_zero,225,E7,failed,43,-1,LB-v1-20260822,0.0,46,0.0,100.0,C-ALNS-MP,6586.287052661501,6586.287052661501,0,f2ae8345004297b441b2c009258ca3fdd93d52262ec9b5d3ae0640d776960548,50.0,0.0,LB,108,0,time_critical_lightweight,task_time_critical_lightweight_0,emergency,0,1,0.7335914098601112
f42d94b7a35f9f5e14c04ed4146758b88c85995349f206e13dfbc0af426c6024,31,0,None,-1.0,-1,0.0,beta_c_0.28,12600.0,630,50.0,1,lifeline_zero,198,E7,failed,167,-1,LB-v1-20260822,0.0,197,0.0,100.0,C-ALNS-MP,7574.794648674728,7574.794648674728,0,f2ae8345004297b441b2c009258ca3fdd93d52262ec9b5d3ae0640d776960548,50.0,0.0,LB,108,0,time_critical_lightweight,task_time_critical_lightweight_1,emergency,0,1,0.8868543307242109
f42d94b7a35f9f5e14c04ed4146758b88c85995349f206e13dfbc0af426c6024,59,0,None,-1.0,-1,0.0,beta_c_0.28,14160.0,708,50.0,1,lifeline_zero,182,E7,failed,0,-1,LB-v1-20260822,0.0,58,0.0,100.0,C-ALNS-MP,11991.929167998902,11991.929167998902,0,f2ae8345004297b441b2c009258ca3fdd93d52262ec9b5d3ae0640d776960548,50.0,0.0,LB,108,0,time_critical_lightweight,task_time_critical_lightweight_2,emergency,0,1,0.8622104462015817
f42d94b7a35f9f5e14c04ed4146758b88c85995349f206e13dfbc0af426c6024,131,0,None,-1.0,-1,0.0,beta_c_0.28,13800.0,690,50.0,1,lifeline_zero,182,E7,failed,0,-1,LB-v1-20260822,0.0,166,0.0,100.0,C-ALNS-MP,14817.022911695385,14817.022911695385,0,f2ae8345004297b441b2c009258ca3fdd93d52262ec9b5d3ae0640d776960548,50.0,0.0,LB,108,0,time_critical_lightweight,task_time_critical_lightweight_3,emergency,0,1,0.8776064072695569
f42d94b7a35f9f5e14c04ed4146758b88c85995349f206e13dfbc0af426c6024,156,1,uav_2,3120.0,156,1.0,beta_c_0.28,14400.0,720,50.0,0,,-1,E7,delivered,0,156,LB-v1-20260822,50.0,155,17.61373523537698,100.0,C-ALNS-MP,4754.029733786183,4754.029733786183,1,f2ae8345004297b441b2c009258ca3fdd93d52262ec9b5d3ae0640d776960548,0.0,17.61373523537698,LB,108,1,time_critical_lightweight,task_time_critical_lightweight_4,emergency,0,1,0.9812414865193095
f42d94b7a35f9f5e14c04ed4146758b88c85995349f206e13dfbc0af426c6024,202,0,None,-1.0,-1,0.0,beta_c_0.28,15960.0,798,50.0,1,lifeline_zero,231,E7,failed,0,-1,LB-v1-20260822,0.0,224,0.0,100.0,C-ALNS-MP,5403.282100579913,5403.282100579913,0,f2ae8345004297b441b2c009258ca3fdd93d52262ec9b5d3ae0640d776960548,50.0,0.0,LB,108,0,time_critical_lightweight,task_time_critical_lightweight_5,emergency,0,1,0.7361653400527843
f42d94b7a35f9f5e14c04ed4146758b88c85995349f206e13dfbc0af426c6024,191,0,None,-1.0,-1,0.0,beta_c_0.28,15600.0,780,50.0,1,lifeline_zero,209,E7,failed,0,-1,LB-v1-20260822,0.0,190,0.0,100.0,C-ALNS-MP,3513.9142900961356,3513.9142900961356,0,f2ae8345004297b441b2c009258ca3fdd93d52262ec9b5d3ae0640d776960548,50.0,0.0,LB,108,0,time_critical_lightweight,task_time_critical_lightweight_6,emergency,0,1,0.8281854223501783
f42d94b7a35f9f5e14c04ed4146758b88c85995349f206e13dfbc0af426c6024,159,1,uav_0,3180.0,159,1.0,beta_c_0.28,16200.0,810,50.0,0,,-1,E7,delivered,0,159,LB-v1-20260822,50.0,158,13.56977575864919,100.0,C-ALNS-MP,7067.058621787813,7067.058621787813,1,f2ae8345004297b441b2c009258ca3fdd93d52262ec9b5d3ae0640d776960548,0.0,13.56977575864919,LB,108,1,time_critical_lightweight,task_time_critical_lightweight_7,emergency,0,1,0.9473833365764368
f42d94b7a35f9f5e14c04ed4146758b88c85995349f206e13dfbc0af426c6024,36,0,None,-1.0,-1,0.0,beta_c_0.28,17760.0,888,50.0,1,lifeline_zero,220,E7,failed,59,-1,LB-v1-20260822,0.0,94,0.0,100.0,C-ALNS-MP,5522.774919186775,5522.774919186775,0,f2ae8345004297b441b2c009258ca3fdd93d52262ec9b5d3ae0640d776960548,50.0,0.0,LB,108,0,time_critical_lightweight,task_time_critical_lightweight_8,emergency,0,1,0.7862908118294443
f42d94b7a35f9f5e14c04ed4146758b88c85995349f206e13dfbc0af426c6024,117,1,uav_0,3760.0,188,1.0,beta_c_0.28,17400.0,870,50.0,0,,-1,E7,delivered,71,188,LB-v1-20260822,50.0,187,9.088071627917722,100.0,C-ALNS-MP,7007.472939544873,7007.472939544873,1,f2ae8345004297b441b2c009258ca3fdd93d52262ec9b5d3ae0640d776960548,0.0,9.088071627917722,LB,108,1,time_critical_lightweight,task_time_critical_lightweight_9,emergency,0,1,0.8110961246662984
f42d94b7a35f9f5e14c04ed4146758b88c85995349f206e13dfbc0af426c6024,0,0,None,-1.0,-1,0.0,beta_c_0.28,18000.0,900,50.0,1,lifeline_zero,202,E7,failed,-1,-1,LB-v1-20260822,0.0,-1,0.0,100.0,C-ALNS-MP,6550.917811156877,6550.917811156877,0,f2ae8345004297b441b2c009258ca3fdd93d52262ec9b5d3ae0640d776960548,50.0,0.0,LB,108,0,time_critical_lightweight,task_time_critical_lightweight_10,emergency,0,1,0.9060906911985231
f42d94b7a35f9f5e14c04ed4146758b88c85995349f206e13dfbc0af426c6024,0,1,uav_3,960.0,48,1.0,beta_c_0.28,18600.0,930,50.0,0,,-1,E7,delivered,-1,48,LB-v1-20260822,50.0,-1,76.09459719245876,100.0,C-ALNS-MP,4254.156063356919,4254.156063356919,1,f2ae8345004297b441b2c009258ca3fdd93d52262ec9b5d3ae0640d776960548,0.0,76.09459719245876,LB,108,1,time_critical_lightweight,task_time_critical_lightweight_11,emergency,0,1,0.8683274098138106
f42d94b7a35f9f5e14c04ed4146758b88c85995349f206e13dfbc0af426c6024,212,1,truck_1,5660.0,283,1.0,beta_c_0.28,19200.0,960,800.0,0,,-1,E7,delivered,36,283,LB-v1-20260822,800.0,282,70.06588792522025,100.0,C-ALNS-MP,4676.861376701063,4676.861376701063,1,7054b21277e0434ef8199fddbb234e315d06cfa1bef1b6d2469a266bc3020b59,0.0,70.06588792522025,LB,107,1,routine_bulk,task_routine_bulk_0,normal,1,0,0.5706680857831006
f42d94b7a35f9f5e14c04ed4146758b88c85995349f206e13dfbc0af426c6024,59,1,truck_2,1260.0,63,1.0,beta_c_0.28,20400.0,1020,800.0,0,,-1,E7,delivered,0,63,LB-v1-20260822,800.0,58,94.88466720321085,100.0,C-ALNS-MP,4365.266097324558,4365.266097324558,1,7054b21277e0434ef8199fddbb234e315d06cfa1bef1b6d2469a266bc3020b59,0.0,94.88466720321085,LB,107,1,routine_bulk,task_routine_bulk_1,normal,1,0,0.2966517718910157
f42d94b7a35f9f5e14c04ed4146758b88c85995349f206e13dfbc0af426c6024,36,1,truck_1,760.0,38,1.0,beta_c_0.28,21600.0,1080,800.0,0,,-1,E7,delivered,0,38,LB-v1-20260822,800.0,35,95.95163454467597,100.0,C-ALNS-MP,3168.672550952722,3168.672550952722,1,7054b21277e0434ef8199fddbb234e315d06cfa1bef1b6d2469a266bc3020b59,0.0,95.95163454467597,LB,107,1,routine_bulk,task_routine_bulk_2,normal,1,0,0.5547067970949975
f42d94b7a35f9f5e14c04ed4146758b88c85995349f206e13dfbc0af426c6024,66,1,truck_1,1320.0,66,1.0,beta_c_0.28,22800.0,1140,800.0,0,,-1,E7,delivered,0,66,LB-v1-20260822,800.0,65,94.92313197166987,100.0,C-ALNS-MP,3245.16352904983,3245.16352904983,1,7054b21277e0434ef8199fddbb234e315d06cfa1bef1b6d2469a266bc3020b59,0.0,94.92313197166987,LB,107,1,routine_bulk,task_routine_bulk_3,normal,1,0,0.2436562031867523
f42d94b7a35f9f5e14c04ed4146758b88c85995349f206e13dfbc0af426c6024,156,1,truck_1,4780.0,239,1.0,beta_c_0.28,24000.0,1200,800.0,0,,-1,E7,delivered,71,239,LB-v1-20260822,800.0,238,77.79554882429115,100.0,C-ALNS-MP,5980.171646239756,5980.171646239756,1,7054b21277e0434ef8199fddbb234e315d06cfa1bef1b6d2469a266bc3020b59,0.0,77.79554882429115,LB,107,1,routine_bulk,task_routine_bulk_4,normal,1,0,0.4304808019757515
f42d94b7a35f9f5e14c04ed4146758b88c85995349f206e13dfbc0af426c6024,226,1,truck_2,5320.0,266,1.0,beta_c_0.28,25200.0,1260,800.0,0,,-1,E7,delivered,36,266,LB-v1-20260822,800.0,261,75.86823648385985,100.0,C-ALNS-MP,4790.794991940095,4790.794991940095,1,7054b21277e0434ef8199fddbb234e315d06cfa1bef1b6d2469a266bc3020b59,0.0,75.86823648385985,LB,107,1,routine_bulk,task_routine_bulk_5,normal,1,0,0.3804450519899658
f42d94b7a35f9f5e14c04ed4146758b88c85995349f206e13dfbc0af426c6024,83,0,None,-1.0,-1,0.0,beta_c_0.28,26400.0,1320,800.0,1,lifeline_zero,1299,E7,failed,48,-1,LB-v1-20260822,0.0,130,0.0,100.0,C-ALNS-MP,9323.57765247018,9323.57765247018,0,7054b21277e0434ef8199fddbb234e315d06cfa1bef1b6d2469a266bc3020b59,800.0,0.0,LB,107,0,routine_bulk,task_routine_bulk_6,normal,1,0,0.2221731791610967
f42d94b7a35f9f5e14c04ed4146758b88c85995349f206e13dfbc0af426c6024,36,1,truck_0,800.0,40,1.0,beta_c_0.28,27600.0,1380,800.0,0,,-1,E7,delivered,0,40,LB-v1-20260822,800.0,35,95.92756737033696,100.0,C-ALNS-MP,2675.351273261336,2675.351273261336,1,7054b21277e0434ef8199fddbb234e315d06cfa1bef1b6d2469a266bc3020b59,0.0,95.92756737033696,LB,107,1,routine_bulk,task_routine_bulk_7,normal,1,0,0.4377062722154169
f42d94b7a35f9f5e14c04ed4146758b88c85995349f206e13dfbc0af426c6024,20,1,uav_1,3260.0,163,1.0,beta_c_0.28,12000.0,600,50.0,0,,-1,E7,delivered,143,163,LB-v1-20260822,50.0,162,23.86877638775775,100.0,C-ALNS-MP,5394.62580921223,5394.62580921223,1,7054b21277e0434ef8199fddbb234e315d06cfa1bef1b6d2469a266bc3020b59,0.0,23.86877638775775,LB,107,1,time_critical_lightweight,task_time_critical_lightweight_0,emergency,0,1,0.8302499593770897
f42d94b7a35f9f5e14c04ed4146758b88c85995349f206e13dfbc0af426c6024,22,1,uav_0,3060.0,153,1.0,beta_c_0.28,12600.0,630,50.0,0,,-1,E7,delivered,107,153,LB-v1-20260822,50.0,152,32.20544829188662,100.0,C-ALNS-MP,1255.9076213524656,1255.9076213524656,1,7054b21277e0434ef8199fddbb234e315d06cfa1bef1b6d2469a266bc3020b59,0.0,32.20544829188662,LB,107,1,time_critical_lightweight,task_time_critical_lightweight_1,emergency,0,1,0.7411016998019768
f42d94b7a35f9f5e14c04ed4146758b88c85995349f206e13dfbc0af426c6024,56,1,uav_3,1360.0,68,1.0,beta_c_0.28,14160.0,708,50.0,0,,-1,E7,delivered,0,68,LB-v1-20260822,50.0,67,71.21669391413374,100.0,C-ALNS-MP,8978.493170966221,8978.493170966221,1,7054b21277e0434ef8199fddbb234e315d06cfa1bef1b6d2469a266bc3020b59,0.0,71.21669391413374,LB,107,1,time_critical_lightweight,task_time_critical_lightweight_2,emergency,0,1,0.7545769185202815
f42d94b7a35f9f5e14c04ed4146758b88c85995349f206e13dfbc0af426c6024,68,1,uav_1,2060.0,103,1.0,beta_c_0.28,14760.0,738,50.0,0,,-1,E7,delivered,0,103,LB-v1-20260822,50.0,102,53.89166813194139,100.0,C-ALNS-MP,9241.05280832803,9241.05280832803,1,7054b21277e0434ef8199fddbb234e315d06cfa1bef1b6d2469a266bc3020b59,0.0,53.89166813194139,LB,107,1,time_critical_lightweight,task_time_critical_lightweight_3,emergency,0,1,0.8390694278116883
f42d94b7a35f9f5e14c04ed4146758b88c85995349f206e13dfbc0af426c6024,28,1,uav_1,560.0,28,1.0,beta_c_0.28,14400.0,720,50.0,0,,-1,E7,delivered,0,28,LB-v1-20260822,50.0,27,87.32349265353359,100.0,C-ALNS-MP,2739.1399798010775,2739.1399798010775,1,7054b21277e0434ef8199fddbb234e315d06cfa1bef1b6d2469a266bc3020b59,0.0,87.32349265353359,LB,107,1,time_critical_lightweight,task_time_critical_lightweight_4,emergency,0,1,0.8046278717993235
f42d94b7a35f9f5e14c04ed4146758b88c85995349f206e13dfbc0af426c6024,68,1,uav_2,2300.0,115,1.0,beta_c_0.28,15000.0,750,50.0,0,,-1,E7,delivered,0,115,LB-v1-20260822,50.0,114,44.14079565834814,100.0,C-ALNS-MP,3797.4401881228073,3797.4401881228073,1,7054b21277e0434ef8199fddbb234e315d06cfa1bef1b6d2469a266bc3020b59,0.0,44.14079565834814,LB,107,1,time_critical_lightweight,task_time_critical_lightweight_5,emergency,0,1,0.90085693700648
f42d94b7a35f9f5e14c04ed4146758b88c85995349f206e13dfbc0af426c6024,95,0,None,-1.0,-1,0.0,beta_c_0.28,15600.0,780,50.0,1,lifeline_zero,223,E7,failed,0,-1,LB-v1-20260822,0.0,142,0.0,100.0,C-ALNS-MP,5747.812352952764,5747.812352952764,0,7054b21277e0434ef8199fddbb234e315d06cfa1bef1b6d2469a266bc3020b59,50.0,0.0,LB,107,0,time_critical_lightweight,task_time_critical_lightweight_6,emergency,0,1,0.7731538051901221
f42d94b7a35f9f5e14c04ed4146758b88c85995349f206e13dfbc0af426c6024,166,1,uav_1,3960.0,198,1.0,beta_c_0.28,17160.0,858,50.0,0,,-1,E7,delivered,0,198,LB-v1-20260822,50.0,197,9.203705848040448,100.0,C-ALNS-MP,9338.434762348648,9338.434762348648,1,7054b21277e0434ef8199fddbb234e315d06cfa1bef1b6d2469a266bc3020b59,0.0,9.203705848040448,LB,107,1,time_critical_lightweight,task_time_critical_lightweight_7,emergency,0,1,0.8164838175840352
f42d94b7a35f9f5e14c04ed4146758b88c85995349f206e13dfbc0af426c6024,42,1,uav_2,1740.0,87,1.0,beta_c_0.28,16800.0,840,50.0,0,,-1,E7,delivered,36,87,LB-v1-20260822,50.0,86,55.679533882123636,100.0,C-ALNS-MP,4433.27498858184,4433.27498858184,1,7054b21277e0434ef8199fddbb234e315d06cfa1bef1b6d2469a266bc3020b59,0.0,55.679533882123636,LB,107,1,time_critical_lightweight,task_time_critical_lightweight_8,emergency,0,1,0.969115762600605
f42d94b7a35f9f5e14c04ed4146758b88c85995349f206e13dfbc0af426c6024,91,1,uav_4,3240.0,162,1.0,beta_c_0.28,17400.0,870,50.0,0,,-1,E7,delivered,36,162,LB-v1-20260822,50.0,161,16.10968372001315,100.0,C-ALNS-MP,1706.9408225484358,1706.9408225484358,1,7054b21277e0434ef8199fddbb234e315d06cfa1bef1b6d2469a266bc3020b59,0.0,16.10968372001315,LB,107,1,time_critical_lightweight,task_time_critical_lightweight_9,emergency,0,1,0.9597035886893125
f42d94b7a35f9f5e14c04ed4146758b88c85995349f206e13dfbc0af426c6024,4,1,uav_3,800.0,40,1.0,beta_c_0.28,18000.0,900,50.0,0,,-1,E7,delivered,36,40,LB-v1-20260822,50.0,39,81.32414552739054,100.0,C-ALNS-MP,3763.818128189182,3763.818128189182,1,7054b21277e0434ef8199fddbb234e315d06cfa1bef1b6d2469a266bc3020b59,0.0,81.32414552739054,LB,107,1,time_critical_lightweight,task_time_critical_lightweight_10,emergency,0,1,0.8653418966582734
f42d94b7a35f9f5e14c04ed4146758b88c85995349f206e13dfbc0af426c6024,8,1,uav_1,1120.0,56,1.0,beta_c_0.28,18600.0,930,50.0,0,,-1,E7,delivered,48,56,LB-v1-20260822,50.0,55,72.05302973658007,100.0,C-ALNS-MP,5710.389558214626,5710.389558214626,1,7054b21277e0434ef8199fddbb234e315d06cfa1bef1b6d2469a266bc3020b59,0.0,72.05302973658007,LB,107,1,time_critical_lightweight,task_time_critical_lightweight_11,emergency,0,1,0.961564265025886
90171fbe6c43d824744bf74c21cfb67be192844fb30442991e2a129a5952d714,0,1,truck_2,2300.0,115,1.0,beta_c_0.28,19200.0,960,800.0,0,,-1,E7,delivered,-1,115,LB-v1-20260822,800.0,-1,87.25443852135479,100.0,ER-HLNS-parallel-rescue,4712.939965300228,4712.939965300228,1,ce1c5a0ac03624624e1a90b05ef071bd18e13c386daf5c4e898093fe377afab5,0.0,87.25443852135479,LB,100,1,routine_bulk,task_routine_bulk_0,normal,1,0,0.5914487685478238
90171fbe6c43d824744bf74c21cfb67be192844fb30442991e2a129a5952d714,0,1,truck_3,840.0,42,1.0,beta_c_0.28,20400.0,1020,800.0,0,,-1,E7,delivered,-1,42,LB-v1-20260822,800.0,-1,96.22981873500012,100.0,ER-HLNS-parallel-rescue,2651.3638511663926,2651.3638511663926,1,ce1c5a0ac03624624e1a90b05ef071bd18e13c386daf5c4e898093fe377afab5,0.0,96.22981873500012,LB,100,1,routine_bulk,task_routine_bulk_1,normal,1,0,0.328770105116882
90171fbe6c43d824744bf74c21cfb67be192844fb30442991e2a129a5952d714,0,0,None,-1.0,-1,0.0,beta_c_0.28,21600.0,1080,800.0,1,lifeline_zero,935,E7,failed,-1,-1,LB-v1-20260822,0.0,-1,0.0,100.0,ER-HLNS-parallel-rescue,9455.797786582447,9455.797786582447,0,ce1c5a0ac03624624e1a90b05ef071bd18e13c386daf5c4e898093fe377afab5,800.0,0.0,LB,100,0,routine_bulk,task_routine_bulk_2,normal,1,0,0.5197299581475797
90171fbe6c43d824744bf74c21cfb67be192844fb30442991e2a129a5952d714,152,1,truck_2,6980.0,349,1.0,beta_c_0.28,22800.0,1140,800.0,0,,-1,E7,delivered,186,349,LB-v1-20260822,800.0,348,66.54485551816688,100.0,ER-HLNS-parallel-rescue,7467.100925813267,7467.100925813267,1,ce1c5a0ac03624624e1a90b05ef071bd18e13c386daf5c4e898093fe377afab5,0.0,66.54485551816688,LB,100,1,routine_bulk,task_routine_bulk_3,normal,1,0,0.363407140663305
90171fbe6c43d824744bf74c21cfb67be192844fb30442991e2a129a5952d714,80,1,truck_1,4320.0,216,1.0,beta_c_0.28,24000.0,1200,800.0,0,,-1,E7,delivered,108,216,LB-v1-20260822,800.0,215,82.3635799343901,100.0,ER-HLNS-parallel-rescue,4256.447388010565,4256.447388010565,1,ce1c5a0ac03624624e1a90b05ef071bd18e13c386daf5c4e898093fe377afab5,0.0,82.3635799343901,LB,100,1,routine_bulk,task_routine_bulk_4,normal,1,0,0.2526593582373026
90171fbe6c43d824744bf74c21cfb67be192844fb30442991e2a129a5952d714,0,1,truck_2,2100.0,105,1.0,beta_c_0.28,25200.0,1260,800.0,0,,-1,E7,delivered,-1,105,LB-v1-20260822,800.0,-1,91.80147945709251,100.0,ER-HLNS-parallel-rescue,4838.850094689374,4838.850094689374,1,ce1c5a0ac03624624e1a90b05ef071bd18e13c386daf5c4e898093fe377afab5,0.0,91.80147945709251,LB,100,1,routine_bulk,task_routine_bulk_5,normal,1,0,0.23296054817545986
90171fbe6c43d824744bf74c21cfb67be192844fb30442991e2a129a5952d714,0,0,None,-1.0,-1,0.0,beta_c_0.28,26400.0,1320,800.0,1,lifeline_zero,1009,E7,failed,-1,-1,LB-v1-20260822,0.0,-1,0.0,100.0,ER-HLNS-parallel-rescue,11793.267377757751,11793.267377757751,0,ce1c5a0ac03624624e1a90b05ef071bd18e13c386daf5c4e898093fe377afab5,800.0,0.0,LB,100,0,routine_bulk,task_routine_bulk_6,normal,1,0,0.46244681084905065
90171fbe6c43d824744bf74c21cfb67be192844fb30442991e2a129a5952d714,154,1,truck_0,5880.0,294,1.0,beta_c_0.28,27600.0,1380,800.0,0,,-1,E7,delivered,140,294,LB-v1-20260822,800.0,293,68.43438260534425,100.0,ER-HLNS-parallel-rescue,4587.683945260957,4587.683945260957,1,ce1c5a0ac03624624e1a90b05ef071bd18e13c386daf5c4e898093fe377afab5,0.0,68.43438260534425,LB,100,1,routine_bulk,task_routine_bulk_7,normal,1,0,0.5338128687931456
90171fbe6c43d824744bf74c21cfb67be192844fb30442991e2a129a5952d714,23,1,uav_2,1320.0,66,1.0,beta_c_0.28,12000.0,600,50.0,0,,-1,E7,delivered,43,66,LB-v1-20260822,50.0,65,68.73102509105327,100.0,ER-HLNS-parallel-rescue,4043.5148887186647,4043.5148887186647,1,ce1c5a0ac03624624e1a90b05ef071bd18e13c386daf5c4e898093fe377afab5,0.0,68.73102509105327,LB,100,1,time_critical_lightweight,task_time_critical_lightweight_0,emergency,0,1,0.8572362469902544
90171fbe6c43d824744bf74c21cfb67be192844fb30442991e2a129a5952d714,45,1,uav_0,900.0,45,1.0,beta_c_0.28,12600.0,630,50.0,0,,-1,E7,delivered,0,45,LB-v1-20260822,50.0,44,77.73201440552236,100.0,ER-HLNS-parallel-rescue,3938.2462884286088,3938.2462884286088,1,ce1c5a0ac03624624e1a90b05ef071bd18e13c386daf5c4e898093fe377afab5,0.0,77.73201440552236,LB,100,1,time_critical_lightweight,task_time_critical_lightweight_1,emergency,0,1,0.7681740887900437
90171fbe6c43d824744bf74c21cfb67be192844fb30442991e2a129a5952d714,24,1,uav_1,480.0,24,1.0,beta_c_0.28,13200.0,660,50.0,0,,-1,E7,delivered,0,24,LB-v1-20260822,50.0,23,89.21595537987331,100.0,ER-HLNS-parallel-rescue,1841.754606923464,1841.754606923464,1,ce1c5a0ac03624624e1a90b05ef071bd18e13c386daf5c4e898093fe377afab5,0.0,89.21595537987331,LB,100,1,time_critical_lightweight,task_time_critical_lightweight_2,emergency,0,1,0.8022891552475101
90171fbe6c43d824744bf74c21cfb67be192844fb30442991e2a129a5952d714,162,0,None,-1.0,-1,0.0,beta_c_0.28,14760.0,738,50.0,1,lifeline_zero,179,E7,failed,24,-1,LB-v1-20260822,0.0,185,0.0,100.0,ER-HLNS-parallel-rescue,5652.839795309424,5652.839795309424,0,ce1c5a0ac03624624e1a90b05ef071bd18e13c386daf5c4e898093fe377afab5,50.0,0.0,LB,100,0,time_critical_lightweight,task_time_critical_lightweight_3,emergency,0,1,0.960215083465178
90171fbe6c43d824744bf74c21cfb67be192844fb30442991e2a129a5952d714,59,1,uav_2,2740.0,137,1.0,beta_c_0.28,14400.0,720,50.0,0,,-1,E7,delivered,81,137,LB-v1-20260822,50.0,139,39.03804414953717,100.0,ER-HLNS-parallel-rescue,5313.398671961474,5313.398671961474,1,ce1c5a0ac03624624e1a90b05ef071bd18e13c386daf5c4e898093fe377afab5,0.0,39.03804414953717,LB,100,1,time_critical_lightweight,task_time_critical_lightweight_4,emergency,0,1,0.8154167223421255
90171fbe6c43d824744bf74c21cfb67be192844fb30442991e2a129a5952d714,0,0,None,-1.0,-1,0.0,beta_c_0.28,15960.0,798,50.0,1,lifeline_zero,184,E7,failed,-1,-1,LB-v1-20260822,0.0,-1,0.0,100.0,ER-HLNS-parallel-rescue,12029.47975909369,12029.47975909369,0,ce1c5a0ac03624624e1a90b05ef071bd18e13c386daf5c4e898093fe377afab5,50.0,0.0,LB,100,0,time_critical_lightweight,task_time_critical_lightweight_5,emergency,0,1,0.9867416871112791
90171fbe6c43d824744bf74c21cfb67be192844fb30442991e2a129a5952d714,43,1,uav_2,740.0,37,1.0,beta_c_0.28,15600.0,780,50.0,0,,-1,E7,delivered,0,37,LB-v1-20260822,50.0,42,82.43161875289036,100.0,ER-HLNS-parallel-rescue,2945.1941967981666,2945.1941967981666,1,ce1c5a0ac03624624e1a90b05ef071bd18e13c386daf5c4e898093fe377afab5,0.0,82.43161875289036,LB,100,1,time_critical_lightweight,task_time_critical_lightweight_6,emergency,0,1,0.8746488677361269
90171fbe6c43d824744bf74c21cfb67be192844fb30442991e2a129a5952d714,125,0,None,-1.0,-1,0.0,beta_c_0.28,17160.0,858,50.0,1,lifeline_zero,202,E7,failed,77,-1,LB-v1-20260822,0.0,201,0.0,100.0,ER-HLNS-parallel-rescue,8166.972222335975,8166.972222335975,0,ce1c5a0ac03624624e1a90b05ef071bd18e13c386daf5c4e898093fe377afab5,50.0,0.0,LB,100,0,time_critical_lightweight,task_time_critical_lightweight_7,emergency,0,1,0.7446621799769354
90171fbe6c43d824744bf74c21cfb67be192844fb30442991e2a129a5952d714,46,1,uav_3,920.0,46,1.0,beta_c_0.28,16800.0,840,50.0,0,,-1,E7,delivered,0,46,LB-v1-20260822,50.0,45,77.35978385823186,100.0,ER-HLNS-parallel-rescue,2311.2789292757247,2311.2789292757247,1,ce1c5a0ac03624624e1a90b05ef071bd18e13c386daf5c4e898093fe377afab5,0.0,77.35978385823186,LB,100,1,time_critical_lightweight,task_time_critical_lightweight_8,emergency,0,1,0.8689502560984448
90171fbe6c43d824744bf74c21cfb67be192844fb30442991e2a129a5952d714,62,1,uav_3,2160.0,108,1.0,beta_c_0.28,17400.0,870,50.0,0,,-1,E7,delivered,46,108,LB-v1-20260822,50.0,107,54.715908870971404,100.0,ER-HLNS-parallel-rescue,6760.559725492877,6760.559725492877,1,ce1c5a0ac03624624e1a90b05ef071bd18e13c386daf5c4e898093fe377afab5,0.0,54.715908870971404,LB,100,1,time_critical_lightweight,task_time_critical_lightweight_9,emergency,0,1,0.7554846985257647
90171fbe6c43d824744bf74c21cfb67be192844fb30442991e2a129a5952d714,15,1,uav_2,1580.0,79,1.0,beta_c_0.28,18000.0,900,50.0,0,,-1,E7,delivered,66,79,LB-v1-20260822,50.0,80,65.58691766885418,100.0,ER-HLNS-parallel-rescue,3952.8289116955493,3952.8289116955493,1,ce1c5a0ac03624624e1a90b05ef071bd18e13c386daf5c4e898093fe377afab5,0.0,65.58691766885418,LB,100,1,time_critical_lightweight,task_time_critical_lightweight_10,emergency,0,1,0.7210061967003056
90171fbe6c43d824744bf74c21cfb67be192844fb30442991e2a129a5952d714,32,1,uav_4,1540.0,77,1.0,beta_c_0.28,18600.0,930,50.0,0,,-1,E7,delivered,45,77,LB-v1-20260822,50.0,76,59.63665703197684,100.0,ER-HLNS-parallel-rescue,6188.028410283936,6188.028410283936,1,ce1c5a0ac03624624e1a90b05ef071bd18e13c386daf5c4e898093fe377afab5,0.0,59.63665703197684,LB,100,1,time_critical_lightweight,task_time_critical_lightweight_11,emergency,0,1,0.732056640977218
f42d94b7a35f9f5e14c04ed4146758b88c85995349f206e13dfbc0af426c6024,23,0,None,-1.0,-1,0.0,beta_c_0.28,19200.0,960,800.0,1,deadline_exceeded,961,E7,failed,119,-1,LB-v1-20260822,0.0,141,25.235682663606955,100.0,C-ALNS-MP,10438.47474817182,10438.47474817182,0,d5cd2aba7902c32004cb707183fd5e6b1583f4f08dfccc37dc38ff1cf6567764,800.0,0.0,LB,109,0,routine_bulk,task_routine_bulk_0,normal,1,0,0.24372892426675105
f42d94b7a35f9f5e14c04ed4146758b88c85995349f206e13dfbc0af426c6024,112,1,truck_2,2240.0,112,1.0,beta_c_0.28,20400.0,1020,800.0,0,,-1,E7,delivered,0,112,LB-v1-20260822,800.0,111,88.53805226212803,100.0,C-ALNS-MP,7520.043271903724,7520.043271903724,1,d5cd2aba7902c32004cb707183fd5e6b1583f4f08dfccc37dc38ff1cf6567764,0.0,88.53805226212803,LB,109,1,routine_bulk,task_routine_bulk_1,normal,1,0,0.5054521103748251
f42d94b7a35f9f5e14c04ed4146758b88c85995349f206e13dfbc0af426c6024,130,1,truck_1,2620.0,131,1.0,beta_c_0.28,21600.0,1080,800.0,0,,-1,E7,delivered,0,131,LB-v1-20260822,800.0,129,89.97876121034106,100.0,C-ALNS-MP,5862.2526887266995,5862.2526887266995,1,d5cd2aba7902c32004cb707183fd5e6b1583f4f08dfccc37dc38ff1cf6567764,0.0,89.97876121034106,LB,109,1,routine_bulk,task_routine_bulk_2,normal,1,0,0.22819223062131908
f42d94b7a35f9f5e14c04ed4146758b88c85995349f206e13dfbc0af426c6024,272,1,truck_1,7100.0,355,1.0,beta_c_0.28,22800.0,1140,800.0,0,,-1,E7,delivered,47,355,LB-v1-20260822,800.0,354,60.76917703011177,100.0,C-ALNS-MP,9233.836204566593,9233.836204566593,1,d5cd2aba7902c32004cb707183fd5e6b1583f4f08dfccc37dc38ff1cf6567764,0.0,60.76917703011177,LB,109,1,routine_bulk,task_routine_bulk_3,normal,1,0,0.5591597629199856
f42d94b7a35f9f5e14c04ed4146758b88c85995349f206e13dfbc0af426c6024,120,1,truck_3,6520.0,326,1.0,beta_c_0.28,24000.0,1200,800.0,0,,-1,E7,delivered,202,326,LB-v1-20260822,800.0,321,65.85027644251622,100.0,C-ALNS-MP,12264.704525287152,12264.704525287152,1,d5cd2aba7902c32004cb707183fd5e6b1583f4f08dfccc37dc38ff1cf6567764,0.0,65.85027644251622,LB,109,1,routine_bulk,task_routine_bulk_4,normal,1,0,0.5182976821364798
f42d94b7a35f9f5e14c04ed4146758b88c85995349f206e13dfbc0af426c6024,42,1,truck_0,840.0,42,1.0,beta_c_0.28,25200.0,1260,800.0,0,,-1,E7,delivered,0,42,LB-v1-20260822,800.0,41,96.5977396463866,100.0,C-ALNS-MP,3180.3161628672265,3180.3161628672265,1,d5cd2aba7902c32004cb707183fd5e6b1583f4f08dfccc37dc38ff1cf6567764,0.0,96.5977396463866,LB,109,1,routine_bulk,task_routine_bulk_5,normal,1,0,0.27498948731286477
f42d94b7a35f9f5e14c04ed4146758b88c85995349f206e13dfbc0af426c6024,145,1,truck_3,8280.0,414,1.0,beta_c_0.28,26400.0,1320,800.0,0,,-1,E7,delivered,0,414,LB-v1-20260822,800.0,413,62.381274065923925,100.0,C-ALNS-MP,7638.021133490483,7638.021133490483,1,d5cd2aba7902c32004cb707183fd5e6b1583f4f08dfccc37dc38ff1cf6567764,0.0,62.381274065923925,LB,109,1,routine_bulk,task_routine_bulk_6,normal,1,0,0.35938088605341784
f42d94b7a35f9f5e14c04ed4146758b88c85995349f206e13dfbc0af426c6024,125,1,truck_1,4140.0,207,1.0,beta_c_0.28,27600.0,1380,800.0,0,,-1,E7,delivered,47,207,LB-v1-20260822,800.0,206,80.75313124432945,100.0,C-ALNS-MP,8669.41558612628,8669.41558612628,1,d5cd2aba7902c32004cb707183fd5e6b1583f4f08dfccc37dc38ff1cf6567764,0.0,80.75313124432945,LB,109,1,routine_bulk,task_routine_bulk_7,normal,1,0,0.4023390026781324
f42d94b7a35f9f5e14c04ed4146758b88c85995349f206e13dfbc0af426c6024,10,1,uav_5,1620.0,81,1.0,beta_c_0.28,12000.0,600,50.0,0,,-1,E7,delivered,71,81,LB-v1-20260822,50.0,80,58.41968204188164,100.0,C-ALNS-MP,1577.2702063913625,1577.2702063913625,1,d5cd2aba7902c32004cb707183fd5e6b1583f4f08dfccc37dc38ff1cf6567764,0.0,58.41968204188164,LB,109,1,time_critical_lightweight,task_time_critical_lightweight_0,emergency,0,1,0.9897379983613447
f42d94b7a35f9f5e14c04ed4146758b88c85995349f206e13dfbc0af426c6024,11,1,uav_0,2600.0,130,1.0,beta_c_0.28,12600.0,630,50.0,0,,-1,E7,delivered,119,130,LB-v1-20260822,50.0,129,44.98022061890366,100.0,C-ALNS-MP,5275.816914731613,5275.816914731613,1,d5cd2aba7902c32004cb707183fd5e6b1583f4f08dfccc37dc38ff1cf6567764,0.0,44.98022061890366,LB,109,1,time_critical_lightweight,task_time_critical_lightweight_1,emergency,0,1,0.706236225687008
f42d94b7a35f9f5e14c04ed4146758b88c85995349f206e13dfbc0af426c6024,47,1,uav_0,1460.0,73,1.0,beta_c_0.28,14160.0,708,50.0,0,,-1,E7,delivered,0,73,LB-v1-20260822,50.0,70,68.46330251570461,100.0,C-ALNS-MP,7167.574303002123,7167.574303002123,1,d5cd2aba7902c32004cb707183fd5e6b1583f4f08dfccc37dc38ff1cf6567764,0.0,68.46330251570461,LB,109,1,time_critical_lightweight,task_time_critical_lightweight_2,emergency,0,1,0.7651739864753156
f42d94b7a35f9f5e14c04ed4146758b88c85995349f206e13dfbc0af426c6024,50,1,uav_4,1000.0,50,1.0,beta_c_0.28,13800.0,690,50.0,0,,-1,E7,delivered,0,50,LB-v1-20260822,50.0,49,76.31683487157474,100.0,C-ALNS-MP,4619.729192645459,4619.729192645459,1,d5cd2aba7902c32004cb707183fd5e6b1583f4f08dfccc37dc38ff1cf6567764,0.0,76.31683487157474,LB,109,1,time_critical_lightweight,task_time_critical_lightweight_3,emergency,0,1,0.8801124407111246
f42d94b7a35f9f5e14c04ed4146758b88c85995349f206e13dfbc0af426c6024,80,1,uav_2,2320.0,116,1.0,beta_c_0.28,14400.0,720,50.0,0,,-1,E7,delivered,0,116,LB-v1-20260822,50.0,115,46.005538014270414,100.0,C-ALNS-MP,6105.193827786443,6105.193827786443,1,d5cd2aba7902c32004cb707183fd5e6b1583f4f08dfccc37dc38ff1cf6567764,0.0,46.005538014270414,LB,109,1,time_critical_lightweight,task_time_critical_lightweight_4,emergency,0,1,0.8306203940527022
f42d94b7a35f9f5e14c04ed4146758b88c85995349f206e13dfbc0af426c6024,85,1,uav_5,2180.0,109,1.0,beta_c_0.28,15000.0,750,50.0,0,,-1,E7,delivered,0,109,LB-v1-20260822,50.0,108,50.42366822463192,100.0,C-ALNS-MP,6540.461456185408,6540.461456185408,1,d5cd2aba7902c32004cb707183fd5e6b1583f4f08dfccc37dc38ff1cf6567764,0.0,50.42366822463192,LB,109,1,time_critical_lightweight,task_time_critical_lightweight_5,emergency,0,1,0.7964834075936699
f42d94b7a35f9f5e14c04ed4146758b88c85995349f206e13dfbc0af426c6024,108,1,uav_0,2160.0,108,1.0,beta_c_0.28,15600.0,780,50.0,0,,-1,E7,delivered,0,108,LB-v1-20260822,50.0,107,53.21662271377243,100.0,C-ALNS-MP,3351.9343996195735,3351.9343996195735,1,d5cd2aba7902c32004cb707183fd5e6b1583f4f08dfccc37dc38ff1cf6567764,0.0,53.21662271377243,LB,109,1,time_critical_lightweight,task_time_critical_lightweight_6,emergency,0,1,0.7422776363571023
f42d94b7a35f9f5e14c04ed4146758b88c85995349f206e13dfbc0af426c6024,113,1,uav_5,3440.0,172,1.0,beta_c_0.28,17160.0,858,50.0,0,,-1,E7,delivered,0,172,LB-v1-20260822,50.0,171,16.660888665229656,100.0,C-ALNS-MP,13138.274295739013,13138.274295739013,1,d5cd2aba7902c32004cb707183fd5e6b1583f4f08dfccc37dc38ff1cf6567764,0.0,16.660888665229656,LB,109,1,time_critical_lightweight,task_time_critical_lightweight_7,emergency,0,1,0.9318751313700842
f42d94b7a35f9f5e14c04ed4146758b88c85995349f206e13dfbc0af426c6024,46,1,uav_4,1680.0,84,1.0,beta_c_0.28,16800.0,840,50.0,0,,-1,E7,delivered,35,84,LB-v1-20260822,50.0,83,59.480994721246816,100.0,C-ALNS-MP,11519.668044062157,11519.668044062157,1,d5cd2aba7902c32004cb707183fd5e6b1583f4f08dfccc37dc38ff1cf6567764,0.0,59.480994721246816,LB,109,1,time_critical_lightweight,task_time_critical_lightweight_8,emergency,0,1,0.923149714829651
f42d94b7a35f9f5e14c04ed4146758b88c85995349f206e13dfbc0af426c6024,48,1,uav_1,2460.0,123,1.0,beta_c_0.28,18360.0,918,50.0,0,,-1,E7,delivered,47,123,LB-v1-20260822,50.0,94,40.82929619536297,100.0,C-ALNS-MP,11888.945353220079,11888.945353220079,1,d5cd2aba7902c32004cb707183fd5e6b1583f4f08dfccc37dc38ff1cf6567764,0.0,40.82929619536297,LB,109,1,time_critical_lightweight,task_time_critical_lightweight_9,emergency,0,1,0.9021797238988898
f42d94b7a35f9f5e14c04ed4146758b88c85995349f206e13dfbc0af426c6024,0,1,uav_1,1700.0,85,1.0,beta_c_0.28,18000.0,900,50.0,0,,-1,E7,delivered,-1,85,LB-v1-20260822,50.0,-1,62.24909551330409,100.0,C-ALNS-MP,7732.639919099127,7732.639919099127,1,d5cd2aba7902c32004cb707183fd5e6b1583f4f08dfccc37dc38ff1cf6567764,0.0,62.24909551330409,LB,109,1,time_critical_lightweight,task_time_critical_lightweight_10,emergency,0,1,0.7471077952711116
f42d94b7a35f9f5e14c04ed4146758b88c85995349f206e13dfbc0af426c6024,0,1,uav_4,700.0,35,1.0,beta_c_0.28,18600.0,930,50.0,0,,-1,E7,delivered,-1,35,LB-v1-20260822,50.0,-1,82.10865883114104,100.0,C-ALNS-MP,3412.6611524252316,3412.6611524252316,1,d5cd2aba7902c32004cb707183fd5e6b1583f4f08dfccc37dc38ff1cf6567764,0.0,82.10865883114104,LB,109,1,time_critical_lightweight,task_time_critical_lightweight_11,emergency,0,1,0.9989661728188876
90171fbe6c43d824744bf74c21cfb67be192844fb30442991e2a129a5952d714,88,1,truck_1,6500.0,325,1.0,beta_c_0.28,19200.0,960,800.0,0,,-1,E7,delivered,225,325,LB-v1-20260822,800.0,324,69.87564646582726,100.0,ER-HLNS-parallel-rescue,14039.592726000365,14039.592726000365,1,96b48efa2909bf0bd5663557796cbbe580212a07b0a9f30a056c35d5379b6a46,0.0,69.87564646582726,LB,101,1,routine_bulk,task_routine_bulk_0,normal,1,0,0.34837428108412444
90171fbe6c43d824744bf74c21cfb67be192844fb30442991e2a129a5952d714,33,1,truck_1,3340.0,167,1.0,beta_c_0.28,20400.0,1020,800.0,0,,-1,E7,delivered,85,167,LB-v1-20260822,800.0,132,83.55020224255678,100.0,ER-HLNS-parallel-rescue,7511.760618564474,7511.760618564474,1,96b48efa2909bf0bd5663557796cbbe580212a07b0a9f30a056c35d5379b6a46,0.0,83.55020224255678,LB,101,1,routine_bulk,task_routine_bulk_1,normal,1,0,0.30016368013188016
90171fbe6c43d824744bf74c21cfb67be192844fb30442991e2a129a5952d714,88,1,truck_1,5680.0,284,1.0,beta_c_0.28,21600.0,1080,800.0,0,,-1,E7,delivered,111,284,LB-v1-20260822,800.0,283,67.85037783889092,100.0,ER-HLNS-parallel-rescue,15315.096891728663,15315.096891728663,1,96b48efa2909bf0bd5663557796cbbe580212a07b0a9f30a056c35d5379b6a46,0.0,67.85037783889092,LB,101,1,routine_bulk,task_routine_bulk_2,normal,1,0,0.527261765850137
90171fbe6c43d824744bf74c21cfb67be192844fb30442991e2a129a5952d714,281,0,None,-1.0,-1,0.0,beta_c_0.28,22800.0,1140,800.0,1,lifeline_zero,1023,E7,failed,225,-1,LB-v1-20260822,0.0,517,0.0,100.0,ER-HLNS-parallel-rescue,14102.848363601865,14102.848363601865,0,96b48efa2909bf0bd5663557796cbbe580212a07b0a9f30a056c35d5379b6a46,800.0,0.0,LB,101,0,routine_bulk,task_routine_bulk_3,normal,1,0,0.3882350364392335
90171fbe6c43d824744bf74c21cfb67be192844fb30442991e2a129a5952d714,15,1,truck_1,2240.0,112,1.0,beta_c_0.28,24000.0,1200,800.0,0,,-1,E7,delivered,97,112,LB-v1-20260822,800.0,111,87.82909638498104,100.0,ER-HLNS-parallel-rescue,7302.1073017293165,7302.1073017293165,1,96b48efa2909bf0bd5663557796cbbe580212a07b0a9f30a056c35d5379b6a46,0.0,87.82909638498104,LB,101,1,routine_bulk,task_routine_bulk_4,normal,1,0,0.5361043015918403
90171fbe6c43d824744bf74c21cfb67be192844fb30442991e2a129a5952d714,753,0,None,-1.0,-1,0.0,beta_c_0.28,25200.0,1260,800.0,1,lifeline_zero,1037,E7,failed,284,-1,LB-v1-20260822,0.0,1036,0.0,100.0,ER-HLNS-parallel-rescue,3909.3896971690133,3909.3896971690133,0,96b48efa2909bf0bd5663557796cbbe580212a07b0a9f30a056c35d5379b6a46,800.0,0.0,LB,101,0,routine_bulk,task_routine_bulk_5,normal,1,0,0.42701883575488137
90171fbe6c43d824744bf74c21cfb67be192844fb30442991e2a129a5952d714,22,1,truck_1,4040.0,202,1.0,beta_c_0.28,26400.0,1320,800.0,0,,-1,E7,delivered,176,202,LB-v1-20260822,800.0,197,77.32426438779726,100.0,ER-HLNS-parallel-rescue,9533.630318869733,9533.630318869733,1,96b48efa2909bf0bd5663557796cbbe580212a07b0a9f30a056c35d5379b6a46,0.0,77.32426438779726,LB,101,1,routine_bulk,task_routine_bulk_6,normal,1,0,0.5142470258374676
90171fbe6c43d824744bf74c21cfb67be192844fb30442991e2a129a5952d714,150,1,truck_0,8760.0,438,1.0,beta_c_0.28,27600.0,1380,800.0,0,,-1,E7,delivered,200,438,LB-v1-20260822,800.0,437,60.178318106595306,100.0,ER-HLNS-parallel-rescue,10348.908405801398,10348.908405801398,1,96b48efa2909bf0bd5663557796cbbe580212a07b0a9f30a056c35d5379b6a46,0.0,60.178318106595306,LB,101,1,routine_bulk,task_routine_bulk_7,normal,1,0,0.3879694663765369
90171fbe6c43d824744bf74c21cfb67be192844fb30442991e2a129a5952d714,0,0,None,-1.0,-1,0.0,beta_c_0.28,12000.0,600,50.0,1,lifeline_zero,174,E7,failed,-1,-1,LB-v1-20260822,0.0,-1,0.0,100.0,ER-HLNS-parallel-rescue,14151.4620521434,14151.4620521434,0,96b48efa2909bf0bd5663557796cbbe580212a07b0a9f30a056c35d5379b6a46,50.0,0.0,LB,101,0,time_critical_lightweight,task_time_critical_lightweight_0,emergency,0,1,0.9705680205086198
90171fbe6c43d824744bf74c21cfb67be192844fb30442991e2a129a5952d714,129,1,uav_0,3980.0,199,1.0,beta_c_0.28,13560.0,678,50.0,0,,-1,E7,delivered,70,199,LB-v1-20260822,50.0,198,9.251199758575993,100.0,ER-HLNS-parallel-rescue,9099.797527415509,9099.797527415509,1,96b48efa2909bf0bd5663557796cbbe580212a07b0a9f30a056c35d5379b6a46,0.0,9.251199758575993,LB,101,1,time_critical_lightweight,task_time_critical_lightweight_1,emergency,0,1,0.8194413770540239
90171fbe6c43d824744bf74c21cfb67be192844fb30442991e2a129a5952d714,97,0,None,-1.0,-1,0.0,beta_c_0.28,13200.0,660,50.0,1,lifeline_zero,225,E7,failed,0,-1,LB-v1-20260822,0.0,96,0.0,100.0,ER-HLNS-parallel-rescue,8636.287551441419,8636.287551441419,0,96b48efa2909bf0bd5663557796cbbe580212a07b0a9f30a056c35d5379b6a46,50.0,0.0,LB,101,0,time_critical_lightweight,task_time_critical_lightweight_2,emergency,0,1,0.7276929418213184
90171fbe6c43d824744bf74c21cfb67be192844fb30442991e2a129a5952d714,25,0,None,-1.0,-1,0.0,beta_c_0.28,14760.0,738,50.0,1,lifeline_zero,225,E7,failed,200,-1,LB-v1-20260822,0.0,224,0.0,100.0,ER-HLNS-parallel-rescue,10171.88886835233,10171.88886835233,0,96b48efa2909bf0bd5663557796cbbe580212a07b0a9f30a056c35d5379b6a46,50.0,0.0,LB,101,0,time_critical_lightweight,task_time_critical_lightweight_3,emergency,0,1,0.7687067091449796
90171fbe6c43d824744bf74c21cfb67be192844fb30442991e2a129a5952d714,45,0,None,-1.0,-1,0.0,beta_c_0.28,14400.0,720,50.0,1,lifeline_zero,214,E7,failed,133,-1,LB-v1-20260822,0.0,213,0.0,100.0,ER-HLNS-parallel-rescue,8972.910969096309,8972.910969096309,0,96b48efa2909bf0bd5663557796cbbe580212a07b0a9f30a056c35d5379b6a46,50.0,0.0,LB,101,0,time_critical_lightweight,task_time_critical_lightweight_4,emergency,0,1,0.7273830460494194
90171fbe6c43d824744bf74c21cfb67be192844fb30442991e2a129a5952d714,38,0,None,-1.0,-1,0.0,beta_c_0.28,15960.0,798,50.0,1,lifeline_zero,184,E7,failed,32,-1,LB-v1-20260822,0.0,69,0.0,100.0,ER-HLNS-parallel-rescue,14148.754445771634,14148.754445771634,0,96b48efa2909bf0bd5663557796cbbe580212a07b0a9f30a056c35d5379b6a46,50.0,0.0,LB,101,0,time_critical_lightweight,task_time_critical_lightweight_5,emergency,0,1,0.909737917292143
90171fbe6c43d824744bf74c21cfb67be192844fb30442991e2a129a5952d714,4,1,uav_3,640.0,32,1.0,beta_c_0.28,15600.0,780,50.0,0,,-1,E7,delivered,28,32,LB-v1-20260822,50.0,31,83.0829344220327,100.0,ER-HLNS-parallel-rescue,2913.7706040409153,2913.7706040409153,1,96b48efa2909bf0bd5663557796cbbe580212a07b0a9f30a056c35d5379b6a46,0.0,83.0829344220327,LB,101,1,time_critical_lightweight,task_time_critical_lightweight_6,emergency,0,1,0.8705161474912566
90171fbe6c43d824744bf74c21cfb67be192844fb30442991e2a129a5952d714,99,1,uav_0,2220.0,111,1.0,beta_c_0.28,16200.0,810,50.0,0,,-1,E7,delivered,0,111,LB-v1-20260822,50.0,110,37.63353808948908,100.0,ER-HLNS-parallel-rescue,8419.216536800033,8419.216536800033,1,96b48efa2909bf0bd5663557796cbbe580212a07b0a9f30a056c35d5379b6a46,0.0,37.63353808948908,LB,101,1,time_critical_lightweight,task_time_critical_lightweight_7,emergency,0,1,0.989879628037199
90171fbe6c43d824744bf74c21cfb67be192844fb30442991e2a129a5952d714,103,0,None,-1.0,-1,0.0,beta_c_0.28,16800.0,840,50.0,1,lifeline_zero,200,E7,failed,97,-1,LB-v1-20260822,0.0,199,0.0,100.0,ER-HLNS-parallel-rescue,9649.370387536506,9649.370387536506,0,96b48efa2909bf0bd5663557796cbbe580212a07b0a9f30a056c35d5379b6a46,50.0,0.0,LB,101,0,time_critical_lightweight,task_time_critical_lightweight_8,emergency,0,1,0.9323581933558626
90171fbe6c43d824744bf74c21cfb67be192844fb30442991e2a129a5952d714,28,1,uav_3,560.0,28,1.0,beta_c_0.28,17400.0,870,50.0,0,,-1,E7,delivered,0,28,LB-v1-20260822,50.0,27,84.70882431378338,100.0,ER-HLNS-parallel-rescue,2591.7846470285945,2591.7846470285945,1,96b48efa2909bf0bd5663557796cbbe580212a07b0a9f30a056c35d5379b6a46,0.0,84.70882431378338,LB,101,1,time_critical_lightweight,task_time_critical_lightweight_9,emergency,0,1,0.8933819856045042
90171fbe6c43d824744bf74c21cfb67be192844fb30442991e2a129a5952d714,68,1,uav_5,1660.0,83,1.0,beta_c_0.28,18000.0,900,50.0,0,,-1,E7,delivered,17,83,LB-v1-20260822,50.0,84,63.32030327724704,100.0,ER-HLNS-parallel-rescue,5472.170625762758,5472.170625762758,1,96b48efa2909bf0bd5663557796cbbe580212a07b0a9f30a056c35d5379b6a46,0.0,63.32030327724704,LB,101,1,time_critical_lightweight,task_time_critical_lightweight_10,emergency,0,1,0.7142148384795817
90171fbe6c43d824744bf74c21cfb67be192844fb30442991e2a129a5952d714,17,1,uav_1,340.0,17,1.0,beta_c_0.28,18600.0,930,50.0,0,,-1,E7,delivered,0,17,LB-v1-20260822,50.0,16,92.2165430066212,100.0,ER-HLNS-parallel-rescue,1506.2906048252266,1506.2906048252266,1,96b48efa2909bf0bd5663557796cbbe580212a07b0a9f30a056c35d5379b6a46,0.0,92.2165430066212,LB,101,1,time_critical_lightweight,task_time_critical_lightweight_11,emergency,0,1,0.7467335094406772
90171fbe6c43d824744bf74c21cfb67be192844fb30442991e2a129a5952d714,0,0,None,-1.0,-1,0.0,beta_c_0.28,19200.0,960,800.0,1,deadline_exceeded,961,E7,failed,-1,-1,LB-v1-20260822,0.0,-1,11.11850352989833,100.0,ER-HLNS-parallel-rescue,6119.550842362341,6119.550842362341,0,c959f3d683ccf37c15ae21463fe1a00dacda7b25da2b4033ee540a3feef1ee8e,800.0,0.0,LB,102,0,routine_bulk,task_routine_bulk_0,normal,1,0,0.4291837918236352
90171fbe6c43d824744bf74c21cfb67be192844fb30442991e2a129a5952d714,104,1,truck_2,5160.0,258,1.0,beta_c_0.28,20400.0,1020,800.0,0,,-1,E7,delivered,154,258,LB-v1-20260822,800.0,257,79.01829026500204,100.0,ER-HLNS-parallel-rescue,7442.506245460831,7442.506245460831,1,c959f3d683ccf37c15ae21463fe1a00dacda7b25da2b4033ee540a3feef1ee8e,0.0,79.01829026500204,LB,102,1,routine_bulk,task_routine_bulk_1,normal,1,0,0.24547112032784654
90171fbe6c43d824744bf74c21cfb67be192844fb30442991e2a129a5952d714,0,0,None,-1.0,-1,0.0,beta_c_0.28,21600.0,1080,800.0,1,deadline_exceeded,1081,E7,failed,-1,-1,LB-v1-20260822,0.0,-1,2.8465075966141518,100.0,ER-HLNS-parallel-rescue,5688.3871828179535,5688.3871828179535,0,c959f3d683ccf37c15ae21463fe1a00dacda7b25da2b4033ee540a3feef1ee8e,800.0,0.0,LB,102,0,routine_bulk,task_routine_bulk_2,normal,1,0,0.3976042905163367
90171fbe6c43d824744bf74c21cfb67be192844fb30442991e2a129a5952d714,0,0,None,-1.0,-1,0.0,beta_c_0.28,22800.0,1140,800.0,1,lifeline_zero,936,E7,failed,-1,-1,LB-v1-20260822,0.0,-1,0.0,100.0,ER-HLNS-parallel-rescue,5530.50432997441,5530.50432997441,0,c959f3d683ccf37c15ae21463fe1a00dacda7b25da2b4033ee540a3feef1ee8e,800.0,0.0,LB,102,0,routine_bulk,task_routine_bulk_3,normal,1,0,0.5908338171405074
90171fbe6c43d824744bf74c21cfb67be192844fb30442991e2a129a5952d714,0,0,None,-1.0,-1,0.0,beta_c_0.28,24000.0,1200,800.0,1,lifeline_zero,1198,E7,failed,-1,-1,LB-v1-20260822,0.0,-1,0.0,100.0,ER-HLNS-parallel-rescue,14165.534902512349,14165.534902512349,0,c959f3d683ccf37c15ae21463fe1a00dacda7b25da2b4033ee540a3feef1ee8e,800.0,0.0,LB,102,0,routine_bulk,task_routine_bulk_4,normal,1,0,0.31826058549111486
90171fbe6c43d824744bf74c21cfb67be192844fb30442991e2a129a5952d714,39,1,truck_2,3120.0,156,1.0,beta_c_0.28,25200.0,1260,800.0,0,,-1,E7,delivered,117,156,LB-v1-20260822,800.0,155,85.7662685427467,100.0,ER-HLNS-parallel-rescue,8329.032619537471,8329.032619537471,1,c959f3d683ccf37c15ae21463fe1a00dacda7b25da2b4033ee540a3feef1ee8e,0.0,85.7662685427467,LB,102,1,routine_bulk,task_routine_bulk_5,normal,1,0,0.316760490021223
90171fbe6c43d824744bf74c21cfb67be192844fb30442991e2a129a5952d714,248,1,truck_1,6420.0,321,1.0,beta_c_0.28,26400.0,1320,800.0,0,,-1,E7,delivered,73,321,LB-v1-20260822,800.0,320,72.71983436381512,100.0,ER-HLNS-parallel-rescue,2207.167531132571,2207.167531132571,1,c959f3d683ccf37c15ae21463fe1a00dacda7b25da2b4033ee540a3feef1ee8e,0.0,72.71983436381512,LB,102,1,routine_bulk,task_routine_bulk_6,normal,1,0,0.3055363954601743
90171fbe6c43d824744bf74c21cfb67be192844fb30442991e2a129a5952d714,0,0,None,-1.0,-1,0.0,beta_c_0.28,27600.0,1380,800.0,1,lifeline_zero,1066,E7,failed,-1,-1,LB-v1-20260822,0.0,-1,0.0,100.0,ER-HLNS-parallel-rescue,8538.945436848508,8538.945436848508,0,c959f3d683ccf37c15ae21463fe1a00dacda7b25da2b4033ee540a3feef1ee8e,800.0,0.0,LB,102,0,routine_bulk,task_routine_bulk_7,normal,1,0,0.44156154877026366
90171fbe6c43d824744bf74c21cfb67be192844fb30442991e2a129a5952d714,12,1,uav_2,900.0,45,1.0,beta_c_0.28,12000.0,600,50.0,0,,-1,E7,delivered,36,45,LB-v1-20260822,50.0,47,78.8958530985167,100.0,ER-HLNS-parallel-rescue,2988.5323177974346,2988.5323177974346,1,c959f3d683ccf37c15ae21463fe1a00dacda7b25da2b4033ee540a3feef1ee8e,0.0,78.8958530985167,LB,102,1,time_critical_lightweight,task_time_critical_lightweight_0,emergency,0,1,0.7521593742751356
90171fbe6c43d824744bf74c21cfb67be192844fb30442991e2a129a5952d714,10,0,None,-1.0,-1,0.0,beta_c_0.28,13560.0,678,50.0,1,lifeline_zero,239,E7,failed,63,-1,LB-v1-20260822,0.0,72,0.0,100.0,ER-HLNS-parallel-rescue,11294.290080097262,11294.290080097262,0,c959f3d683ccf37c15ae21463fe1a00dacda7b25da2b4033ee540a3feef1ee8e,50.0,0.0,LB,102,0,time_critical_lightweight,task_time_critical_lightweight_1,emergency,0,1,0.7491376000307091
90171fbe6c43d824744bf74c21cfb67be192844fb30442991e2a129a5952d714,36,1,uav_2,720.0,36,1.0,beta_c_0.28,13200.0,660,50.0,0,,-1,E7,delivered,0,36,LB-v1-20260822,50.0,35,82.43926109202994,100.0,ER-HLNS-parallel-rescue,2792.418565959796,2792.418565959796,1,c959f3d683ccf37c15ae21463fe1a00dacda7b25da2b4033ee540a3feef1ee8e,0.0,82.43926109202994,LB,102,1,time_critical_lightweight,task_time_critical_lightweight_2,emergency,0,1,0.8083948419266088
90171fbe6c43d824744bf74c21cfb67be192844fb30442991e2a129a5952d714,39,1,uav_1,780.0,39,1.0,beta_c_0.28,13800.0,690,50.0,0,,-1,E7,delivered,0,39,LB-v1-20260822,50.0,38,79.07003245094626,100.0,ER-HLNS-parallel-rescue,3010.973647764428,3010.973647764428,1,c959f3d683ccf37c15ae21463fe1a00dacda7b25da2b4033ee540a3feef1ee8e,0.0,79.07003245094626,LB,102,1,time_critical_lightweight,task_time_critical_lightweight_3,emergency,0,1,0.9739813351739603
90171fbe6c43d824744bf74c21cfb67be192844fb30442991e2a129a5952d714,47,1,uav_2,2340.0,117,1.0,beta_c_0.28,14400.0,720,50.0,0,,-1,E7,delivered,70,117,LB-v1-20260822,50.0,116,40.5423214258133,100.0,ER-HLNS-parallel-rescue,7595.6360268286,7595.6360268286,1,c959f3d683ccf37c15ae21463fe1a00dacda7b25da2b4033ee540a3feef1ee8e,0.0,40.5423214258133,LB,102,1,time_critical_lightweight,task_time_critical_lightweight_4,emergency,0,1,0.8902529497747588
90171fbe6c43d824744bf74c21cfb67be192844fb30442991e2a129a5952d714,24,1,uav_5,1200.0,60,1.0,beta_c_0.28,15000.0,750,50.0,0,,-1,E7,delivered,39,60,LB-v1-20260822,50.0,62,71.94853348926281,100.0,ER-HLNS-parallel-rescue,4623.366276010681,4623.366276010681,1,c959f3d683ccf37c15ae21463fe1a00dacda7b25da2b4033ee540a3feef1ee8e,0.0,71.94853348926281,LB,102,1,time_critical_lightweight,task_time_critical_lightweight_5,emergency,0,1,0.7848123351493127
90171fbe6c43d824744bf74c21cfb67be192844fb30442991e2a129a5952d714,0,0,None,-1.0,-1,0.0,beta_c_0.28,16560.0,828,50.0,1,lifeline_zero,201,E7,failed,-1,-1,LB-v1-20260822,0.0,-1,0.0,100.0,ER-HLNS-parallel-rescue,16324.170659246023,16324.170659246023,0,c959f3d683ccf37c15ae21463fe1a00dacda7b25da2b4033ee540a3feef1ee8e,50.0,0.0,LB,102,0,time_critical_lightweight,task_time_critical_lightweight_6,emergency,0,1,0.9948248799678303
90171fbe6c43d824744bf74c21cfb67be192844fb30442991e2a129a5952d714,0,0,None,-1.0,-1,0.0,beta_c_0.28,17160.0,858,50.0,1,lifeline_zero,226,E7,failed,-1,-1,LB-v1-20260822,0.0,-1,0.0,100.0,ER-HLNS-parallel-rescue,15873.692094774171,15873.692094774171,0,c959f3d683ccf37c15ae21463fe1a00dacda7b25da2b4033ee540a3feef1ee8e,50.0,0.0,LB,102,0,time_critical_lightweight,task_time_critical_lightweight_7,emergency,0,1,0.8273965865006737
90171fbe6c43d824744bf74c21cfb67be192844fb30442991e2a129a5952d714,22,1,uav_2,1400.0,70,1.0,beta_c_0.28,16800.0,840,50.0,0,,-1,E7,delivered,48,70,LB-v1-20260822,50.0,69,66.60553441656064,100.0,ER-HLNS-parallel-rescue,4562.626701547581,4562.626701547581,1,c959f3d683ccf37c15ae21463fe1a00dacda7b25da2b4033ee540a3feef1ee8e,0.0,66.60553441656064,LB,102,1,time_critical_lightweight,task_time_critical_lightweight_8,emergency,0,1,0.800241625655852
90171fbe6c43d824744bf74c21cfb67be192844fb30442991e2a129a5952d714,137,1,uav_0,2740.0,137,1.0,beta_c_0.28,17400.0,870,50.0,0,,-1,E7,delivered,0,137,LB-v1-20260822,50.0,136,38.30245551641091,100.0,ER-HLNS-parallel-rescue,9178.535368617246,9178.535368617246,1,c959f3d683ccf37c15ae21463fe1a00dacda7b25da2b4033ee540a3feef1ee8e,0.0,38.30245551641091,LB,102,1,time_critical_lightweight,task_time_critical_lightweight_9,emergency,0,1,0.8133445160620112
90171fbe6c43d824744bf74c21cfb67be192844fb30442991e2a129a5952d714,144,1,uav_3,3080.0,154,1.0,beta_c_0.28,18000.0,900,50.0,0,,-1,E7,delivered,0,154,LB-v1-20260822,50.0,153,32.75944648410567,100.0,ER-HLNS-parallel-rescue,5471.014458554654,5471.014458554654,1,c959f3d683ccf37c15ae21463fe1a00dacda7b25da2b4033ee540a3feef1ee8e,0.0,32.75944648410567,LB,102,1,time_critical_lightweight,task_time_critical_lightweight_10,emergency,0,1,0.7234608659077144
90171fbe6c43d824744bf74c21cfb67be192844fb30442991e2a129a5952d714,32,1,uav_0,3360.0,168,1.0,beta_c_0.28,18600.0,930,50.0,0,,-1,E7,delivered,73,168,LB-v1-20260822,50.0,167,19.422096150676328,100.0,ER-HLNS-parallel-rescue,10498.587816679308,10498.587816679308,1,c959f3d683ccf37c15ae21463fe1a00dacda7b25da2b4033ee540a3feef1ee8e,0.0,19.422096150676328,LB,102,1,time_critical_lightweight,task_time_critical_lightweight_11,emergency,0,1,0.8885468420710438
90171fbe6c43d824744bf74c21cfb67be192844fb30442991e2a129a5952d714,111,1,truck_1,6220.0,311,1.0,beta_c_0.28,19200.0,960,800.0,0,,-1,E7,delivered,200,311,LB-v1-20260822,800.0,310,71.90772373116549,100.0,ER-HLNS-parallel-rescue,10728.26032891467,10728.26032891467,1,0b25716e1eb309e7b883268fcd3c040a4dd8102fc7bdc0690573dbd122fead9e,0.0,71.90772373116549,LB,103,1,routine_bulk,task_routine_bulk_0,normal,1,0,0.34842619173408906
90171fbe6c43d824744bf74c21cfb67be192844fb30442991e2a129a5952d714,0,1,truck_1,840.0,42,1.0,beta_c_0.28,20400.0,1020,800.0,0,,-1,E7,delivered,-1,42,LB-v1-20260822,800.0,-1,96.14321702926607,100.0,ER-HLNS-parallel-rescue,2909.773055537859,2909.773055537859,1,0b25716e1eb309e7b883268fcd3c040a4dd8102fc7bdc0690573dbd122fead9e,0.0,96.14321702926607,LB,103,1,routine_bulk,task_routine_bulk_1,normal,1,0,0.36263112143461484
90171fbe6c43d824744bf74c21cfb67be192844fb30442991e2a129a5952d714,177,1,truck_0,7440.0,372,1.0,beta_c_0.28,21600.0,1080,800.0,0,,-1,E7,delivered,195,372,LB-v1-20260822,800.0,371,71.67726391737716,100.0,ER-HLNS-parallel-rescue,5891.031930588738,5891.031930588738,1,0b25716e1eb309e7b883268fcd3c040a4dd8102fc7bdc0690573dbd122fead9e,0.0,71.67726391737716,LB,103,1,routine_bulk,task_routine_bulk_2,normal,1,0,0.22860762501670875
90171fbe6c43d824744bf74c21cfb67be192844fb30442991e2a129a5952d714,0,1,truck_1,3900.0,195,1.0,beta_c_0.28,22800.0,1140,800.0,0,,-1,E7,delivered,-1,195,LB-v1-20260822,800.0,-1,85.06854750909108,100.0,ER-HLNS-parallel-rescue,3679.4188095004256,3679.4188095004256,1,0b25716e1eb309e7b883268fcd3c040a4dd8102fc7bdc0690573dbd122fead9e,0.0,85.06854750909108,LB,103,1,routine_bulk,task_routine_bulk_3,normal,1,0,0.20341849503107082
90171fbe6c43d824744bf74c21cfb67be192844fb30442991e2a129a5952d714,7,1,truck_1,2260.0,113,1.0,beta_c_0.28,24000.0,1200,800.0,0,,-1,E7,delivered,102,113,LB-v1-20260822,800.0,108,89.90949352176852,100.0,ER-HLNS-parallel-rescue,1222.77839559386,1222.77839559386,1,0b25716e1eb309e7b883268fcd3c040a4dd8102fc7bdc0690573dbd122fead9e,0.0,89.90949352176852,LB,103,1,routine_bulk,task_routine_bulk_4,normal,1,0,0.3319591618543233
90171fbe6c43d824744bf74c21cfb67be192844fb30442991e2a129a5952d714,158,1,truck_3,6780.0,339,1.0,beta_c_0.28,25200.0,1260,800.0,0,,-1,E7,delivered,181,339,LB-v1-20260822,800.0,338,67.02844011000202,100.0,ER-HLNS-parallel-rescue,12369.193535155884,12369.193535155884,1,0b25716e1eb309e7b883268fcd3c040a4dd8102fc7bdc0690573dbd122fead9e,0.0,67.02844011000202,LB,103,1,routine_bulk,task_routine_bulk_5,normal,1,0,0.3837354804247379
90171fbe6c43d824744bf74c21cfb67be192844fb30442991e2a129a5952d714,37,1,truck_1,2700.0,135,1.0,beta_c_0.28,26400.0,1320,800.0,0,,-1,E7,delivered,65,135,LB-v1-20260822,800.0,101,88.55863239274206,100.0,ER-HLNS-parallel-rescue,2190.503861145282,2190.503861145282,1,0b25716e1eb309e7b883268fcd3c040a4dd8102fc7bdc0690573dbd122fead9e,0.0,88.55863239274206,LB,103,1,routine_bulk,task_routine_bulk_6,normal,1,0,0.29667557872401773
90171fbe6c43d824744bf74c21cfb67be192844fb30442991e2a129a5952d714,0,1,truck_3,1080.0,54,1.0,beta_c_0.28,27600.0,1380,800.0,0,,-1,E7,delivered,-1,54,LB-v1-20260822,800.0,-1,94.49972051824626,100.0,ER-HLNS-parallel-rescue,3849.1587366044114,3849.1587366044114,1,0b25716e1eb309e7b883268fcd3c040a4dd8102fc7bdc0690573dbd122fead9e,0.0,94.49972051824626,LB,103,1,routine_bulk,task_routine_bulk_7,normal,1,0,0.46822780016891247
90171fbe6c43d824744bf74c21cfb67be192844fb30442991e2a129a5952d714,46,1,uav_0,920.0,46,1.0,beta_c_0.28,12000.0,600,50.0,0,,-1,E7,delivered,0,46,LB-v1-20260822,50.0,45,71.07517132909125,100.0,ER-HLNS-parallel-rescue,3549.9180582011645,3549.9180582011645,1,0b25716e1eb309e7b883268fcd3c040a4dd8102fc7bdc0690573dbd122fead9e,0.0,71.07517132909125,LB,103,1,time_critical_lightweight,task_time_critical_lightweight_0,emergency,0,1,0.9539752519885072
90171fbe6c43d824744bf74c21cfb67be192844fb30442991e2a129a5952d714,65,1,uav_3,1200.0,60,1.0,beta_c_0.28,12600.0,630,50.0,0,,-1,E7,delivered,0,60,LB-v1-20260822,50.0,64,67.97355686571977,100.0,ER-HLNS-parallel-rescue,3853.766998414422,3853.766998414422,1,0b25716e1eb309e7b883268fcd3c040a4dd8102fc7bdc0690573dbd122fead9e,0.0,67.97355686571977,LB,103,1,time_critical_lightweight,task_time_critical_lightweight_1,emergency,0,1,0.9948079019505545
90171fbe6c43d824744bf74c21cfb67be192844fb30442991e2a129a5952d714,19,0,None,-1.0,-1,0.0,beta_c_0.28,13200.0,660,50.0,1,lifeline_zero,235,E7,failed,184,-1,LB-v1-20260822,0.0,204,0.0,100.0,ER-HLNS-parallel-rescue,4718.076354042247,4718.076354042247,0,0b25716e1eb309e7b883268fcd3c040a4dd8102fc7bdc0690573dbd122fead9e,50.0,0.0,LB,103,0,time_critical_lightweight,task_time_critical_lightweight_2,emergency,0,1,0.7377905179466021
90171fbe6c43d824744bf74c21cfb67be192844fb30442991e2a129a5952d714,98,1,uav_1,3640.0,182,1.0,beta_c_0.28,13800.0,690,50.0,0,,-1,E7,delivered,53,182,LB-v1-20260822,50.0,181,4.148933302594606,100.0,ER-HLNS-parallel-rescue,4622.917826000115,4622.917826000115,1,0b25716e1eb309e7b883268fcd3c040a4dd8102fc7bdc0690573dbd122fead9e,0.0,4.148933302594606,LB,103,1,time_critical_lightweight,task_time_critical_lightweight_3,emergency,0,1,0.993001467773675
90171fbe6c43d824744bf74c21cfb67be192844fb30442991e2a129a5952d714,135,0,None,-1.0,-1,0.0,beta_c_0.28,14400.0,720,50.0,1,lifeline_zero,181,E7,failed,0,-1,LB-v1-20260822,0.0,180,0.0,100.0,ER-HLNS-parallel-rescue,7874.47009238337,7874.47009238337,0,0b25716e1eb309e7b883268fcd3c040a4dd8102fc7bdc0690573dbd122fead9e,50.0,0.0,LB,103,0,time_critical_lightweight,task_time_critical_lightweight_4,emergency,0,1,0.8793174987113003
90171fbe6c43d824744bf74c21cfb67be192844fb30442991e2a129a5952d714,103,0,None,-1.0,-1,0.0,beta_c_0.28,15960.0,798,50.0,1,lifeline_zero,205,E7,failed,102,-1,LB-v1-20260822,0.0,204,0.0,100.0,ER-HLNS-parallel-rescue,15631.763761674247,15631.763761674247,0,0b25716e1eb309e7b883268fcd3c040a4dd8102fc7bdc0690573dbd122fead9e,50.0,0.0,LB,103,0,time_critical_lightweight,task_time_critical_lightweight_5,emergency,0,1,0.7453071219044164
90171fbe6c43d824744bf74c21cfb67be192844fb30442991e2a129a5952d714,124,1,uav_0,4000.0,200,1.0,beta_c_0.28,16560.0,828,50.0,0,,-1,E7,delivered,76,200,LB-v1-20260822,50.0,199,3.432831864590507,100.0,ER-HLNS-parallel-rescue,8424.160448484647,8424.160448484647,1,0b25716e1eb309e7b883268fcd3c040a4dd8102fc7bdc0690573dbd122fead9e,0.0,3.432831864590507,LB,103,1,time_critical_lightweight,task_time_critical_lightweight_6,emergency,0,1,0.9405001457932693
90171fbe6c43d824744bf74c21cfb67be192844fb30442991e2a129a5952d714,1,0,None,-1.0,-1,0.0,beta_c_0.28,17160.0,858,50.0,1,lifeline_zero,189,E7,failed,181,-1,LB-v1-20260822,0.0,181,0.0,100.0,ER-HLNS-parallel-rescue,8257.460786599386,8257.460786599386,0,0b25716e1eb309e7b883268fcd3c040a4dd8102fc7bdc0690573dbd122fead9e,50.0,0.0,LB,103,0,time_critical_lightweight,task_time_critical_lightweight_7,emergency,0,1,0.9967292359223714
90171fbe6c43d824744bf74c21cfb67be192844fb30442991e2a129a5952d714,32,1,uav_1,640.0,32,1.0,beta_c_0.28,16800.0,840,50.0,0,,-1,E7,delivered,0,32,LB-v1-20260822,50.0,31,83.1639907027092,100.0,ER-HLNS-parallel-rescue,2438.790356782932,2438.790356782932,1,0b25716e1eb309e7b883268fcd3c040a4dd8102fc7bdc0690573dbd122fead9e,0.0,83.1639907027092,LB,103,1,time_critical_lightweight,task_time_critical_lightweight_8,emergency,0,1,0.956249863078559
90171fbe6c43d824744bf74c21cfb67be192844fb30442991e2a129a5952d714,30,1,uav_4,1400.0,70,1.0,beta_c_0.28,17400.0,870,50.0,0,,-1,E7,delivered,46,70,LB-v1-20260822,50.0,75,56.68476365319542,100.0,ER-HLNS-parallel-rescue,5229.962687587301,5229.962687587301,1,0b25716e1eb309e7b883268fcd3c040a4dd8102fc7bdc0690573dbd122fead9e,0.0,56.68476365319542,LB,103,1,time_critical_lightweight,task_time_critical_lightweight_9,emergency,0,1,0.99615912292639
90171fbe6c43d824744bf74c21cfb67be192844fb30442991e2a129a5952d714,21,1,uav_5,1060.0,53,1.0,beta_c_0.28,18000.0,900,50.0,0,,-1,E7,delivered,32,53,LB-v1-20260822,50.0,52,76.38063155593642,100.0,ER-HLNS-parallel-rescue,4101.291462269308,4101.291462269308,1,0b25716e1eb309e7b883268fcd3c040a4dd8102fc7bdc0690573dbd122fead9e,0.0,76.38063155593642,LB,103,1,time_critical_lightweight,task_time_critical_lightweight_10,emergency,0,1,0.7679542876123209
90171fbe6c43d824744bf74c21cfb67be192844fb30442991e2a129a5952d714,46,1,uav_2,2960.0,148,1.0,beta_c_0.28,18600.0,930,50.0,0,,-1,E7,delivered,102,148,LB-v1-20260822,50.0,147,21.872847285068143,100.0,ER-HLNS-parallel-rescue,9892.748184234893,9892.748184234893,1,0b25716e1eb309e7b883268fcd3c040a4dd8102fc7bdc0690573dbd122fead9e,0.0,21.872847285068143,LB,103,1,time_critical_lightweight,task_time_critical_lightweight_11,emergency,0,1,0.8558745641192899
90171fbe6c43d824744bf74c21cfb67be192844fb30442991e2a129a5952d714,216,0,None,-1.0,-1,0.0,beta_c_0.28,19200.0,960,800.0,1,deadline_exceeded,961,E7,failed,223,-1,LB-v1-20260822,0.0,438,0.8156339285624098,100.0,ER-HLNS-parallel-rescue,5272.8843626741755,5272.8843626741755,0,fab40f306821c7001096006fa5d6b773854dbbe485ce928e38cd25da6dcc4a90,800.0,0.0,LB,104,0,routine_bulk,task_routine_bulk_0,normal,1,0,0.47918201810372657
90171fbe6c43d824744bf74c21cfb67be192844fb30442991e2a129a5952d714,12,1,truck_3,1980.0,99,1.0,beta_c_0.28,20400.0,1020,800.0,0,,-1,E7,delivered,87,99,LB-v1-20260822,800.0,98,88.96289620099411,100.0,ER-HLNS-parallel-rescue,7568.357709164488,7568.357709164488,1,fab40f306821c7001096006fa5d6b773854dbbe485ce928e38cd25da6dcc4a90,0.0,88.96289620099411,LB,104,1,routine_bulk,task_routine_bulk_1,normal,1,0,0.5886518651509982
90171fbe6c43d824744bf74c21cfb67be192844fb30442991e2a129a5952d714,201,1,truck_3,8480.0,424,1.0,beta_c_0.28,21600.0,1080,800.0,0,,-1,E7,delivered,223,424,LB-v1-20260822,800.0,423,63.08350968299166,100.0,ER-HLNS-parallel-rescue,6249.3846204323945,6249.3846204323945,1,fab40f306821c7001096006fa5d6b773854dbbe485ce928e38cd25da6dcc4a90,0.0,63.08350968299166,LB,104,1,routine_bulk,task_routine_bulk_2,normal,1,0,0.276105417555162
90171fbe6c43d824744bf74c21cfb67be192844fb30442991e2a129a5952d714,180,0,None,-1.0,-1,0.0,beta_c_0.28,22800.0,1140,800.0,1,lifeline_zero,997,E7,failed,424,-1,LB-v1-20260822,0.0,603,0.0,100.0,ER-HLNS-parallel-rescue,6698.28848762556,6698.28848762556,0,fab40f306821c7001096006fa5d6b773854dbbe485ce928e38cd25da6dcc4a90,800.0,0.0,LB,104,0,routine_bulk,task_routine_bulk_3,normal,1,0,0.48560807268183753
90171fbe6c43d824744bf74c21cfb67be192844fb30442991e2a129a5952d714,19,1,truck_2,5740.0,287,1.0,beta_c_0.28,24000.0,1200,800.0,0,,-1,E7,delivered,192,287,LB-v1-20260822,800.0,210,69.97604187814696,100.0,ER-HLNS-parallel-rescue,7570.960812820636,7570.960812820636,1,fab40f306821c7001096006fa5d6b773854dbbe485ce928e38cd25da6dcc4a90,0.0,69.97604187814696,LB,104,1,routine_bulk,task_routine_bulk_4,normal,1,0,0.5478035996107795
90171fbe6c43d824744bf74c21cfb67be192844fb30442991e2a129a5952d714,734,0,None,-1.0,-1,0.0,beta_c_0.28,25200.0,1260,800.0,1,lifeline_zero,1099,E7,failed,118,-1,LB-v1-20260822,0.0,1098,0.0,100.0,ER-HLNS-parallel-rescue,7123.574472651179,7123.574472651179,0,fab40f306821c7001096006fa5d6b773854dbbe485ce928e38cd25da6dcc4a90,800.0,0.0,LB,104,0,routine_bulk,task_routine_bulk_5,normal,1,0,0.35137426266199645
90171fbe6c43d824744bf74c21cfb67be192844fb30442991e2a129a5952d714,12,0,None,-1.0,-1,0.0,beta_c_0.28,26400.0,1320,800.0,1,lifeline_zero,1007,E7,failed,180,-1,LB-v1-20260822,0.0,191,0.0,100.0,ER-HLNS-parallel-rescue,6156.526159856502,6156.526159856502,0,fab40f306821c7001096006fa5d6b773854dbbe485ce928e38cd25da6dcc4a90,800.0,0.0,LB,104,0,routine_bulk,task_routine_bulk_6,normal,1,0,0.4791203724344151
90171fbe6c43d824744bf74c21cfb67be192844fb30442991e2a129a5952d714,5,1,truck_3,3320.0,166,1.0,beta_c_0.28,27600.0,1380,800.0,0,,-1,E7,delivered,111,166,LB-v1-20260822,800.0,115,84.43188942209842,100.0,ER-HLNS-parallel-rescue,7985.041925894773,7985.041925894773,1,fab40f306821c7001096006fa5d6b773854dbbe485ce928e38cd25da6dcc4a90,0.0,84.43188942209842,LB,104,1,routine_bulk,task_routine_bulk_7,normal,1,0,0.41526441828837324
90171fbe6c43d824744bf74c21cfb67be192844fb30442991e2a129a5952d714,25,0,None,-1.0,-1,0.0,beta_c_0.28,12000.0,600,50.0,1,lifeline_zero,216,E7,failed,50,-1,LB-v1-20260822,0.0,215,0.0,100.0,ER-HLNS-parallel-rescue,7023.7895527980045,7023.7895527980045,0,fab40f306821c7001096006fa5d6b773854dbbe485ce928e38cd25da6dcc4a90,50.0,0.0,LB,104,0,time_critical_lightweight,task_time_critical_lightweight_0,emergency,0,1,0.7334050411538343
90171fbe6c43d824744bf74c21cfb67be192844fb30442991e2a129a5952d714,20,1,uav_3,3540.0,177,1.0,beta_c_0.28,12600.0,630,50.0,0,,-1,E7,delivered,150,177,LB-v1-20260822,50.0,179,21.720538709104076,100.0,ER-HLNS-parallel-rescue,7820.4684819216145,7820.4684819216145,1,fab40f306821c7001096006fa5d6b773854dbbe485ce928e38cd25da6dcc4a90,0.0,21.720538709104076,LB,104,1,time_critical_lightweight,task_time_critical_lightweight_1,emergency,0,1,0.7756329563794074
90171fbe6c43d824744bf74c21cfb67be192844fb30442991e2a129a5952d714,43,0,None,-1.0,-1,0.0,beta_c_0.28,14160.0,708,50.0,1,lifeline_zero,223,E7,failed,180,-1,LB-v1-20260822,0.0,222,0.0,100.0,ER-HLNS-parallel-rescue,10205.303898503826,10205.303898503826,0,fab40f306821c7001096006fa5d6b773854dbbe485ce928e38cd25da6dcc4a90,50.0,0.0,LB,104,0,time_critical_lightweight,task_time_critical_lightweight_2,emergency,0,1,0.7888680287525364
90171fbe6c43d824744bf74c21cfb67be192844fb30442991e2a129a5952d714,31,1,uav_3,2360.0,118,1.0,beta_c_0.28,13800.0,690,50.0,0,,-1,E7,delivered,87,118,LB-v1-20260822,50.0,117,44.92636332958256,100.0,ER-HLNS-parallel-rescue,16046.827472122433,16046.827472122433,1,fab40f306821c7001096006fa5d6b773854dbbe485ce928e38cd25da6dcc4a90,0.0,44.92636332958256,LB,104,1,time_critical_lightweight,task_time_critical_lightweight_3,emergency,0,1,0.8367675481815295
90171fbe6c43d824744bf74c21cfb67be192844fb30442991e2a129a5952d714,26,1,uav_2,3280.0,164,1.0,beta_c_0.28,15360.0,768,50.0,0,,-1,E7,delivered,138,164,LB-v1-20260822,50.0,163,25.830653390632914,100.0,ER-HLNS-parallel-rescue,9174.482219933043,9174.482219933043,1,fab40f306821c7001096006fa5d6b773854dbbe485ce928e38cd25da6dcc4a90,0.0,25.830653390632914,LB,104,1,time_critical_lightweight,task_time_critical_lightweight_4,emergency,0,1,0.8127661232413205
90171fbe6c43d824744bf74c21cfb67be192844fb30442991e2a129a5952d714,64,0,None,-1.0,-1,0.0,beta_c_0.28,15960.0,798,50.0,1,lifeline_zero,220,E7,failed,116,-1,LB-v1-20260822,0.0,179,0.0,100.0,ER-HLNS-parallel-rescue,19651.540378591842,19651.540378591842,0,fab40f306821c7001096006fa5d6b773854dbbe485ce928e38cd25da6dcc4a90,50.0,0.0,LB,104,0,time_critical_lightweight,task_time_critical_lightweight_5,emergency,0,1,0.8423225708886023
90171fbe6c43d824744bf74c21cfb67be192844fb30442991e2a129a5952d714,87,1,uav_3,1740.0,87,1.0,beta_c_0.28,15600.0,780,50.0,0,,-1,E7,delivered,0,87,LB-v1-20260822,50.0,86,58.372491706350324,100.0,ER-HLNS-parallel-rescue,7018.248876048752,7018.248876048752,1,fab40f306821c7001096006fa5d6b773854dbbe485ce928e38cd25da6dcc4a90,0.0,58.372491706350324,LB,104,1,time_critical_lightweight,task_time_critical_lightweight_6,emergency,0,1,0.8491294207660127
90171fbe6c43d824744bf74c21cfb67be192844fb30442991e2a129a5952d714,12,0,None,-1.0,-1,0.0,beta_c_0.28,16200.0,810,50.0,1,lifeline_zero,192,E7,failed,99,-1,LB-v1-20260822,0.0,110,0.0,100.0,ER-HLNS-parallel-rescue,8377.6446781383,8377.6446781383,0,fab40f306821c7001096006fa5d6b773854dbbe485ce928e38cd25da6dcc4a90,50.0,0.0,LB,104,0,time_critical_lightweight,task_time_critical_lightweight_7,emergency,0,1,0.9286770435131199
90171fbe6c43d824744bf74c21cfb67be192844fb30442991e2a129a5952d714,111,1,uav_1,2220.0,111,1.0,beta_c_0.28,16800.0,840,50.0,0,,-1,E7,delivered,0,111,LB-v1-20260822,50.0,110,49.15024639100189,100.0,ER-HLNS-parallel-rescue,9300.70569730297,9300.70569730297,1,fab40f306821c7001096006fa5d6b773854dbbe485ce928e38cd25da6dcc4a90,0.0,49.15024639100189,LB,104,1,time_critical_lightweight,task_time_critical_lightweight_8,emergency,0,1,0.8211665605115068
90171fbe6c43d824744bf74c21cfb67be192844fb30442991e2a129a5952d714,110,1,uav_2,2540.0,127,1.0,beta_c_0.28,17400.0,870,50.0,0,,-1,E7,delivered,0,127,LB-v1-20260822,50.0,126,37.8241618898215,100.0,ER-HLNS-parallel-rescue,7532.933777727172,7532.933777727172,1,fab40f306821c7001096006fa5d6b773854dbbe485ce928e38cd25da6dcc4a90,0.0,37.8241618898215,LB,104,1,time_critical_lightweight,task_time_critical_lightweight_9,emergency,0,1,0.8946614200318721
90171fbe6c43d824744bf74c21cfb67be192844fb30442991e2a129a5952d714,5,1,uav_5,2300.0,115,1.0,beta_c_0.28,18000.0,900,50.0,0,,-1,E7,delivered,111,115,LB-v1-20260822,50.0,115,44.09231904543196,100.0,ER-HLNS-parallel-rescue,12110.343999723837,12110.343999723837,1,fab40f306821c7001096006fa5d6b773854dbbe485ce928e38cd25da6dcc4a90,0.0,44.09231904543196,LB,104,1,time_critical_lightweight,task_time_critical_lightweight_10,emergency,0,1,0.9073734486686894
90171fbe6c43d824744bf74c21cfb67be192844fb30442991e2a129a5952d714,179,0,None,-1.0,-1,0.0,beta_c_0.28,18600.0,930,50.0,1,lifeline_zero,199,E7,failed,0,-1,LB-v1-20260822,0.0,198,0.0,100.0,ER-HLNS-parallel-rescue,5010.518718001438,5010.518718001438,0,fab40f306821c7001096006fa5d6b773854dbbe485ce928e38cd25da6dcc4a90,50.0,0.0,LB,104,0,time_critical_lightweight,task_time_critical_lightweight_11,emergency,0,1,0.7839172668337464
90171fbe6c43d824744bf74c21cfb67be192844fb30442991e2a129a5952d714,0,0,None,-1.0,-1,0.0,beta_c_0.28,19200.0,960,800.0,1,deadline_exceeded,961,E7,failed,-1,-1,LB-v1-20260822,0.0,-1,10.085083014575781,100.0,ER-HLNS-parallel-rescue,12577.323912323805,12577.323912323805,0,0c6d159a082d94c4b4fb38c3e48daff6c7143903d2c5d5613222c4fe949856e3,800.0,0.0,LB,105,0,routine_bulk,task_routine_bulk_0,normal,1,0,0.4422958379032641
90171fbe6c43d824744bf74c21cfb67be192844fb30442991e2a129a5952d714,138,1,truck_3,5920.0,296,1.0,beta_c_0.28,20400.0,1020,800.0,0,,-1,E7,delivered,158,296,LB-v1-20260822,800.0,295,74.2936021565576,100.0,ER-HLNS-parallel-rescue,8114.793341322871,8114.793341322871,1,0c6d159a082d94c4b4fb38c3e48daff6c7143903d2c5d5613222c4fe949856e3,0.0,74.2936021565576,LB,105,1,routine_bulk,task_routine_bulk_1,normal,1,0,0.35204079810666833
90171fbe6c43d824744bf74c21cfb67be192844fb30442991e2a129a5952d714,0,1,truck_2,3380.0,169,1.0,beta_c_0.28,21600.0,1080,800.0,0,,-1,E7,delivered,-1,169,LB-v1-20260822,800.0,-1,84.64522247769393,100.0,ER-HLNS-parallel-rescue,8729.62675428584,8729.62675428584,1,0c6d159a082d94c4b4fb38c3e48daff6c7143903d2c5d5613222c4fe949856e3,0.0,84.64522247769393,LB,105,1,routine_bulk,task_routine_bulk_2,normal,1,0,0.287785035971319
90171fbe6c43d824744bf74c21cfb67be192844fb30442991e2a129a5952d714,97,0,None,-1.0,-1,0.0,beta_c_0.28,22800.0,1140,800.0,1,lifeline_zero,1139,E7,failed,165,-1,LB-v1-20260822,0.0,261,0.0,100.0,ER-HLNS-parallel-rescue,5910.696567912473,5910.696567912473,0,0c6d159a082d94c4b4fb38c3e48daff6c7143903d2c5d5613222c4fe949856e3,800.0,0.0,LB,105,0,routine_bulk,task_routine_bulk_3,normal,1,0,0.350797741406931
90171fbe6c43d824744bf74c21cfb67be192844fb30442991e2a129a5952d714,95,1,truck_2,5340.0,267,1.0,beta_c_0.28,24000.0,1200,800.0,0,,-1,E7,delivered,172,267,LB-v1-20260822,800.0,266,74.36790861242935,100.0,ER-HLNS-parallel-rescue,10694.004250403128,10694.004250403128,1,0c6d159a082d94c4b4fb38c3e48daff6c7143903d2c5d5613222c4fe949856e3,0.0,74.36790861242935,LB,105,1,routine_bulk,task_routine_bulk_4,normal,1,0,0.4555758510257406
90171fbe6c43d824744bf74c21cfb67be192844fb30442991e2a129a5952d714,32,0,None,-1.0,-1,0.0,beta_c_0.28,25200.0,1260,800.0,1,lifeline_zero,1039,E7,failed,108,-1,LB-v1-20260822,0.0,139,0.0,100.0,ER-HLNS-parallel-rescue,11688.368471261618,11688.368471261618,0,0c6d159a082d94c4b4fb38c3e48daff6c7143903d2c5d5613222c4fe949856e3,800.0,0.0,LB,105,0,routine_bulk,task_routine_bulk_5,normal,1,0,0.4710880429495432
90171fbe6c43d824744bf74c21cfb67be192844fb30442991e2a129a5952d714,63,1,truck_2,4440.0,222,1.0,beta_c_0.28,26400.0,1320,800.0,0,,-1,E7,delivered,129,222,LB-v1-20260822,800.0,221,78.9473429523873,100.0,ER-HLNS-parallel-rescue,6465.741892118609,6465.741892118609,1,0c6d159a082d94c4b4fb38c3e48daff6c7143903d2c5d5613222c4fe949856e3,0.0,78.9473429523873,LB,105,1,routine_bulk,task_routine_bulk_6,normal,1,0,0.4027653483499122
90171fbe6c43d824744bf74c21cfb67be192844fb30442991e2a129a5952d714,9,1,truck_0,2160.0,108,1.0,beta_c_0.28,27600.0,1380,800.0,0,,-1,E7,delivered,99,108,LB-v1-20260822,800.0,107,88.80362520509155,100.0,ER-HLNS-parallel-rescue,5513.218277176952,5513.218277176952,1,0c6d159a082d94c4b4fb38c3e48daff6c7143903d2c5d5613222c4fe949856e3,0.0,88.80362520509155,LB,105,1,routine_bulk,task_routine_bulk_7,normal,1,0,0.4532664729099701
90171fbe6c43d824744bf74c21cfb67be192844fb30442991e2a129a5952d714,42,1,uav_3,840.0,42,1.0,beta_c_0.28,12000.0,600,50.0,0,,-1,E7,delivered,0,42,LB-v1-20260822,50.0,41,78.64721013054637,100.0,ER-HLNS-parallel-rescue,3632.0997667878946,3632.0997667878946,1,0c6d159a082d94c4b4fb38c3e48daff6c7143903d2c5d5613222c4fe949856e3,0.0,78.64721013054637,LB,105,1,time_critical_lightweight,task_time_critical_lightweight_0,emergency,0,1,0.8976075549457397
90171fbe6c43d824744bf74c21cfb67be192844fb30442991e2a129a5952d714,52,1,uav_1,1040.0,52,1.0,beta_c_0.28,12600.0,630,50.0,0,,-1,E7,delivered,0,52,LB-v1-20260822,50.0,51,74.06164278212412,100.0,ER-HLNS-parallel-rescue,4785.672150326649,4785.672150326649,1,0c6d159a082d94c4b4fb38c3e48daff6c7143903d2c5d5613222c4fe949856e3,0.0,74.06164278212412,LB,105,1,time_critical_lightweight,task_time_critical_lightweight_1,emergency,0,1,0.778127135572565
90171fbe6c43d824744bf74c21cfb67be192844fb30442991e2a129a5952d714,54,1,uav_0,1080.0,54,1.0,beta_c_0.28,13200.0,660,50.0,0,,-1,E7,delivered,0,54,LB-v1-20260822,50.0,53,72.8952980536071,100.0,ER-HLNS-parallel-rescue,4398.113455086746,4398.113455086746,1,0c6d159a082d94c4b4fb38c3e48daff6c7143903d2c5d5613222c4fe949856e3,0.0,72.8952980536071,LB,105,1,time_critical_lightweight,task_time_critical_lightweight_2,emergency,0,1,0.7499811226475924
90171fbe6c43d824744bf74c21cfb67be192844fb30442991e2a129a5952d714,14,1,uav_5,1200.0,60,1.0,beta_c_0.28,13800.0,690,50.0,0,,-1,E7,delivered,52,60,LB-v1-20260822,50.0,65,66.51118269380602,100.0,ER-HLNS-parallel-rescue,5420.674333996477,5420.674333996477,1,0c6d159a082d94c4b4fb38c3e48daff6c7143903d2c5d5613222c4fe949856e3,0.0,66.51118269380602,LB,105,1,time_critical_lightweight,task_time_critical_lightweight_3,emergency,0,1,0.9578263112503582
90171fbe6c43d824744bf74c21cfb67be192844fb30442991e2a129a5952d714,25,1,uav_3,3300.0,165,1.0,beta_c_0.28,15360.0,768,50.0,0,,-1,E7,delivered,140,165,LB-v1-20260822,50.0,164,22.934730432490078,100.0,ER-HLNS-parallel-rescue,7181.023200554933,7181.023200554933,1,0c6d159a082d94c4b4fb38c3e48daff6c7143903d2c5d5613222c4fe949856e3,0.0,22.934730432490078,LB,105,1,time_critical_lightweight,task_time_critical_lightweight_4,emergency,0,1,0.795836380139859
90171fbe6c43d824744bf74c21cfb67be192844fb30442991e2a129a5952d714,18,1,uav_2,1380.0,69,1.0,beta_c_0.28,15000.0,750,50.0,0,,-1,E7,delivered,52,69,LB-v1-20260822,50.0,69,65.06137847806067,100.0,ER-HLNS-parallel-rescue,6377.527483238084,6377.527483238084,1,0c6d159a082d94c4b4fb38c3e48daff6c7143903d2c5d5613222c4fe949856e3,0.0,65.06137847806067,LB,105,1,time_critical_lightweight,task_time_critical_lightweight_5,emergency,0,1,0.780918270447546
90171fbe6c43d824744bf74c21cfb67be192844fb30442991e2a129a5952d714,48,0,None,-1.0,-1,0.0,beta_c_0.28,16560.0,828,50.0,1,lifeline_zero,220,E7,failed,42,-1,LB-v1-20260822,0.0,89,0.0,100.0,ER-HLNS-parallel-rescue,9029.776283917252,9029.776283917252,0,0c6d159a082d94c4b4fb38c3e48daff6c7143903d2c5d5613222c4fe949856e3,50.0,0.0,LB,105,0,time_critical_lightweight,task_time_critical_lightweight_6,emergency,0,1,0.8689360715219382
90171fbe6c43d824744bf74c21cfb67be192844fb30442991e2a129a5952d714,140,1,uav_2,3160.0,158,1.0,beta_c_0.28,17160.0,858,50.0,0,,-1,E7,delivered,0,158,LB-v1-20260822,50.0,157,12.450250044227198,100.0,ER-HLNS-parallel-rescue,6748.743106898455,6748.743106898455,1,0c6d159a082d94c4b4fb38c3e48daff6c7143903d2c5d5613222c4fe949856e3,0.0,12.450250044227198,LB,105,1,time_critical_lightweight,task_time_critical_lightweight_7,emergency,0,1,0.9402474835352292
90171fbe6c43d824744bf74c21cfb67be192844fb30442991e2a129a5952d714,68,1,uav_4,2440.0,122,1.0,beta_c_0.28,16800.0,840,50.0,0,,-1,E7,delivered,54,122,LB-v1-20260822,50.0,121,29.50479723909397,100.0,ER-HLNS-parallel-rescue,6916.263526249127,6916.263526249127,1,0c6d159a082d94c4b4fb38c3e48daff6c7143903d2c5d5613222c4fe949856e3,0.0,29.50479723909397,LB,105,1,time_critical_lightweight,task_time_critical_lightweight_8,emergency,0,1,0.9661089449093814
90171fbe6c43d824744bf74c21cfb67be192844fb30442991e2a129a5952d714,35,1,uav_5,3280.0,164,1.0,beta_c_0.28,17400.0,870,50.0,0,,-1,E7,delivered,129,164,LB-v1-20260822,50.0,163,23.985935084945165,100.0,ER-HLNS-parallel-rescue,10495.756357098931,10495.756357098931,1,0c6d159a082d94c4b4fb38c3e48daff6c7143903d2c5d5613222c4fe949856e3,0.0,23.985935084945165,LB,105,1,time_critical_lightweight,task_time_critical_lightweight_9,emergency,0,1,0.8274854444539167
90171fbe6c43d824744bf74c21cfb67be192844fb30442991e2a129a5952d714,37,1,uav_0,3400.0,170,1.0,beta_c_0.28,18000.0,900,50.0,0,,-1,E7,delivered,122,170,LB-v1-20260822,50.0,169,24.542857829671934,100.0,ER-HLNS-parallel-rescue,8510.237238411748,8510.237238411748,1,0c6d159a082d94c4b4fb38c3e48daff6c7143903d2c5d5613222c4fe949856e3,0.0,24.542857829671934,LB,105,1,time_critical_lightweight,task_time_critical_lightweight_10,emergency,0,1,0.7765952172368125
90171fbe6c43d824744bf74c21cfb67be192844fb30442991e2a129a5952d714,71,1,uav_1,3440.0,172,1.0,beta_c_0.28,18600.0,930,50.0,0,,-1,E7,delivered,66,172,LB-v1-20260822,50.0,171,17.260268466682614,100.0,ER-HLNS-parallel-rescue,10506.128035288262,10506.128035288262,1,0c6d159a082d94c4b4fb38c3e48daff6c7143903d2c5d5613222c4fe949856e3,0.0,17.260268466682614,LB,105,1,time_critical_lightweight,task_time_critical_lightweight_11,emergency,0,1,0.8832814159350445
90171fbe6c43d824744bf74c21cfb67be192844fb30442991e2a129a5952d714,0,1,truck_2,740.0,37,1.0,beta_c_0.28,19200.0,960,800.0,0,,-1,E7,delivered,-1,37,LB-v1-20260822,800.0,-1,96.54777720445192,100.0,ER-HLNS-parallel-rescue,3049.050045046094,3049.050045046094,1,a29e9c448318220e3ec1044bc15acceb9f05f6a7edfa643696d377fa7e35abc4,0.0,96.54777720445192,LB,106,1,routine_bulk,task_routine_bulk_0,normal,1,0,0.3041748807187687
90171fbe6c43d824744bf74c21cfb67be192844fb30442991e2a129a5952d714,145,1,truck_2,7120.0,356,1.0,beta_c_0.28,20400.0,1020,800.0,0,,-1,E7,delivered,211,356,LB-v1-20260822,800.0,355,72.34878333161126,100.0,ER-HLNS-parallel-rescue,11755.03202291802,11755.03202291802,1,a29e9c448318220e3ec1044bc15acceb9f05f6a7edfa643696d377fa7e35abc4,0.0,72.34878333161126,LB,106,1,routine_bulk,task_routine_bulk_1,normal,1,0,0.23717705835687986
90171fbe6c43d824744bf74c21cfb67be192844fb30442991e2a129a5952d714,136,0,None,-1.0,-1,0.0,beta_c_0.28,21600.0,1080,800.0,1,deadline_exceeded,1081,E7,failed,197,-1,LB-v1-20260822,0.0,341,20.801206276397178,100.0,ER-HLNS-parallel-rescue,7762.225913505712,7762.225913505712,0,a29e9c448318220e3ec1044bc15acceb9f05f6a7edfa643696d377fa7e35abc4,800.0,0.0,LB,106,0,routine_bulk,task_routine_bulk_2,normal,1,0,0.20180158138940132
90171fbe6c43d824744bf74c21cfb67be192844fb30442991e2a129a5952d714,131,0,None,-1.0,-1,0.0,beta_c_0.28,22800.0,1140,800.0,1,lifeline_zero,1126,E7,failed,211,-1,LB-v1-20260822,0.0,341,0.0,100.0,ER-HLNS-parallel-rescue,7568.718729445891,7568.718729445891,0,a29e9c448318220e3ec1044bc15acceb9f05f6a7edfa643696d377fa7e35abc4,800.0,0.0,LB,106,0,routine_bulk,task_routine_bulk_3,normal,1,0,0.3703078937759816
90171fbe6c43d824744bf74c21cfb67be192844fb30442991e2a129a5952d714,0,1,truck_3,2120.0,106,1.0,beta_c_0.28,24000.0,1200,800.0,0,,-1,E7,delivered,-1,106,LB-v1-20260822,800.0,-1,91.41083586159287,100.0,ER-HLNS-parallel-rescue,7346.585050938757,7346.585050938757,1,a29e9c448318220e3ec1044bc15acceb9f05f6a7edfa643696d377fa7e35abc4,0.0,91.41083586159287,LB,106,1,routine_bulk,task_routine_bulk_4,normal,1,0,0.25635863431386674
90171fbe6c43d824744bf74c21cfb67be192844fb30442991e2a129a5952d714,9,1,truck_0,180.0,9,1.0,beta_c_0.28,25200.0,1260,800.0,0,,-1,E7,delivered,0,9,LB-v1-20260822,800.0,8,98.94528326534876,100.0,ER-HLNS-parallel-rescue,321.7564136050573,321.7564136050573,1,a29e9c448318220e3ec1044bc15acceb9f05f6a7edfa643696d377fa7e35abc4,0.0,98.94528326534876,LB,106,1,routine_bulk,task_routine_bulk_5,normal,1,0,0.5920820278261801
90171fbe6c43d824744bf74c21cfb67be192844fb30442991e2a129a5952d714,14,1,truck_3,280.0,14,1.0,beta_c_0.28,26400.0,1320,800.0,0,,-1,E7,delivered,0,14,LB-v1-20260822,800.0,13,98.72376561355583,100.0,ER-HLNS-parallel-rescue,741.1163378438463,741.1163378438463,1,a29e9c448318220e3ec1044bc15acceb9f05f6a7edfa643696d377fa7e35abc4,0.0,98.72376561355583,LB,106,1,routine_bulk,task_routine_bulk_6,normal,1,0,0.3294775831790963
90171fbe6c43d824744bf74c21cfb67be192844fb30442991e2a129a5952d714,31,0,None,-1.0,-1,0.0,beta_c_0.28,27600.0,1380,800.0,1,lifeline_zero,947,E7,failed,180,-1,LB-v1-20260822,0.0,210,0.0,100.0,ER-HLNS-parallel-rescue,4309.209615779867,4309.209615779867,0,a29e9c448318220e3ec1044bc15acceb9f05f6a7edfa643696d377fa7e35abc4,800.0,0.0,LB,106,0,routine_bulk,task_routine_bulk_7,normal,1,0,0.5555376124004635
90171fbe6c43d824744bf74c21cfb67be192844fb30442991e2a129a5952d714,9,1,uav_2,3600.0,180,1.0,beta_c_0.28,12000.0,600,50.0,0,,-1,E7,delivered,171,180,LB-v1-20260822,50.0,179,21.655413887564595,100.0,ER-HLNS-parallel-rescue,11354.674767540788,11354.674767540788,1,a29e9c448318220e3ec1044bc15acceb9f05f6a7edfa643696d377fa7e35abc4,0.0,21.655413887564595,LB,106,1,time_critical_lightweight,task_time_critical_lightweight_0,emergency,0,1,0.774646165207239
90171fbe6c43d824744bf74c21cfb67be192844fb30442991e2a129a5952d714,85,1,uav_2,1700.0,85,1.0,beta_c_0.28,12600.0,630,50.0,0,,-1,E7,delivered,0,85,LB-v1-20260822,50.0,84,59.439136687764794,100.0,ER-HLNS-parallel-rescue,7230.961196434538,7230.961196434538,1,a29e9c448318220e3ec1044bc15acceb9f05f6a7edfa643696d377fa7e35abc4,0.0,59.439136687764794,LB,106,1,time_critical_lightweight,task_time_critical_lightweight_1,emergency,0,1,0.7809525578988008
90171fbe6c43d824744bf74c21cfb67be192844fb30442991e2a129a5952d714,111,1,uav_3,3720.0,186,1.0,beta_c_0.28,13200.0,660,50.0,0,,-1,E7,delivered,27,186,LB-v1-20260822,50.0,185,9.229455115901432,100.0,ER-HLNS-parallel-rescue,9555.659530191586,9555.659530191586,1,a29e9c448318220e3ec1044bc15acceb9f05f6a7edfa643696d377fa7e35abc4,0.0,9.229455115901432,LB,106,1,time_critical_lightweight,task_time_critical_lightweight_2,emergency,0,1,0.9049880278821211
90171fbe6c43d824744bf74c21cfb67be192844fb30442991e2a129a5952d714,27,1,uav_1,540.0,27,1.0,beta_c_0.28,13800.0,690,50.0,0,,-1,E7,delivered,0,27,LB-v1-20260822,50.0,26,87.75778873341304,100.0,ER-HLNS-parallel-rescue,2616.5347358552845,2616.5347358552845,1,a29e9c448318220e3ec1044bc15acceb9f05f6a7edfa643696d377fa7e35abc4,0.0,87.75778873341304,LB,106,1,time_critical_lightweight,task_time_critical_lightweight_3,emergency,0,1,0.7465918500496874
90171fbe6c43d824744bf74c21cfb67be192844fb30442991e2a129a5952d714,84,1,uav_0,1860.0,93,1.0,beta_c_0.28,14400.0,720,50.0,0,,-1,E7,delivered,9,93,LB-v1-20260822,50.0,92,53.75015812871209,100.0,ER-HLNS-parallel-rescue,4481.754838637108,4481.754838637108,1,a29e9c448318220e3ec1044bc15acceb9f05f6a7edfa643696d377fa7e35abc4,0.0,53.75015812871209,LB,106,1,time_critical_lightweight,task_time_critical_lightweight_4,emergency,0,1,0.7312565824232282
90171fbe6c43d824744bf74c21cfb67be192844fb30442991e2a129a5952d714,73,1,uav_2,3340.0,167,1.0,beta_c_0.28,15000.0,750,50.0,0,,-1,E7,delivered,94,167,LB-v1-20260822,50.0,166,17.160803881756696,100.0,ER-HLNS-parallel-rescue,9318.293364685915,9318.293364685915,1,a29e9c448318220e3ec1044bc15acceb9f05f6a7edfa643696d377fa7e35abc4,0.0,17.160803881756696,LB,106,1,time_critical_lightweight,task_time_critical_lightweight_5,emergency,0,1,0.9426048541447214
90171fbe6c43d824744bf74c21cfb67be192844fb30442991e2a129a5952d714,9,1,uav_2,1880.0,94,1.0,beta_c_0.28,15600.0,780,50.0,0,,-1,E7,delivered,85,94,LB-v1-20260822,50.0,93,54.76564712881875,100.0,ER-HLNS-parallel-rescue,8013.192717317415,8013.192717317415,1,a29e9c448318220e3ec1044bc15acceb9f05f6a7edfa643696d377fa7e35abc4,0.0,54.76564712881875,LB,106,1,time_critical_lightweight,task_time_critical_lightweight_6,emergency,0,1,0.8110072138332803
90171fbe6c43d824744bf74c21cfb67be192844fb30442991e2a129a5952d714,6,0,None,-1.0,-1,0.0,beta_c_0.28,17160.0,858,50.0,1,lifeline_zero,179,E7,failed,148,-1,LB-v1-20260822,0.0,153,0.0,100.0,ER-HLNS-parallel-rescue,13599.829777370682,13599.829777370682,0,a29e9c448318220e3ec1044bc15acceb9f05f6a7edfa643696d377fa7e35abc4,50.0,0.0,LB,106,0,time_critical_lightweight,task_time_critical_lightweight_7,emergency,0,1,0.8975879731334194
90171fbe6c43d824744bf74c21cfb67be192844fb30442991e2a129a5952d714,75,0,None,-1.0,-1,0.0,beta_c_0.28,16800.0,840,50.0,1,lifeline_zero,199,E7,failed,94,-1,LB-v1-20260822,0.0,198,0.0,100.0,ER-HLNS-parallel-rescue,9583.174302716527,9583.174302716527,0,a29e9c448318220e3ec1044bc15acceb9f05f6a7edfa643696d377fa7e35abc4,50.0,0.0,LB,106,0,time_critical_lightweight,task_time_critical_lightweight_8,emergency,0,1,0.9606920144075497
90171fbe6c43d824744bf74c21cfb67be192844fb30442991e2a129a5952d714,21,0,None,-1.0,-1,0.0,beta_c_0.28,18360.0,918,50.0,1,lifeline_zero,220,E7,failed,199,-1,LB-v1-20260822,0.0,219,0.0,100.0,ER-HLNS-parallel-rescue,11419.695818305287,11419.695818305287,0,a29e9c448318220e3ec1044bc15acceb9f05f6a7edfa643696d377fa7e35abc4,50.0,0.0,LB,106,0,time_critical_lightweight,task_time_critical_lightweight_9,emergency,0,1,0.7350690289126702
90171fbe6c43d824744bf74c21cfb67be192844fb30442991e2a129a5952d714,147,1,uav_3,3940.0,197,1.0,beta_c_0.28,18960.0,948,50.0,0,,-1,E7,delivered,14,197,LB-v1-20260822,50.0,196,10.550824341893687,100.0,ER-HLNS-parallel-rescue,9944.256660494088,9944.256660494088,1,a29e9c448318220e3ec1044bc15acceb9f05f6a7edfa643696d377fa7e35abc4,0.0,10.550824341893687,LB,106,1,time_critical_lightweight,task_time_critical_lightweight_10,emergency,0,1,0.8116832852154032
90171fbe6c43d824744bf74c21cfb67be192844fb30442991e2a129a5952d714,118,0,None,-1.0,-1,0.0,beta_c_0.28,18600.0,930,50.0,1,lifeline_zero,215,E7,failed,90,-1,LB-v1-20260822,0.0,219,0.0,100.0,ER-HLNS-parallel-rescue,9249.538160907647,9249.538160907647,0,a29e9c448318220e3ec1044bc15acceb9f05f6a7edfa643696d377fa7e35abc4,50.0,0.0,LB,106,0,time_critical_lightweight,task_time_critical_lightweight_11,emergency,0,1,0.8206547515719875
90171fbe6c43d824744bf74c21cfb67be192844fb30442991e2a129a5952d714,0,1,truck_3,2500.0,125,1.0,beta_c_0.28,19200.0,960,800.0,0,,-1,E7,delivered,-1,125,LB-v1-20260822,800.0,-1,86.53595358227145,100.0,ER-HLNS-parallel-rescue,4676.861376701063,4676.861376701063,1,7054b21277e0434ef8199fddbb234e315d06cfa1bef1b6d2469a266bc3020b59,0.0,86.53595358227145,LB,107,1,routine_bulk,task_routine_bulk_0,normal,1,0,0.5706680857831006
90171fbe6c43d824744bf74c21cfb67be192844fb30442991e2a129a5952d714,62,1,truck_0,2480.0,124,1.0,beta_c_0.28,20400.0,1020,800.0,0,,-1,E7,delivered,62,124,LB-v1-20260822,800.0,123,89.97671937454982,100.0,ER-HLNS-parallel-rescue,4365.266097324558,4365.266097324558,1,7054b21277e0434ef8199fddbb234e315d06cfa1bef1b6d2469a266bc3020b59,0.0,89.97671937454982,LB,107,1,routine_bulk,task_routine_bulk_1,normal,1,0,0.2966517718910157
90171fbe6c43d824744bf74c21cfb67be192844fb30442991e2a129a5952d714,0,1,truck_0,760.0,38,1.0,beta_c_0.28,21600.0,1080,800.0,0,,-1,E7,delivered,-1,38,LB-v1-20260822,800.0,-1,95.95163454467597,100.0,ER-HLNS-parallel-rescue,3168.672550952722,3168.672550952722,1,7054b21277e0434ef8199fddbb234e315d06cfa1bef1b6d2469a266bc3020b59,0.0,95.95163454467597,LB,107,1,routine_bulk,task_routine_bulk_2,normal,1,0,0.5547067970949975
90171fbe6c43d824744bf74c21cfb67be192844fb30442991e2a129a5952d714,0,1,truck_0,2780.0,139,1.0,beta_c_0.28,22800.0,1140,800.0,0,,-1,E7,delivered,-1,139,LB-v1-20260822,800.0,-1,89.38189482261204,100.0,ER-HLNS-parallel-rescue,3245.16352904983,3245.16352904983,1,7054b21277e0434ef8199fddbb234e315d06cfa1bef1b6d2469a266bc3020b59,0.0,89.38189482261204,LB,107,1,routine_bulk,task_routine_bulk_3,normal,1,0,0.2436562031867523
90171fbe6c43d824744bf74c21cfb67be192844fb30442991e2a129a5952d714,64,1,truck_3,3540.0,177,1.0,beta_c_0.28,24000.0,1200,800.0,0,,-1,E7,delivered,109,177,LB-v1-20260822,800.0,172,83.45777799140325,100.0,ER-HLNS-parallel-rescue,5980.171646239756,5980.171646239756,1,7054b21277e0434ef8199fddbb234e315d06cfa1bef1b6d2469a266bc3020b59,0.0,83.45777799140325,LB,107,1,routine_bulk,task_routine_bulk_4,normal,1,0,0.4304808019757515
90171fbe6c43d824744bf74c21cfb67be192844fb30442991e2a129a5952d714,92,1,truck_1,4160.0,208,1.0,beta_c_0.28,25200.0,1260,800.0,0,,-1,E7,delivered,91,208,LB-v1-20260822,800.0,207,80.95692655809873,100.0,ER-HLNS-parallel-rescue,4790.794991940095,4790.794991940095,1,7054b21277e0434ef8199fddbb234e315d06cfa1bef1b6d2469a266bc3020b59,0.0,80.95692655809873,LB,107,1,routine_bulk,task_routine_bulk_5,normal,1,0,0.3804450519899658
90171fbe6c43d824744bf74c21cfb67be192844fb30442991e2a129a5952d714,319,0,None,-1.0,-1,0.0,beta_c_0.28,26400.0,1320,800.0,1,lifeline_zero,1299,E7,failed,157,-1,LB-v1-20260822,0.0,529,0.0,100.0,ER-HLNS-parallel-rescue,9323.57765247018,9323.57765247018,0,7054b21277e0434ef8199fddbb234e315d06cfa1bef1b6d2469a266bc3020b59,800.0,0.0,LB,107,0,routine_bulk,task_routine_bulk_6,normal,1,0,0.2221731791610967
90171fbe6c43d824744bf74c21cfb67be192844fb30442991e2a129a5952d714,69,1,truck_0,4460.0,223,1.0,beta_c_0.28,27600.0,1380,800.0,0,,-1,E7,delivered,124,223,LB-v1-20260822,800.0,222,78.50063667935308,100.0,ER-HLNS-parallel-rescue,2675.351273261336,2675.351273261336,1,7054b21277e0434ef8199fddbb234e315d06cfa1bef1b6d2469a266bc3020b59,0.0,78.50063667935308,LB,107,1,routine_bulk,task_routine_bulk_7,normal,1,0,0.4377062722154169
90171fbe6c43d824744bf74c21cfb67be192844fb30442991e2a129a5952d714,142,1,uav_0,3640.0,182,1.0,beta_c_0.28,12000.0,600,50.0,0,,-1,E7,delivered,22,182,LB-v1-20260822,50.0,181,15.285330285133343,100.0,ER-HLNS-parallel-rescue,5394.62580921223,5394.62580921223,1,7054b21277e0434ef8199fddbb234e315d06cfa1bef1b6d2469a266bc3020b59,0.0,15.285330285133343,LB,107,1,time_critical_lightweight,task_time_critical_lightweight_0,emergency,0,1,0.8302499593770897
90171fbe6c43d824744bf74c21cfb67be192844fb30442991e2a129a5952d714,15,1,uav_3,300.0,15,1.0,beta_c_0.28,12600.0,630,50.0,0,,-1,E7,delivered,0,15,LB-v1-20260822,50.0,14,92.99338648932142,100.0,ER-HLNS-parallel-rescue,1255.9076213524656,1255.9076213524656,1,7054b21277e0434ef8199fddbb234e315d06cfa1bef1b6d2469a266bc3020b59,0.0,92.99338648932142,LB,107,1,time_critical_lightweight,task_time_critical_lightweight_1,emergency,0,1,0.7411016998019768
90171fbe6c43d824744bf74c21cfb67be192844fb30442991e2a129a5952d714,20,1,uav_1,1640.0,82,1.0,beta_c_0.28,14160.0,708,50.0,0,,-1,E7,delivered,62,82,LB-v1-20260822,50.0,81,65.29649875864268,100.0,ER-HLNS-parallel-rescue,8978.493170966221,8978.493170966221,1,7054b21277e0434ef8199fddbb234e315d06cfa1bef1b6d2469a266bc3020b59,0.0,65.29649875864268,LB,107,1,time_critical_lightweight,task_time_critical_lightweight_2,emergency,0,1,0.7545769185202815
90171fbe6c43d824744bf74c21cfb67be192844fb30442991e2a129a5952d714,9,1,uav_5,2140.0,107,1.0,beta_c_0.28,14760.0,738,50.0,0,,-1,E7,delivered,82,107,LB-v1-20260822,50.0,90,52.10299926472728,100.0,ER-HLNS-parallel-rescue,9241.05280832803,9241.05280832803,1,7054b21277e0434ef8199fddbb234e315d06cfa1bef1b6d2469a266bc3020b59,0.0,52.10299926472728,LB,107,1,time_critical_lightweight,task_time_critical_lightweight_3,emergency,0,1,0.8390694278116883
90171fbe6c43d824744bf74c21cfb67be192844fb30442991e2a129a5952d714,28,1,uav_0,560.0,28,1.0,beta_c_0.28,14400.0,720,50.0,0,,-1,E7,delivered,0,28,LB-v1-20260822,50.0,27,87.32349265353359,100.0,ER-HLNS-parallel-rescue,2739.1399798010775,2739.1399798010775,1,7054b21277e0434ef8199fddbb234e315d06cfa1bef1b6d2469a266bc3020b59,0.0,87.32349265353359,LB,107,1,time_critical_lightweight,task_time_critical_lightweight_4,emergency,0,1,0.8046278717993235
90171fbe6c43d824744bf74c21cfb67be192844fb30442991e2a129a5952d714,94,1,uav_3,2180.0,109,1.0,beta_c_0.28,15000.0,750,50.0,0,,-1,E7,delivered,15,109,LB-v1-20260822,50.0,108,47.000024772290026,100.0,ER-HLNS-parallel-rescue,3797.4401881228073,3797.4401881228073,1,7054b21277e0434ef8199fddbb234e315d06cfa1bef1b6d2469a266bc3020b59,0.0,47.000024772290026,LB,107,1,time_critical_lightweight,task_time_critical_lightweight_5,emergency,0,1,0.90085693700648
90171fbe6c43d824744bf74c21cfb67be192844fb30442991e2a129a5952d714,51,0,None,-1.0,-1,0.0,beta_c_0.28,15600.0,780,50.0,1,lifeline_zero,223,E7,failed,152,-1,LB-v1-20260822,0.0,218,0.0,100.0,ER-HLNS-parallel-rescue,5747.812352952764,5747.812352952764,0,7054b21277e0434ef8199fddbb234e315d06cfa1bef1b6d2469a266bc3020b59,50.0,0.0,LB,107,0,time_critical_lightweight,task_time_critical_lightweight_6,emergency,0,1,0.7731538051901221
90171fbe6c43d824744bf74c21cfb67be192844fb30442991e2a129a5952d714,34,1,uav_2,3820.0,191,1.0,beta_c_0.28,17160.0,858,50.0,0,,-1,E7,delivered,157,191,LB-v1-20260822,50.0,190,12.337210131054622,100.0,ER-HLNS-parallel-rescue,9338.434762348648,9338.434762348648,1,7054b21277e0434ef8199fddbb234e315d06cfa1bef1b6d2469a266bc3020b59,0.0,12.337210131054622,LB,107,1,time_critical_lightweight,task_time_critical_lightweight_7,emergency,0,1,0.8164838175840352
90171fbe6c43d824744bf74c21cfb67be192844fb30442991e2a129a5952d714,34,1,uav_4,1060.0,53,1.0,beta_c_0.28,16800.0,840,50.0,0,,-1,E7,delivered,28,53,LB-v1-20260822,50.0,61,72.84156879768678,100.0,ER-HLNS-parallel-rescue,4433.27498858184,4433.27498858184,1,7054b21277e0434ef8199fddbb234e315d06cfa1bef1b6d2469a266bc3020b59,0.0,72.84156879768678,LB,107,1,time_critical_lightweight,task_time_critical_lightweight_8,emergency,0,1,0.969115762600605
90171fbe6c43d824744bf74c21cfb67be192844fb30442991e2a129a5952d714,22,1,uav_2,440.0,22,1.0,beta_c_0.28,17400.0,870,50.0,0,,-1,E7,delivered,0,22,LB-v1-20260822,50.0,21,87.89626509871019,100.0,ER-HLNS-parallel-rescue,1706.9408225484358,1706.9408225484358,1,7054b21277e0434ef8199fddbb234e315d06cfa1bef1b6d2469a266bc3020b59,0.0,87.89626509871019,LB,107,1,time_critical_lightweight,task_time_critical_lightweight_9,emergency,0,1,0.9597035886893125
90171fbe6c43d824744bf74c21cfb67be192844fb30442991e2a129a5952d714,50,1,uav_1,1000.0,50,1.0,beta_c_0.28,18000.0,900,50.0,0,,-1,E7,delivered,0,50,LB-v1-20260822,50.0,49,76.67466646295374,100.0,ER-HLNS-parallel-rescue,3763.818128189182,3763.818128189182,1,7054b21277e0434ef8199fddbb234e315d06cfa1bef1b6d2469a266bc3020b59,0.0,76.67466646295374,LB,107,1,time_critical_lightweight,task_time_critical_lightweight_10,emergency,0,1,0.8653418966582734
90171fbe6c43d824744bf74c21cfb67be192844fb30442991e2a129a5952d714,12,1,uav_5,1160.0,58,1.0,beta_c_0.28,18600.0,930,50.0,0,,-1,E7,delivered,50,58,LB-v1-20260822,50.0,61,71.05945323380162,100.0,ER-HLNS-parallel-rescue,5710.389558214626,5710.389558214626,1,7054b21277e0434ef8199fddbb234e315d06cfa1bef1b6d2469a266bc3020b59,0.0,71.05945323380162,LB,107,1,time_critical_lightweight,task_time_critical_lightweight_11,emergency,0,1,0.961564265025886
90171fbe6c43d824744bf74c21cfb67be192844fb30442991e2a129a5952d714,9,1,truck_3,1860.0,93,1.0,beta_c_0.28,19200.0,960,800.0,0,,-1,E7,delivered,84,93,LB-v1-20260822,800.0,92,89.4473381923459,100.0,ER-HLNS-parallel-rescue,2859.966141595017,2859.966141595017,1,f2ae8345004297b441b2c009258ca3fdd93d52262ec9b5d3ae0640d776960548,0.0,89.4473381923459,LB,108,1,routine_bulk,task_routine_bulk_0,normal,1,0,0.5609855287075038
90171fbe6c43d824744bf74c21cfb67be192844fb30442991e2a129a5952d714,0,1,truck_1,2880.0,144,1.0,beta_c_0.28,20400.0,1020,800.0,0,,-1,E7,delivered,-1,144,LB-v1-20260822,800.0,-1,84.38583506109921,100.0,ER-HLNS-parallel-rescue,5637.344423392569,5637.344423392569,1,f2ae8345004297b441b2c009258ca3fdd93d52262ec9b5d3ae0640d776960548,0.0,84.38583506109921,LB,108,1,routine_bulk,task_routine_bulk_1,normal,1,0,0.501236365885313
90171fbe6c43d824744bf74c21cfb67be192844fb30442991e2a129a5952d714,207,0,None,-1.0,-1,0.0,beta_c_0.28,21600.0,1080,800.0,1,lifeline_zero,962,E7,failed,231,-1,LB-v1-20260822,0.0,437,0.0,100.0,ER-HLNS-parallel-rescue,9942.057192264663,9942.057192264663,0,f2ae8345004297b441b2c009258ca3fdd93d52262ec9b5d3ae0640d776960548,800.0,0.0,LB,108,0,routine_bulk,task_routine_bulk_2,normal,1,0,0.5555026708663071
90171fbe6c43d824744bf74c21cfb67be192844fb30442991e2a129a5952d714,0,1,truck_0,1020.0,51,1.0,beta_c_0.28,22800.0,1140,800.0,0,,-1,E7,delivered,-1,51,LB-v1-20260822,800.0,-1,95.56548672714192,100.0,ER-HLNS-parallel-rescue,4666.121541604554,4666.121541604554,1,f2ae8345004297b441b2c009258ca3fdd93d52262ec9b5d3ae0640d776960548,0.0,95.56548672714192,LB,108,1,routine_bulk,task_routine_bulk_3,normal,1,0,0.3185650985937015
90171fbe6c43d824744bf74c21cfb67be192844fb30442991e2a129a5952d714,178,0,None,-1.0,-1,0.0,beta_c_0.28,24000.0,1200,800.0,1,lifeline_zero,1157,E7,failed,209,-1,LB-v1-20260822,0.0,474,0.0,100.0,ER-HLNS-parallel-rescue,6781.35066497251,6781.35066497251,0,f2ae8345004297b441b2c009258ca3fdd93d52262ec9b5d3ae0640d776960548,800.0,0.0,LB,108,0,routine_bulk,task_routine_bulk_4,normal,1,0,0.34064574335616304
90171fbe6c43d824744bf74c21cfb67be192844fb30442991e2a129a5952d714,0,1,truck_1,1140.0,57,1.0,beta_c_0.28,25200.0,1260,800.0,0,,-1,E7,delivered,-1,57,LB-v1-20260822,800.0,-1,95.20410833797288,100.0,ER-HLNS-parallel-rescue,4155.704745337662,4155.704745337662,1,f2ae8345004297b441b2c009258ca3fdd93d52262ec9b5d3ae0640d776960548,0.0,95.20410833797288,LB,108,1,routine_bulk,task_routine_bulk_5,normal,1,0,0.25864485362533485
90171fbe6c43d824744bf74c21cfb67be192844fb30442991e2a129a5952d714,146,0,None,-1.0,-1,0.0,beta_c_0.28,26400.0,1320,800.0,1,lifeline_zero,1141,E7,failed,215,-1,LB-v1-20260822,0.0,578,0.0,100.0,ER-HLNS-parallel-rescue,10185.81922082076,10185.81922082076,0,f2ae8345004297b441b2c009258ca3fdd93d52262ec9b5d3ae0640d776960548,800.0,0.0,LB,108,0,routine_bulk,task_routine_bulk_6,normal,1,0,0.343202237017046
90171fbe6c43d824744bf74c21cfb67be192844fb30442991e2a129a5952d714,17,1,truck_1,5240.0,262,1.0,beta_c_0.28,27600.0,1380,800.0,0,,-1,E7,delivered,209,262,LB-v1-20260822,800.0,230,69.95446729799477,100.0,ER-HLNS-parallel-rescue,7723.085120746713,7723.085120746713,1,f2ae8345004297b441b2c009258ca3fdd93d52262ec9b5d3ae0640d776960548,0.0,69.95446729799477,LB,108,1,routine_bulk,task_routine_bulk_7,normal,1,0,0.5744015331175518
90171fbe6c43d824744bf74c21cfb67be192844fb30442991e2a129a5952d714,28,1,uav_2,1520.0,76,1.0,beta_c_0.28,12000.0,600,50.0,0,,-1,E7,delivered,48,76,LB-v1-20260822,50.0,75,66.06348109604124,100.0,ER-HLNS-parallel-rescue,6586.287052661501,6586.287052661501,1,f2ae8345004297b441b2c009258ca3fdd93d52262ec9b5d3ae0640d776960548,0.0,66.06348109604124,LB,108,1,time_critical_lightweight,task_time_critical_lightweight_0,emergency,0,1,0.7335914098601112
90171fbe6c43d824744bf74c21cfb67be192844fb30442991e2a129a5952d714,48,0,None,-1.0,-1,0.0,beta_c_0.28,12600.0,630,50.0,1,lifeline_zero,198,E7,failed,145,-1,LB-v1-20260822,0.0,192,0.0,100.0,ER-HLNS-parallel-rescue,7574.794648674728,7574.794648674728,0,f2ae8345004297b441b2c009258ca3fdd93d52262ec9b5d3ae0640d776960548,50.0,0.0,LB,108,0,time_critical_lightweight,task_time_critical_lightweight_1,emergency,0,1,0.8868543307242109
90171fbe6c43d824744bf74c21cfb67be192844fb30442991e2a129a5952d714,0,0,None,-1.0,-1,0.0,beta_c_0.28,14160.0,708,50.0,1,lifeline_zero,182,E7,failed,-1,-1,LB-v1-20260822,0.0,-1,0.0,100.0,ER-HLNS-parallel-rescue,11991.929167998902,11991.929167998902,0,f2ae8345004297b441b2c009258ca3fdd93d52262ec9b5d3ae0640d776960548,50.0,0.0,LB,108,0,time_critical_lightweight,task_time_critical_lightweight_2,emergency,0,1,0.8622104462015817
90171fbe6c43d824744bf74c21cfb67be192844fb30442991e2a129a5952d714,0,0,None,-1.0,-1,0.0,beta_c_0.28,13800.0,690,50.0,1,lifeline_zero,182,E7,failed,-1,-1,LB-v1-20260822,0.0,-1,0.0,100.0,ER-HLNS-parallel-rescue,14817.022911695385,14817.022911695385,0,f2ae8345004297b441b2c009258ca3fdd93d52262ec9b5d3ae0640d776960548,50.0,0.0,LB,108,0,time_critical_lightweight,task_time_critical_lightweight_3,emergency,0,1,0.8776064072695569
90171fbe6c43d824744bf74c21cfb67be192844fb30442991e2a129a5952d714,71,1,uav_0,1420.0,71,1.0,beta_c_0.28,14400.0,720,50.0,0,,-1,E7,delivered,0,71,LB-v1-20260822,50.0,70,62.4943390686642,100.0,ER-HLNS-parallel-rescue,4754.029733786183,4754.029733786183,1,f2ae8345004297b441b2c009258ca3fdd93d52262ec9b5d3ae0640d776960548,0.0,62.4943390686642,LB,108,1,time_critical_lightweight,task_time_critical_lightweight_4,emergency,0,1,0.9812414865193095
90171fbe6c43d824744bf74c21cfb67be192844fb30442991e2a129a5952d714,38,0,None,-1.0,-1,0.0,beta_c_0.28,15960.0,798,50.0,1,lifeline_zero,231,E7,failed,193,-1,LB-v1-20260822,0.0,230,0.0,100.0,ER-HLNS-parallel-rescue,5403.282100579913,5403.282100579913,0,f2ae8345004297b441b2c009258ca3fdd93d52262ec9b5d3ae0640d776960548,50.0,0.0,LB,108,0,time_critical_lightweight,task_time_critical_lightweight_5,emergency,0,1,0.7361653400527843
90171fbe6c43d824744bf74c21cfb67be192844fb30442991e2a129a5952d714,67,1,uav_1,1340.0,67,1.0,beta_c_0.28,15600.0,780,50.0,0,,-1,E7,delivered,0,67,LB-v1-20260822,50.0,66,67.12250021351826,100.0,ER-HLNS-parallel-rescue,3513.9142900961356,3513.9142900961356,1,f2ae8345004297b441b2c009258ca3fdd93d52262ec9b5d3ae0640d776960548,0.0,67.12250021351826,LB,108,1,time_critical_lightweight,task_time_critical_lightweight_6,emergency,0,1,0.8281854223501783
90171fbe6c43d824744bf74c21cfb67be192844fb30442991e2a129a5952d714,120,0,None,-1.0,-1,0.0,beta_c_0.28,16200.0,810,50.0,1,lifeline_zero,187,E7,failed,67,-1,LB-v1-20260822,0.0,186,0.0,100.0,ER-HLNS-parallel-rescue,7067.058621787813,7067.058621787813,0,f2ae8345004297b441b2c009258ca3fdd93d52262ec9b5d3ae0640d776960548,50.0,0.0,LB,108,0,time_critical_lightweight,task_time_critical_lightweight_7,emergency,0,1,0.9473833365764368
90171fbe6c43d824744bf74c21cfb67be192844fb30442991e2a129a5952d714,149,0,None,-1.0,-1,0.0,beta_c_0.28,17760.0,888,50.0,1,lifeline_zero,220,E7,failed,71,-1,LB-v1-20260822,0.0,219,0.0,100.0,ER-HLNS-parallel-rescue,5522.774919186775,5522.774919186775,0,f2ae8345004297b441b2c009258ca3fdd93d52262ec9b5d3ae0640d776960548,50.0,0.0,LB,108,0,time_critical_lightweight,task_time_critical_lightweight_8,emergency,0,1,0.7862908118294443
90171fbe6c43d824744bf74c21cfb67be192844fb30442991e2a129a5952d714,152,0,None,-1.0,-1,0.0,beta_c_0.28,17400.0,870,50.0,1,lifeline_zero,209,E7,failed,0,-1,LB-v1-20260822,0.0,208,0.0,100.0,ER-HLNS-parallel-rescue,7007.472939544873,7007.472939544873,0,f2ae8345004297b441b2c009258ca3fdd93d52262ec9b5d3ae0640d776960548,50.0,0.0,LB,108,0,time_critical_lightweight,task_time_critical_lightweight_9,emergency,0,1,0.8110961246662984
90171fbe6c43d824744bf74c21cfb67be192844fb30442991e2a129a5952d714,133,0,None,-1.0,-1,0.0,beta_c_0.28,18000.0,900,50.0,1,lifeline_zero,202,E7,failed,76,-1,LB-v1-20260822,0.0,208,0.0,100.0,ER-HLNS-parallel-rescue,6550.917811156877,6550.917811156877,0,f2ae8345004297b441b2c009258ca3fdd93d52262ec9b5d3ae0640d776960548,50.0,0.0,LB,108,0,time_critical_lightweight,task_time_critical_lightweight_10,emergency,0,1,0.9060906911985231
90171fbe6c43d824744bf74c21cfb67be192844fb30442991e2a129a5952d714,48,1,uav_2,960.0,48,1.0,beta_c_0.28,18600.0,930,50.0,0,,-1,E7,delivered,0,48,LB-v1-20260822,50.0,47,76.09459719245876,100.0,ER-HLNS-parallel-rescue,4254.156063356919,4254.156063356919,1,f2ae8345004297b441b2c009258ca3fdd93d52262ec9b5d3ae0640d776960548,0.0,76.09459719245876,LB,108,1,time_critical_lightweight,task_time_critical_lightweight_11,emergency,0,1,0.8683274098138106
90171fbe6c43d824744bf74c21cfb67be192844fb30442991e2a129a5952d714,12,0,None,-1.0,-1,0.0,beta_c_0.28,19200.0,960,800.0,1,deadline_exceeded,961,E7,failed,112,-1,LB-v1-20260822,0.0,123,25.235682663606955,100.0,ER-HLNS-parallel-rescue,10438.47474817182,10438.47474817182,0,d5cd2aba7902c32004cb707183fd5e6b1583f4f08dfccc37dc38ff1cf6567764,800.0,0.0,LB,109,0,routine_bulk,task_routine_bulk_0,normal,1,0,0.24372892426675105
90171fbe6c43d824744bf74c21cfb67be192844fb30442991e2a129a5952d714,24,1,truck_1,2740.0,137,1.0,beta_c_0.28,20400.0,1020,800.0,0,,-1,E7,delivered,112,137,LB-v1-20260822,800.0,136,86.04280410496554,100.0,ER-HLNS-parallel-rescue,7520.043271903724,7520.043271903724,1,d5cd2aba7902c32004cb707183fd5e6b1583f4f08dfccc37dc38ff1cf6567764,0.0,86.04280410496554,LB,109,1,routine_bulk,task_routine_bulk_1,normal,1,0,0.5054521103748251
90171fbe6c43d824744bf74c21cfb67be192844fb30442991e2a129a5952d714,22,1,truck_3,2000.0,100,1.0,beta_c_0.28,21600.0,1080,800.0,0,,-1,E7,delivered,78,100,LB-v1-20260822,800.0,99,92.32313826039042,100.0,ER-HLNS-parallel-rescue,5862.2526887266995,5862.2526887266995,1,d5cd2aba7902c32004cb707183fd5e6b1583f4f08dfccc37dc38ff1cf6567764,0.0,92.32313826039042,LB,109,1,routine_bulk,task_routine_bulk_2,normal,1,0,0.22819223062131908
90171fbe6c43d824744bf74c21cfb67be192844fb30442991e2a129a5952d714,271,1,truck_0,9120.0,456,1.0,beta_c_0.28,22800.0,1140,800.0,0,,-1,E7,delivered,185,456,LB-v1-20260822,800.0,455,49.836337241591494,100.0,ER-HLNS-parallel-rescue,9233.836204566593,9233.836204566593,1,d5cd2aba7902c32004cb707183fd5e6b1583f4f08dfccc37dc38ff1cf6567764,0.0,49.836337241591494,LB,109,1,routine_bulk,task_routine_bulk_3,normal,1,0,0.5591597629199856
90171fbe6c43d824744bf74c21cfb67be192844fb30442991e2a129a5952d714,402,1,truck_0,11960.0,598,1.0,beta_c_0.28,24000.0,1200,800.0,0,,-1,E7,delivered,136,598,LB-v1-20260822,800.0,597,37.4170904608215,100.0,ER-HLNS-parallel-rescue,12264.704525287152,12264.704525287152,1,d5cd2aba7902c32004cb707183fd5e6b1583f4f08dfccc37dc38ff1cf6567764,0.0,37.4170904608215,LB,109,1,routine_bulk,task_routine_bulk_4,normal,1,0,0.5182976821364798
90171fbe6c43d824744bf74c21cfb67be192844fb30442991e2a129a5952d714,12,0,None,-1.0,-1,0.0,beta_c_0.28,25200.0,1260,800.0,1,lifeline_zero,1149,E7,failed,124,-1,LB-v1-20260822,0.0,135,0.0,100.0,ER-HLNS-parallel-rescue,3180.3161628672265,3180.3161628672265,0,d5cd2aba7902c32004cb707183fd5e6b1583f4f08dfccc37dc38ff1cf6567764,800.0,0.0,LB,109,0,routine_bulk,task_routine_bulk_5,normal,1,0,0.27498948731286477
90171fbe6c43d824744bf74c21cfb67be192844fb30442991e2a129a5952d714,58,1,truck_0,10280.0,514,1.0,beta_c_0.28,26400.0,1320,800.0,0,,-1,E7,delivered,456,514,LB-v1-20260822,800.0,513,53.18518633934963,100.0,ER-HLNS-parallel-rescue,7638.021133490483,7638.021133490483,1,d5cd2aba7902c32004cb707183fd5e6b1583f4f08dfccc37dc38ff1cf6567764,0.0,53.18518633934963,LB,109,1,routine_bulk,task_routine_bulk_6,normal,1,0,0.35938088605341784
90171fbe6c43d824744bf74c21cfb67be192844fb30442991e2a129a5952d714,689,0,None,-1.0,-1,0.0,beta_c_0.28,27600.0,1380,800.0,1,lifeline_zero,1050,E7,failed,43,-1,LB-v1-20260822,0.0,1049,0.0,100.0,ER-HLNS-parallel-rescue,8669.41558612628,8669.41558612628,0,d5cd2aba7902c32004cb707183fd5e6b1583f4f08dfccc37dc38ff1cf6567764,800.0,0.0,LB,109,0,routine_bulk,task_routine_bulk_7,normal,1,0,0.4023390026781324
90171fbe6c43d824744bf74c21cfb67be192844fb30442991e2a129a5952d714,21,1,uav_2,420.0,21,1.0,beta_c_0.28,12000.0,600,50.0,0,,-1,E7,delivered,0,21,LB-v1-20260822,50.0,20,89.07894874062055,100.0,ER-HLNS-parallel-rescue,1577.2702063913625,1577.2702063913625,1,d5cd2aba7902c32004cb707183fd5e6b1583f4f08dfccc37dc38ff1cf6567764,0.0,89.07894874062055,LB,109,1,time_critical_lightweight,task_time_critical_lightweight_0,emergency,0,1,0.9897379983613447
90171fbe6c43d824744bf74c21cfb67be192844fb30442991e2a129a5952d714,61,1,uav_1,1220.0,61,1.0,beta_c_0.28,12600.0,630,50.0,0,,-1,E7,delivered,0,61,LB-v1-20260822,50.0,60,73.73289523284699,100.0,ER-HLNS-parallel-rescue,5275.816914731613,5275.816914731613,1,d5cd2aba7902c32004cb707183fd5e6b1583f4f08dfccc37dc38ff1cf6567764,0.0,73.73289523284699,LB,109,1,time_critical_lightweight,task_time_critical_lightweight_1,emergency,0,1,0.706236225687008
90171fbe6c43d824744bf74c21cfb67be192844fb30442991e2a129a5952d714,81,0,None,-1.0,-1,0.0,beta_c_0.28,14160.0,708,50.0,1,lifeline_zero,231,E7,failed,150,-1,LB-v1-20260822,0.0,230,0.0,100.0,ER-HLNS-parallel-rescue,7167.574303002123,7167.574303002123,0,d5cd2aba7902c32004cb707183fd5e6b1583f4f08dfccc37dc38ff1cf6567764,50.0,0.0,LB,109,0,time_critical_lightweight,task_time_critical_lightweight_2,emergency,0,1,0.7651739864753156
90171fbe6c43d824744bf74c21cfb67be192844fb30442991e2a129a5952d714,10,1,uav_5,760.0,38,1.0,beta_c_0.28,13800.0,690,50.0,0,,-1,E7,delivered,33,38,LB-v1-20260822,50.0,42,81.96704267822537,100.0,ER-HLNS-parallel-rescue,4619.729192645459,4619.729192645459,1,d5cd2aba7902c32004cb707183fd5e6b1583f4f08dfccc37dc38ff1cf6567764,0.0,81.96704267822537,LB,109,1,time_critical_lightweight,task_time_critical_lightweight_3,emergency,0,1,0.8801124407111246
90171fbe6c43d824744bf74c21cfb67be192844fb30442991e2a129a5952d714,78,1,uav_4,1540.0,77,1.0,beta_c_0.28,14400.0,720,50.0,0,,-1,E7,delivered,0,77,LB-v1-20260822,50.0,77,63.860456513802724,100.0,ER-HLNS-parallel-rescue,6105.193827786443,6105.193827786443,1,d5cd2aba7902c32004cb707183fd5e6b1583f4f08dfccc37dc38ff1cf6567764,0.0,63.860456513802724,LB,109,1,time_critical_lightweight,task_time_critical_lightweight_4,emergency,0,1,0.8306203940527022
90171fbe6c43d824744bf74c21cfb67be192844fb30442991e2a129a5952d714,28,1,uav_1,1780.0,89,1.0,beta_c_0.28,15000.0,750,50.0,0,,-1,E7,delivered,61,89,LB-v1-20260822,50.0,88,59.21840887287451,100.0,ER-HLNS-parallel-rescue,6540.461456185408,6540.461456185408,1,d5cd2aba7902c32004cb707183fd5e6b1583f4f08dfccc37dc38ff1cf6567764,0.0,59.21840887287451,LB,109,1,time_critical_lightweight,task_time_critical_lightweight_5,emergency,0,1,0.7964834075936699
90171fbe6c43d824744bf74c21cfb67be192844fb30442991e2a129a5952d714,30,1,uav_3,940.0,47,1.0,beta_c_0.28,15600.0,780,50.0,0,,-1,E7,delivered,21,47,LB-v1-20260822,50.0,50,79.31728406734872,100.0,ER-HLNS-parallel-rescue,3351.9343996195735,3351.9343996195735,1,d5cd2aba7902c32004cb707183fd5e6b1583f4f08dfccc37dc38ff1cf6567764,0.0,79.31728406734872,LB,109,1,time_critical_lightweight,task_time_critical_lightweight_6,emergency,0,1,0.7422776363571023
90171fbe6c43d824744bf74c21cfb67be192844fb30442991e2a129a5952d714,58,0,None,-1.0,-1,0.0,beta_c_0.28,17160.0,858,50.0,1,lifeline_zero,208,E7,failed,99,-1,LB-v1-20260822,0.0,184,0.0,100.0,ER-HLNS-parallel-rescue,13138.274295739013,13138.274295739013,0,d5cd2aba7902c32004cb707183fd5e6b1583f4f08dfccc37dc38ff1cf6567764,50.0,0.0,LB,109,0,time_critical_lightweight,task_time_critical_lightweight_7,emergency,0,1,0.9318751313700842
90171fbe6c43d824744bf74c21cfb67be192844fb30442991e2a129a5952d714,24,1,uav_4,2480.0,124,1.0,beta_c_0.28,16800.0,840,50.0,0,,-1,E7,delivered,100,124,LB-v1-20260822,50.0,123,40.32686210005066,100.0,ER-HLNS-parallel-rescue,11519.668044062157,11519.668044062157,1,d5cd2aba7902c32004cb707183fd5e6b1583f4f08dfccc37dc38ff1cf6567764,0.0,40.32686210005066,LB,109,1,time_critical_lightweight,task_time_critical_lightweight_8,emergency,0,1,0.923149714829651
90171fbe6c43d824744bf74c21cfb67be192844fb30442991e2a129a5952d714,62,1,uav_2,2500.0,125,1.0,beta_c_0.28,18360.0,918,50.0,0,,-1,E7,delivered,51,125,LB-v1-20260822,50.0,124,39.908704084143714,100.0,ER-HLNS-parallel-rescue,11888.945353220079,11888.945353220079,1,d5cd2aba7902c32004cb707183fd5e6b1583f4f08dfccc37dc38ff1cf6567764,0.0,39.908704084143714,LB,109,1,time_critical_lightweight,task_time_critical_lightweight_9,emergency,0,1,0.9021797238988898
90171fbe6c43d824744bf74c21cfb67be192844fb30442991e2a129a5952d714,9,1,uav_1,1960.0,98,1.0,beta_c_0.28,18000.0,900,50.0,0,,-1,E7,delivered,89,98,LB-v1-20260822,50.0,97,56.689482892659676,100.0,ER-HLNS-parallel-rescue,7732.639919099127,7732.639919099127,1,d5cd2aba7902c32004cb707183fd5e6b1583f4f08dfccc37dc38ff1cf6567764,0.0,56.689482892659676,LB,109,1,time_critical_lightweight,task_time_critical_lightweight_10,emergency,0,1,0.7471077952711116
90171fbe6c43d824744bf74c21cfb67be192844fb30442991e2a129a5952d714,33,1,uav_0,660.0,33,1.0,beta_c_0.28,18600.0,930,50.0,0,,-1,E7,delivered,0,33,LB-v1-20260822,50.0,32,83.1259225721495,100.0,ER-HLNS-parallel-rescue,3412.6611524252316,3412.6611524252316,1,d5cd2aba7902c32004cb707183fd5e6b1583f4f08dfccc37dc38ff1cf6567764,0.0,83.1259225721495,LB,109,1,time_critical_lightweight,task_time_critical_lightweight_11,emergency,0,1,0.9989661728188876
